ISO-10303-21;
HEADER;
FILE_DESCRIPTION(
  ('This file contains a STEP AP42 implementation'
    ,'as created by ZW3D STEP Interface translator.')
  ,'2;1'
  );
FILE_NAME(
  '睿尔曼柔性机械爪.stp'
  ,'25 410.152334',
  (''),
  ('ZWCAD Software Co.'),
  'Version 1.0',
  'ZW3D to STEP translator',
  ''
  );
FILE_SCHEMA(('AUTOMOTIVE_DESIGN { 1 0 10303 214 1 1 1 1 }'));
ENDSEC;

DATA;

/**File Base Unit**/
#1 = (LENGTH_UNIT()NAMED_UNIT(*)SI_UNIT(.MILLI.,.METRE.));
#2 = (NAMED_UNIT(*)PLANE_ANGLE_UNIT()SI_UNIT($,.RADIAN.));
#3 = (NAMED_UNIT(*)SI_UNIT($,.STERADIAN.)SOLID_ANGLE_UNIT());
#4 = UNCERTAINTY_MEASURE_WITH_UNIT(LENGTH_MEASURE(0.01),#1,'DISTANCE_ACCURACY_VALUE','Maximum Tolerance applied to model');
#5 = (GEOMETRIC_REPRESENTATION_CONTEXT(3)GLOBAL_UNCERTAINTY_ASSIGNED_CONTEXT((#4))GLOBAL_UNIT_ASSIGNED_CONTEXT((#1,#2,#3))REPRESENTATION_CONTEXT('STEP 203','TOP_LEVEL_ASSEMBLY_PART'));

/**product_definition_shape**/
#6=APPLICATION_CONTEXT('mechanical parts and assemblies' );
#7=DESIGN_CONTEXT('NONE',#6,'design');
#8=MECHANICAL_CONTEXT('NONE',#6,'mechanical');
#9=PRODUCT('0','Part','',(#8));
#10=PRODUCT_DEFINITION_FORMATION_WITH_SPECIFIED_SOURCE('ANY','',#9,.NOT_KNOWN.);
#11=PRODUCT_DEFINITION('UNKNOWN','',#10,#7);
#12=PRODUCT_DEFINITION_SHAPE('NONE','NONE',#11);
#13=PRODUCT_RELATED_PRODUCT_CATEGORY('detail','',(#9));
/**geometry information**/
#14=CARTESIAN_POINT('',(0.,0.,0.));
#15=DIRECTION('',(0.,0.,1.));
#16=DIRECTION('',(1.,0.,0.));
#17=AXIS2_PLACEMENT_3D('',#14,#15,#16);
#18=APPLICATION_CONTEXT('part');
#19=MECHANICAL_CONTEXT('none',#18,'component');
#20=PRODUCT('FA2-RM100','FA2-RM100','',(#19));
#21=PRODUCT_RELATED_PRODUCT_CATEGORY('detail','',(#20));
#22=PRODUCT_DEFINITION_FORMATION_WITH_SPECIFIED_SOURCE('ANY','UNSPECIFIED',#20,.NOT_KNOWN.);
#23=APPLICATION_CONTEXT('part');
#24=APPLICATION_PROTOCOL_DEFINITION('international standard','config_control_design',1994,#23);
#25=DESIGN_CONTEXT('detailed',#23,'design');
#26=PRODUCT_DEFINITION('','UNSPECIFIED',#22,#25);
#27=PRODUCT_DEFINITION_SHAPE('NONE','NONE',#26);
#28=SHAPE_REPRESENTATION('FA2-RM100',(#17),#5);
#29=SHAPE_DEFINITION_REPRESENTATION(#27,#28);
#30=CARTESIAN_POINT('',(0.,0.,0.));
#31=DIRECTION('',(0.,0.,1.));
#32=DIRECTION('',(1.,0.,0.));
#33=AXIS2_PLACEMENT_3D('',#30,#31,#32);
#34=APPLICATION_CONTEXT('part');
#35=MECHANICAL_CONTEXT('none',#34,'component');
#36=PRODUCT('FAMR100-摆动','FAMR100-摆动','',(#35));
#37=PRODUCT_RELATED_PRODUCT_CATEGORY('detail','',(#36));
#38=PRODUCT_DEFINITION_FORMATION_WITH_SPECIFIED_SOURCE('ANY','UNSPECIFIED',#36,.NOT_KNOWN.);
#39=APPLICATION_CONTEXT('part');
#40=APPLICATION_PROTOCOL_DEFINITION('international standard','config_control_design',1994,#39);
#41=DESIGN_CONTEXT('detailed',#39,'design');
#42=PRODUCT_DEFINITION('','UNSPECIFIED',#38,#41);
#43=PRODUCT_DEFINITION_SHAPE('NONE','NONE',#42);
#44=SHAPE_REPRESENTATION('FAMR100-摆动',(#33),#5);
#45=SHAPE_DEFINITION_REPRESENTATION(#43,#44);
#46=CARTESIAN_POINT('',(10.912886316709,31.853871498696,37.590351273587));
#47=DIRECTION('',(-0.99999999983852,-1.797081969806E-05,-4.2632564145462E-14));
#48=DIRECTION('',(5.6987951511624E-14,-5.0898329898739E-15,-1.));
#49=AXIS2_PLACEMENT_3D('',#46,#48,#47);
#50=CYLINDRICAL_SURFACE('',#49,0.50000000000169);
#51=CARTESIAN_POINT('',(10.420482440195,31.940695587531,37.586712266079));
#52=VERTEX_POINT('',#51);
#53=CARTESIAN_POINT('',(10.412886316702,31.853871498697,37.590351273587));
#54=VERTEX_POINT('',#53);
#55=CARTESIAN_POINT('',(10.420482440195,31.940695587531,37.586712266079));
#56=CARTESIAN_POINT('',(10.415424797657,31.912012271353,37.587914453218));
#57=CARTESIAN_POINT('',(10.412886316702,31.882997301261,37.589130540774));
#58=CARTESIAN_POINT('',(10.412886316702,31.853871498697,37.590351273587));
#59=(BOUNDED_CURVE()B_SPLINE_CURVE(3,(#55,#56,#57,#58),.UNSPECIFIED.,.F.,.U.)B_SPLINE_CURVE_WITH_KNOTS((4,4),(4.7123889803847,4.8869219055841),.UNSPECIFIED.)CURVE()GEOMETRIC_REPRESENTATION_ITEM()RATIONAL_B_SPLINE_CURVE((1.,0.99746313206116,0.99746313206116,1.))REPRESENTATION_ITEM(''));
#60=EDGE_CURVE('',#52,#54,#59,.T.);
#61=ORIENTED_EDGE('',*,*,#60,.T.);
#62=CARTESIAN_POINT('',(10.412886316702,31.853871498697,18.046294785774));
#63=VERTEX_POINT('',#62);
#64=CARTESIAN_POINT('',(10.412886316702,31.853871498697,37.590351273587));
#65=DIRECTION('',(0.,0.,-1.));
#66=VECTOR('',#65,19.544056487813);
#67=LINE('',#64,#66);
#68=EDGE_CURVE('',#54,#63,#67,.T.);
#69=ORIENTED_EDGE('',*,*,#68,.T.);
#70=CARTESIAN_POINT('',(10.420482440195,31.940695587531,18.049933793282));
#71=VERTEX_POINT('',#70);
#72=CARTESIAN_POINT('',(10.412886316702,31.853871498697,18.046294785774));
#73=CARTESIAN_POINT('',(10.412886316702,31.882997301261,18.047515518587));
#74=CARTESIAN_POINT('',(10.415424797657,31.912012271353,18.048731606143));
#75=CARTESIAN_POINT('',(10.420482440195,31.940695587531,18.049933793282));
#76=(BOUNDED_CURVE()B_SPLINE_CURVE(3,(#72,#73,#74,#75),.UNSPECIFIED.,.F.,.U.)B_SPLINE_CURVE_WITH_KNOTS((4,4),(4.5378560551853,4.7123889803847),.UNSPECIFIED.)CURVE()GEOMETRIC_REPRESENTATION_ITEM()RATIONAL_B_SPLINE_CURVE((1.,0.99746313206116,0.99746313206116,1.))REPRESENTATION_ITEM(''));
#77=EDGE_CURVE('',#63,#71,#76,.T.);
#78=ORIENTED_EDGE('',*,*,#77,.T.);
#79=CARTESIAN_POINT('',(10.420482440195,31.940695587531,18.049933793282));
#80=DIRECTION('',(0.,0.,1.));
#81=VECTOR('',#80,19.536778472797);
#82=LINE('',#79,#81);
#83=EDGE_CURVE('',#71,#52,#82,.T.);
#84=ORIENTED_EDGE('',*,*,#83,.T.);
#85=EDGE_LOOP('',(#61,#69,#78,#84));
#86=FACE_OUTER_BOUND('',#85,.T.);
#87=ADVANCED_FACE('',(#86),#50,.F.);
#88=CARTESIAN_POINT('',(33.768625279025,72.469499091406,19.748593948429));
#89=DIRECTION('',(0.99999999983852,-1.7970821829581E-05,0.));
#90=DIRECTION('',(0.,0.,1.));
#91=AXIS2_PLACEMENT_3D('',#88,#90,#89);
#92=CYLINDRICAL_SURFACE('',#91,0.50000000000469);
#93=CARTESIAN_POINT('',(34.261029155536,72.55632318024,19.752232955936));
#94=VERTEX_POINT('',#93);
#95=CARTESIAN_POINT('',(34.26862527903,72.469499091406,19.748593948429));
#96=VERTEX_POINT('',#95);
#97=CARTESIAN_POINT('',(34.261029155536,72.55632318024,19.752232955936));
#98=CARTESIAN_POINT('',(34.266086798074,72.527639864062,19.751030768798));
#99=CARTESIAN_POINT('',(34.26862527903,72.49862489397,19.749814681242));
#100=CARTESIAN_POINT('',(34.26862527903,72.469499091406,19.748593948429));
#101=(BOUNDED_CURVE()B_SPLINE_CURVE(3,(#97,#98,#99,#100),.UNSPECIFIED.,.F.,.U.)B_SPLINE_CURVE_WITH_KNOTS((4,4),(4.7123889803847,4.8869219055841),.UNSPECIFIED.)CURVE()GEOMETRIC_REPRESENTATION_ITEM()RATIONAL_B_SPLINE_CURVE((1.,0.99746313206116,0.99746313206116,1.))REPRESENTATION_ITEM(''));
#102=EDGE_CURVE('',#94,#96,#101,.T.);
#103=ORIENTED_EDGE('',*,*,#102,.T.);
#104=CARTESIAN_POINT('',(34.26862527903,72.469499091406,35.888052110932));
#105=VERTEX_POINT('',#104);
#106=CARTESIAN_POINT('',(34.26862527903,72.469499091406,19.748593948429));
#107=DIRECTION('',(0.,0.,1.));
#108=VECTOR('',#107,16.139458162503);
#109=LINE('',#106,#108);
#110=EDGE_CURVE('',#96,#105,#109,.T.);
#111=ORIENTED_EDGE('',*,*,#110,.T.);
#112=CARTESIAN_POINT('',(34.261029155536,72.55632318024,35.884413103425));
#113=VERTEX_POINT('',#112);
#114=CARTESIAN_POINT('',(34.26862527903,72.469499091406,35.888052110932));
#115=CARTESIAN_POINT('',(34.26862527903,72.49862489397,35.886831378119));
#116=CARTESIAN_POINT('',(34.266086798074,72.527639864062,35.885615290563));
#117=CARTESIAN_POINT('',(34.261029155536,72.55632318024,35.884413103425));
#118=(BOUNDED_CURVE()B_SPLINE_CURVE(3,(#114,#115,#116,#117),.UNSPECIFIED.,.F.,.U.)B_SPLINE_CURVE_WITH_KNOTS((4,4),(4.5378560551853,4.7123889803847),.UNSPECIFIED.)CURVE()GEOMETRIC_REPRESENTATION_ITEM()RATIONAL_B_SPLINE_CURVE((1.,0.99746313206116,0.99746313206116,1.))REPRESENTATION_ITEM(''));
#119=EDGE_CURVE('',#105,#113,#118,.T.);
#120=ORIENTED_EDGE('',*,*,#119,.T.);
#121=CARTESIAN_POINT('',(34.261029155536,72.55632318024,35.884413103425));
#122=DIRECTION('',(0.,0.,-1.));
#123=VECTOR('',#122,16.132180147489);
#124=LINE('',#121,#123);
#125=EDGE_CURVE('',#113,#94,#124,.T.);
#126=ORIENTED_EDGE('',*,*,#125,.T.);
#127=EDGE_LOOP('',(#103,#111,#120,#126));
#128=FACE_OUTER_BOUND('',#127,.T.);
#129=ADVANCED_FACE('',(#128),#92,.F.);
#130=CARTESIAN_POINT('',(35.527061383423,62.496912381643,19.330618725301));
#131=DIRECTION('',(0.99999999983852,-1.797082232741E-05,0.));
#132=DIRECTION('',(0.,0.,1.));
#133=AXIS2_PLACEMENT_3D('',#130,#132,#131);
#134=CYLINDRICAL_SURFACE('',#133,0.49999999999218);
#135=CARTESIAN_POINT('',(36.019465259922,62.583736470476,19.334257732809));
#136=VERTEX_POINT('',#135);
#137=CARTESIAN_POINT('',(36.027061383416,62.496912381643,19.330618725301));
#138=VERTEX_POINT('',#137);
#139=CARTESIAN_POINT('',(36.019465259922,62.583736470476,19.334257732809));
#140=CARTESIAN_POINT('',(36.02452290246,62.555053154299,19.33305554567));
#141=CARTESIAN_POINT('',(36.027061383416,62.526038184207,19.331839458114));
#142=CARTESIAN_POINT('',(36.027061383416,62.496912381643,19.330618725301));
#143=(BOUNDED_CURVE()B_SPLINE_CURVE(3,(#139,#140,#141,#142),.UNSPECIFIED.,.F.,.U.)B_SPLINE_CURVE_WITH_KNOTS((4,4),(4.7123889803847,4.8869219055841),.UNSPECIFIED.)CURVE()GEOMETRIC_REPRESENTATION_ITEM()RATIONAL_B_SPLINE_CURVE((1.,0.99746313206116,0.99746313206116,1.))REPRESENTATION_ITEM(''));
#144=EDGE_CURVE('',#136,#138,#143,.T.);
#145=ORIENTED_EDGE('',*,*,#144,.T.);
#146=CARTESIAN_POINT('',(36.027061383416,62.496912381643,36.30602733406));
#147=VERTEX_POINT('',#146);
#148=CARTESIAN_POINT('',(36.027061383416,62.496912381643,19.330618725301));
#149=DIRECTION('',(0.,0.,1.));
#150=VECTOR('',#149,16.975408608759);
#151=LINE('',#148,#150);
#152=EDGE_CURVE('',#138,#147,#151,.T.);
#153=ORIENTED_EDGE('',*,*,#152,.T.);
#154=CARTESIAN_POINT('',(36.019465259922,62.583736470476,36.302388326552));
#155=VERTEX_POINT('',#154);
#156=CARTESIAN_POINT('',(36.027061383416,62.496912381643,36.30602733406));
#157=CARTESIAN_POINT('',(36.027061383416,62.526038184207,36.304806601247));
#158=CARTESIAN_POINT('',(36.02452290246,62.555053154299,36.303590513691));
#159=CARTESIAN_POINT('',(36.019465259922,62.583736470476,36.302388326552));
#160=(BOUNDED_CURVE()B_SPLINE_CURVE(3,(#156,#157,#158,#159),.UNSPECIFIED.,.F.,.U.)B_SPLINE_CURVE_WITH_KNOTS((4,4),(4.5378560551853,4.7123889803847),.UNSPECIFIED.)CURVE()GEOMETRIC_REPRESENTATION_ITEM()RATIONAL_B_SPLINE_CURVE((1.,0.99746313206116,0.99746313206116,1.))REPRESENTATION_ITEM(''));
#161=EDGE_CURVE('',#147,#155,#160,.T.);
#162=ORIENTED_EDGE('',*,*,#161,.T.);
#163=CARTESIAN_POINT('',(36.019465259922,62.583736470476,36.302388326552));
#164=DIRECTION('',(0.,0.,-1.));
#165=VECTOR('',#164,16.968130593743);
#166=LINE('',#163,#165);
#167=EDGE_CURVE('',#155,#136,#166,.T.);
#168=ORIENTED_EDGE('',*,*,#167,.T.);
#169=EDGE_LOOP('',(#145,#153,#162,#168));
#170=FACE_OUTER_BOUND('',#169,.T.);
#171=ADVANCED_FACE('',(#170),#134,.F.);
#172=CARTESIAN_POINT('',(28.49331696587,102.3872592207,21.002519617812));
#173=DIRECTION('',(0.99999999983852,-1.7970821858117E-05,0.));
#174=DIRECTION('',(5.2124650429772E-16,-2.0849860171909E-15,1.));
#175=AXIS2_PLACEMENT_3D('',#172,#174,#173);
#176=CYLINDRICAL_SURFACE('',#175,0.50000000000149);
#177=CARTESIAN_POINT('',(28.985720842378,102.47408330953,21.006158625319));
#178=VERTEX_POINT('',#177);
#179=CARTESIAN_POINT('',(28.993316965872,102.3872592207,21.002519617812));
#180=VERTEX_POINT('',#179);
#181=CARTESIAN_POINT('',(28.985720842378,102.47408330953,21.006158625319));
#182=CARTESIAN_POINT('',(28.990778484917,102.44539999335,21.00495643818));
#183=CARTESIAN_POINT('',(28.993316965872,102.41638502326,21.003740350624));
#184=CARTESIAN_POINT('',(28.993316965872,102.3872592207,21.002519617812));
#185=(BOUNDED_CURVE()B_SPLINE_CURVE(3,(#181,#182,#183,#184),.UNSPECIFIED.,.F.,.U.)B_SPLINE_CURVE_WITH_KNOTS((4,4),(4.7123889803847,4.8869219055841),.UNSPECIFIED.)CURVE()GEOMETRIC_REPRESENTATION_ITEM()RATIONAL_B_SPLINE_CURVE((1.,0.99746313206116,0.99746313206116,1.))REPRESENTATION_ITEM(''));
#186=EDGE_CURVE('',#178,#180,#185,.T.);
#187=ORIENTED_EDGE('',*,*,#186,.T.);
#188=CARTESIAN_POINT('',(28.993316965872,102.3872592207,34.634126441549));
#189=VERTEX_POINT('',#188);
#190=CARTESIAN_POINT('',(28.993316965872,102.3872592207,21.002519617812));
#191=DIRECTION('',(0.,0.,1.));
#192=VECTOR('',#191,13.631606823737);
#193=LINE('',#190,#192);
#194=EDGE_CURVE('',#180,#189,#193,.T.);
#195=ORIENTED_EDGE('',*,*,#194,.T.);
#196=CARTESIAN_POINT('',(28.985720842378,102.47408330953,34.630487434042));
#197=VERTEX_POINT('',#196);
#198=CARTESIAN_POINT('',(28.993316965872,102.3872592207,34.634126441549));
#199=CARTESIAN_POINT('',(28.993316965872,102.41638502326,34.632905708736));
#200=CARTESIAN_POINT('',(28.990778484917,102.44539999335,34.631689621181));
#201=CARTESIAN_POINT('',(28.985720842378,102.47408330953,34.630487434042));
#202=(BOUNDED_CURVE()B_SPLINE_CURVE(3,(#198,#199,#200,#201),.UNSPECIFIED.,.F.,.U.)B_SPLINE_CURVE_WITH_KNOTS((4,4),(4.5378560551853,4.7123889803847),.UNSPECIFIED.)CURVE()GEOMETRIC_REPRESENTATION_ITEM()RATIONAL_B_SPLINE_CURVE((1.,0.99746313206116,0.99746313206116,1.))REPRESENTATION_ITEM(''));
#203=EDGE_CURVE('',#189,#197,#202,.T.);
#204=ORIENTED_EDGE('',*,*,#203,.T.);
#205=CARTESIAN_POINT('',(28.985720842378,102.47408330953,34.630487434042));
#206=DIRECTION('',(0.,0.,-1.));
#207=VECTOR('',#206,13.624328808723);
#208=LINE('',#205,#207);
#209=EDGE_CURVE('',#197,#178,#208,.T.);
#210=ORIENTED_EDGE('',*,*,#209,.T.);
#211=EDGE_LOOP('',(#187,#195,#204,#210));
#212=FACE_OUTER_BOUND('',#211,.T.);
#213=ADVANCED_FACE('',(#212),#176,.F.);
#214=CARTESIAN_POINT('',(30.251753070257,92.414672510933,20.584544394684));
#215=DIRECTION('',(0.99999999983852,-1.7970821602352E-05,7.1054273575918E-15));
#216=DIRECTION('',(-4.1745908995402E-15,0.,1.));
#217=AXIS2_PLACEMENT_3D('',#214,#216,#215);
#218=CYLINDRICAL_SURFACE('',#217,0.50000000000065);
#219=CARTESIAN_POINT('',(30.744156946764,92.501496599766,20.588183402191));
#220=VERTEX_POINT('',#219);
#221=CARTESIAN_POINT('',(30.751753070258,92.414672510933,20.584544394684));
#222=VERTEX_POINT('',#221);
#223=CARTESIAN_POINT('',(30.744156946764,92.501496599766,20.588183402191));
#224=CARTESIAN_POINT('',(30.749214589303,92.472813283588,20.586981215053));
#225=CARTESIAN_POINT('',(30.751753070258,92.443798313496,20.585765127497));
#226=CARTESIAN_POINT('',(30.751753070258,92.414672510933,20.584544394684));
#227=(BOUNDED_CURVE()B_SPLINE_CURVE(3,(#223,#224,#225,#226),.UNSPECIFIED.,.F.,.U.)B_SPLINE_CURVE_WITH_KNOTS((4,4),(4.7123889803847,4.8869219055841),.UNSPECIFIED.)CURVE()GEOMETRIC_REPRESENTATION_ITEM()RATIONAL_B_SPLINE_CURVE((1.,0.99746313206116,0.99746313206116,1.))REPRESENTATION_ITEM(''));
#228=EDGE_CURVE('',#220,#222,#227,.T.);
#229=ORIENTED_EDGE('',*,*,#228,.T.);
#230=CARTESIAN_POINT('',(30.751753070258,92.414672510933,35.052101664677));
#231=VERTEX_POINT('',#230);
#232=CARTESIAN_POINT('',(30.751753070258,92.414672510933,20.584544394684));
#233=DIRECTION('',(0.,0.,1.));
#234=VECTOR('',#233,14.467557269993);
#235=LINE('',#232,#234);
#236=EDGE_CURVE('',#222,#231,#235,.T.);
#237=ORIENTED_EDGE('',*,*,#236,.T.);
#238=CARTESIAN_POINT('',(30.744156946764,92.501496599766,35.04846265717));
#239=VERTEX_POINT('',#238);
#240=CARTESIAN_POINT('',(30.751753070258,92.414672510933,35.052101664677));
#241=CARTESIAN_POINT('',(30.751753070258,92.443798313496,35.050880931864));
#242=CARTESIAN_POINT('',(30.749214589303,92.472813283588,35.049664844308));
#243=CARTESIAN_POINT('',(30.744156946764,92.501496599766,35.04846265717));
#244=(BOUNDED_CURVE()B_SPLINE_CURVE(3,(#240,#241,#242,#243),.UNSPECIFIED.,.F.,.U.)B_SPLINE_CURVE_WITH_KNOTS((4,4),(4.5378560551853,4.7123889803847),.UNSPECIFIED.)CURVE()GEOMETRIC_REPRESENTATION_ITEM()RATIONAL_B_SPLINE_CURVE((1.,0.99746313206116,0.99746313206116,1.))REPRESENTATION_ITEM(''));
#245=EDGE_CURVE('',#231,#239,#244,.T.);
#246=ORIENTED_EDGE('',*,*,#245,.T.);
#247=CARTESIAN_POINT('',(30.744156946764,92.501496599766,35.04846265717));
#248=DIRECTION('',(0.,0.,-1.));
#249=VECTOR('',#248,14.460279254979);
#250=LINE('',#247,#249);
#251=EDGE_CURVE('',#239,#220,#250,.T.);
#252=ORIENTED_EDGE('',*,*,#251,.T.);
#253=EDGE_LOOP('',(#229,#237,#246,#252));
#254=FACE_OUTER_BOUND('',#253,.T.);
#255=ADVANCED_FACE('',(#254),#218,.F.);
#256=CARTESIAN_POINT('',(32.010189174644,82.442085801169,20.166569171556));
#257=DIRECTION('',(0.99999999983852,-1.7970821630811E-05,-7.1054273576065E-15));
#258=DIRECTION('',(4.6430057287649E-16,0.,1.));
#259=AXIS2_PLACEMENT_3D('',#256,#258,#257);
#260=CYLINDRICAL_SURFACE('',#259,0.49999999999961);
#261=CARTESIAN_POINT('',(32.50259305115,82.528909890003,20.170208179064));
#262=VERTEX_POINT('',#261);
#263=CARTESIAN_POINT('',(32.510189174644,82.442085801169,20.166569171556));
#264=VERTEX_POINT('',#263);
#265=CARTESIAN_POINT('',(32.50259305115,82.528909890003,20.170208179064));
#266=CARTESIAN_POINT('',(32.507650693688,82.500226573825,20.169005991925));
#267=CARTESIAN_POINT('',(32.510189174644,82.471211603733,20.167789904369));
#268=CARTESIAN_POINT('',(32.510189174644,82.442085801169,20.166569171556));
#269=(BOUNDED_CURVE()B_SPLINE_CURVE(3,(#265,#266,#267,#268),.UNSPECIFIED.,.F.,.U.)B_SPLINE_CURVE_WITH_KNOTS((4,4),(4.7123889803847,4.8869219055841),.UNSPECIFIED.)CURVE()GEOMETRIC_REPRESENTATION_ITEM()RATIONAL_B_SPLINE_CURVE((1.,0.99746313206116,0.99746313206116,1.))REPRESENTATION_ITEM(''));
#270=EDGE_CURVE('',#262,#264,#269,.T.);
#271=ORIENTED_EDGE('',*,*,#270,.T.);
#272=CARTESIAN_POINT('',(32.510189174644,82.442085801169,35.470076887804));
#273=VERTEX_POINT('',#272);
#274=CARTESIAN_POINT('',(32.510189174644,82.442085801169,20.166569171556));
#275=DIRECTION('',(0.,0.,1.));
#276=VECTOR('',#275,15.303507716248);
#277=LINE('',#274,#276);
#278=EDGE_CURVE('',#264,#273,#277,.T.);
#279=ORIENTED_EDGE('',*,*,#278,.T.);
#280=CARTESIAN_POINT('',(32.50259305115,82.528909890003,35.466437880297));
#281=VERTEX_POINT('',#280);
#282=CARTESIAN_POINT('',(32.510189174644,82.442085801169,35.470076887804));
#283=CARTESIAN_POINT('',(32.510189174644,82.471211603733,35.468856154992));
#284=CARTESIAN_POINT('',(32.507650693688,82.500226573825,35.467640067436));
#285=CARTESIAN_POINT('',(32.50259305115,82.528909890003,35.466437880297));
#286=(BOUNDED_CURVE()B_SPLINE_CURVE(3,(#282,#283,#284,#285),.UNSPECIFIED.,.F.,.U.)B_SPLINE_CURVE_WITH_KNOTS((4,4),(4.5378560551853,4.7123889803847),.UNSPECIFIED.)CURVE()GEOMETRIC_REPRESENTATION_ITEM()RATIONAL_B_SPLINE_CURVE((1.,0.99746313206116,0.99746313206116,1.))REPRESENTATION_ITEM(''));
#287=EDGE_CURVE('',#273,#281,#286,.T.);
#288=ORIENTED_EDGE('',*,*,#287,.T.);
#289=CARTESIAN_POINT('',(32.50259305115,82.528909890003,35.466437880297));
#290=DIRECTION('',(0.,0.,-1.));
#291=VECTOR('',#290,15.296229701233);
#292=LINE('',#289,#291);
#293=EDGE_CURVE('',#281,#262,#292,.T.);
#294=ORIENTED_EDGE('',*,*,#293,.T.);
#295=EDGE_LOOP('',(#271,#279,#288,#294));
#296=FACE_OUTER_BOUND('',#295,.T.);
#297=ADVANCED_FACE('',(#296),#260,.F.);
#298=CARTESIAN_POINT('',(37.285497487798,52.52432567188,18.912643502174));
#299=DIRECTION('',(0.99999999983852,-1.7970821659106E-05,0.));
#300=DIRECTION('',(1.5957069579707E-15,1.1967802184781E-15,1.));
#301=AXIS2_PLACEMENT_3D('',#298,#300,#299);
#302=CYLINDRICAL_SURFACE('',#301,0.50000000000313);
#303=CARTESIAN_POINT('',(37.777901364308,52.611149760713,18.916282509681));
#304=VERTEX_POINT('',#303);
#305=CARTESIAN_POINT('',(37.785497487801,52.52432567188,18.912643502174));
#306=VERTEX_POINT('',#305);
#307=CARTESIAN_POINT('',(37.777901364308,52.611149760713,18.916282509681));
#308=CARTESIAN_POINT('',(37.782959006846,52.582466444535,18.915080322542));
#309=CARTESIAN_POINT('',(37.785497487801,52.553451474444,18.913864234987));
#310=CARTESIAN_POINT('',(37.785497487801,52.52432567188,18.912643502174));
#311=(BOUNDED_CURVE()B_SPLINE_CURVE(3,(#307,#308,#309,#310),.UNSPECIFIED.,.F.,.U.)B_SPLINE_CURVE_WITH_KNOTS((4,4),(4.7123889803847,4.8869219055841),.UNSPECIFIED.)CURVE()GEOMETRIC_REPRESENTATION_ITEM()RATIONAL_B_SPLINE_CURVE((1.,0.99746313206116,0.99746313206116,1.))REPRESENTATION_ITEM(''));
#312=EDGE_CURVE('',#304,#306,#311,.T.);
#313=ORIENTED_EDGE('',*,*,#312,.T.);
#314=CARTESIAN_POINT('',(37.785497487802,52.52432567188,36.724002557187));
#315=VERTEX_POINT('',#314);
#316=CARTESIAN_POINT('',(37.785497487801,52.52432567188,18.912643502174));
#317=DIRECTION('',(5.584974324484E-14,0.,1.));
#318=VECTOR('',#317,17.811359055013);
#319=LINE('',#316,#318);
#320=EDGE_CURVE('',#306,#315,#319,.T.);
#321=ORIENTED_EDGE('',*,*,#320,.T.);
#322=CARTESIAN_POINT('',(37.777901364308,52.611149760713,36.72036354968));
#323=VERTEX_POINT('',#322);
#324=CARTESIAN_POINT('',(37.785497487802,52.52432567188,36.724002557187));
#325=CARTESIAN_POINT('',(37.785497487802,52.553451474444,36.722781824374));
#326=CARTESIAN_POINT('',(37.782959006846,52.582466444535,36.721565736818));
#327=CARTESIAN_POINT('',(37.777901364308,52.611149760713,36.72036354968));
#328=(BOUNDED_CURVE()B_SPLINE_CURVE(3,(#324,#325,#326,#327),.UNSPECIFIED.,.F.,.U.)B_SPLINE_CURVE_WITH_KNOTS((4,4),(4.5378560551853,4.7123889803847),.UNSPECIFIED.)CURVE()GEOMETRIC_REPRESENTATION_ITEM()RATIONAL_B_SPLINE_CURVE((1.,0.99746313206116,0.99746313206116,1.))REPRESENTATION_ITEM(''));
#329=EDGE_CURVE('',#315,#323,#328,.T.);
#330=ORIENTED_EDGE('',*,*,#329,.T.);
#331=CARTESIAN_POINT('',(37.777901364308,52.611149760713,36.72036354968));
#332=DIRECTION('',(0.,0.,-1.));
#333=VECTOR('',#332,17.804081039999);
#334=LINE('',#331,#333);
#335=EDGE_CURVE('',#323,#304,#334,.T.);
#336=ORIENTED_EDGE('',*,*,#335,.T.);
#337=EDGE_LOOP('',(#313,#321,#330,#336));
#338=FACE_OUTER_BOUND('',#337,.T.);
#339=ADVANCED_FACE('',(#338),#302,.F.);
#340=CARTESIAN_POINT('',(38.991035497976,42.851738962116,18.507242004458));
#341=DIRECTION('',(0.99999999983852,-1.7970821900856E-05,0.));
#342=DIRECTION('',(-1.106517029628E-14,-1.1446727892704E-15,1.));
#343=AXIS2_PLACEMENT_3D('',#340,#342,#341);
#344=CYLINDRICAL_SURFACE('',#343,0.49999999999853);
#345=CARTESIAN_POINT('',(39.483439374481,42.93856305095,18.510881011966));
#346=VERTEX_POINT('',#345);
#347=CARTESIAN_POINT('',(39.491035497975,42.851738962116,18.507242004458));
#348=VERTEX_POINT('',#347);
#349=CARTESIAN_POINT('',(39.483439374481,42.93856305095,18.510881011966));
#350=CARTESIAN_POINT('',(39.488497017019,42.909879734772,18.509678824827));
#351=CARTESIAN_POINT('',(39.491035497975,42.88086476468,18.508462737271));
#352=CARTESIAN_POINT('',(39.491035497975,42.851738962116,18.507242004458));
#353=(BOUNDED_CURVE()B_SPLINE_CURVE(3,(#349,#350,#351,#352),.UNSPECIFIED.,.F.,.U.)B_SPLINE_CURVE_WITH_KNOTS((4,4),(4.7123889803847,4.8869219055841),.UNSPECIFIED.)CURVE()GEOMETRIC_REPRESENTATION_ITEM()RATIONAL_B_SPLINE_CURVE((1.,0.99746313206116,0.99746313206116,1.))REPRESENTATION_ITEM(''));
#354=EDGE_CURVE('',#346,#348,#353,.T.);
#355=ORIENTED_EDGE('',*,*,#354,.T.);
#356=CARTESIAN_POINT('',(39.491035497975,42.851738962116,37.129404054903));
#357=VERTEX_POINT('',#356);
#358=CARTESIAN_POINT('',(39.491035497975,42.851738962116,18.507242004458));
#359=DIRECTION('',(0.,0.,1.));
#360=VECTOR('',#359,18.622162050445);
#361=LINE('',#358,#360);
#362=EDGE_CURVE('',#348,#357,#361,.T.);
#363=ORIENTED_EDGE('',*,*,#362,.T.);
#364=CARTESIAN_POINT('',(39.483439374481,42.93856305095,37.125765047395));
#365=VERTEX_POINT('',#364);
#366=CARTESIAN_POINT('',(39.491035497975,42.851738962116,37.129404054903));
#367=CARTESIAN_POINT('',(39.491035497975,42.88086476468,37.12818332209));
#368=CARTESIAN_POINT('',(39.488497017019,42.909879734772,37.126967234534));
#369=CARTESIAN_POINT('',(39.483439374481,42.93856305095,37.125765047395));
#370=(BOUNDED_CURVE()B_SPLINE_CURVE(3,(#366,#367,#368,#369),.UNSPECIFIED.,.F.,.U.)B_SPLINE_CURVE_WITH_KNOTS((4,4),(4.5378560551853,4.7123889803847),.UNSPECIFIED.)CURVE()GEOMETRIC_REPRESENTATION_ITEM()RATIONAL_B_SPLINE_CURVE((1.,0.99746313206116,0.99746313206116,1.))REPRESENTATION_ITEM(''));
#371=EDGE_CURVE('',#357,#365,#370,.T.);
#372=ORIENTED_EDGE('',*,*,#371,.T.);
#373=CARTESIAN_POINT('',(39.483439374481,42.93856305095,37.125765047395));
#374=DIRECTION('',(0.,0.,-1.));
#375=VECTOR('',#374,18.614884035429);
#376=LINE('',#373,#375);
#377=EDGE_CURVE('',#365,#346,#376,.T.);
#378=ORIENTED_EDGE('',*,*,#377,.T.);
#379=EDGE_LOOP('',(#355,#363,#372,#378));
#380=FACE_OUTER_BOUND('',#379,.T.);
#381=ADVANCED_FACE('',(#380),#344,.F.);
#382=CARTESIAN_POINT('',(41.341647408181,54.283469448307,38.31832302968));
#383=DIRECTION('',(0.17364817766692,-0.98480775301221,0.));
#384=DIRECTION('',(0.98480775301221,0.17364817766692,-4.856802232043E-16));
#385=AXIS2_PLACEMENT_3D('',#382,#384,#383);
#386=PLANE('',#385);
#387=CARTESIAN_POINT('',(44.814610961519,34.587314388063,16.706942899568));
#388=VERTEX_POINT('',#387);
#389=CARTESIAN_POINT('',(41.341647408076,54.283469448902,17.4610788048));
#390=VERTEX_POINT('',#389);
#391=CARTESIAN_POINT('',(44.814610961519,34.587314388063,16.706942899568));
#392=DIRECTION('',(-0.1735248624501,0.98410839766503,0.037680018004891));
#393=VECTOR('',#392,20.014212974477);
#394=LINE('',#391,#393);
#395=EDGE_CURVE('',#388,#390,#394,.T.);
#396=ORIENTED_EDGE('',*,*,#395,.T.);
#397=CARTESIAN_POINT('',(29.003977675679,124.2538714987,20.393707545994));
#398=VERTEX_POINT('',#397);
#399=CARTESIAN_POINT('',(41.341647408076,54.283469448902,17.4610788048));
#400=DIRECTION('',(-0.17350044583101,0.98396992413707,0.041240558800007));
#401=VECTOR('',#400,71.110305643906);
#402=LINE('',#399,#401);
#403=EDGE_CURVE('',#390,#398,#402,.T.);
#404=ORIENTED_EDGE('',*,*,#403,.T.);
#405=CARTESIAN_POINT('',(29.003977675679,124.2538714987,35.242938513367));
#406=VERTEX_POINT('',#405);
#407=CARTESIAN_POINT('',(29.003977675679,124.2538714987,20.393707545994));
#408=DIRECTION('',(0.,0.,1.));
#409=VECTOR('',#408,14.849230967373);
#410=LINE('',#407,#409);
#411=EDGE_CURVE('',#398,#406,#410,.T.);
#412=ORIENTED_EDGE('',*,*,#411,.T.);
#413=CARTESIAN_POINT('',(44.814610961519,34.587314388063,39.001080739266));
#414=VERTEX_POINT('',#413);
#415=CARTESIAN_POINT('',(29.003977675679,124.2538714987,35.242938513367));
#416=DIRECTION('',(0.17350044583101,-0.98396992413707,0.041240558799993));
#417=VECTOR('',#416,91.127335207195);
#418=LINE('',#415,#417);
#419=EDGE_CURVE('',#406,#414,#418,.T.);
#420=ORIENTED_EDGE('',*,*,#419,.T.);
#421=CARTESIAN_POINT('',(44.814610961519,34.587314388063,39.001080739266));
#422=DIRECTION('',(0.,0.,-1.));
#423=VECTOR('',#422,22.294137839698);
#424=LINE('',#421,#423);
#425=EDGE_CURVE('',#414,#388,#424,.T.);
#426=ORIENTED_EDGE('',*,*,#425,.T.);
#427=EDGE_LOOP('',(#396,#404,#412,#420,#426));
#428=FACE_OUTER_BOUND('',#427,.T.);
#429=ADVANCED_FACE('',(#428),#386,.T.);
#430=CARTESIAN_POINT('',(74.310031971986,39.788152919563,16.706942899568));
#431=DIRECTION('',(-0.98480775301221,-0.17364817766692,0.));
#432=DIRECTION('',(0.17364817766692,-0.98480775301221,0.));
#433=AXIS2_PLACEMENT_3D('',#430,#432,#431);
#434=PLANE('',#433);
#435=CARTESIAN_POINT('',(41.564745376579,34.014275401762,39.001080739266));
#436=VERTEX_POINT('',#435);
#437=CARTESIAN_POINT('',(44.814610961519,34.587314388063,39.001080739266));
#438=DIRECTION('',(-0.9848077530122,-0.17364817766698,0.));
#439=VECTOR('',#438,3.2999999999997);
#440=LINE('',#437,#439);
#441=EDGE_CURVE('',#414,#436,#440,.T.);
#442=ORIENTED_EDGE('',*,*,#441,.T.);
#443=CARTESIAN_POINT('',(41.564745376579,34.014275401762,37.499803522064));
#444=VERTEX_POINT('',#443);
#445=CARTESIAN_POINT('',(41.564745376579,34.014275401762,39.001080739266));
#446=DIRECTION('',(0.,0.,-1.));
#447=VECTOR('',#446,1.501277217202);
#448=LINE('',#445,#447);
#449=EDGE_CURVE('',#436,#444,#448,.T.);
#450=ORIENTED_EDGE('',*,*,#449,.T.);
#451=CARTESIAN_POINT('',(43.041957006097,34.274747668262,37.488886499543));
#452=VERTEX_POINT('',#451);
#453=CARTESIAN_POINT('',(41.564745376579,34.014275401762,37.499803522064));
#454=DIRECTION('',(0.98478167165999,0.17364357882062,-0.0072778222652413));
#455=VECTOR('',#454,1.5000397266005);
#456=LINE('',#453,#455);
#457=EDGE_CURVE('',#444,#452,#456,.T.);
#458=ORIENTED_EDGE('',*,*,#457,.T.);
#459=CARTESIAN_POINT('',(43.041957006097,34.274747668262,18.147759559818));
#460=VERTEX_POINT('',#459);
#461=CARTESIAN_POINT('',(43.041957006097,34.274747668262,37.488886499543));
#462=DIRECTION('',(0.,0.,-1.));
#463=VECTOR('',#462,19.341126939725);
#464=LINE('',#461,#463);
#465=EDGE_CURVE('',#452,#460,#464,.T.);
#466=ORIENTED_EDGE('',*,*,#465,.T.);
#467=CARTESIAN_POINT('',(41.564745376579,34.014275401762,18.136842537297));
#468=VERTEX_POINT('',#467);
#469=CARTESIAN_POINT('',(43.041957006097,34.274747668262,18.147759559818));
#470=DIRECTION('',(-0.98478167165999,-0.17364357882062,-0.0072778222652413));
#471=VECTOR('',#470,1.5000397266005);
#472=LINE('',#469,#471);
#473=EDGE_CURVE('',#460,#468,#472,.T.);
#474=ORIENTED_EDGE('',*,*,#473,.T.);
#475=CARTESIAN_POINT('',(41.564745376579,34.014275401762,16.706942899568));
#476=VERTEX_POINT('',#475);
#477=CARTESIAN_POINT('',(41.564745376579,34.014275401762,18.136842537297));
#478=DIRECTION('',(0.,0.,-1.));
#479=VECTOR('',#478,1.429899637729);
#480=LINE('',#477,#479);
#481=EDGE_CURVE('',#468,#476,#480,.T.);
#482=ORIENTED_EDGE('',*,*,#481,.T.);
#483=CARTESIAN_POINT('',(41.564745376579,34.014275401762,16.706942899568));
#484=DIRECTION('',(0.9848077530122,0.17364817766698,0.));
#485=VECTOR('',#484,3.2999999999997);
#486=LINE('',#483,#485);
#487=EDGE_CURVE('',#476,#388,#486,.T.);
#488=ORIENTED_EDGE('',*,*,#487,.T.);
#489=ORIENTED_EDGE('',*,*,#425,.F.);
#490=EDGE_LOOP('',(#442,#450,#458,#466,#474,#482,#488,#489));
#491=FACE_OUTER_BOUND('',#490,.T.);
#492=ADVANCED_FACE('',(#491),#434,.T.);
#493=CARTESIAN_POINT('',(70.837068418648,59.484307979807,17.461078804776));
#494=DIRECTION('',(0.,-0.99931124731427,-0.037108368209825));
#495=DIRECTION('',(-0.0065430664609989,0.037107573864812,-0.99928985596931));
#496=AXIS2_PLACEMENT_3D('',#493,#495,#494);
#497=PLANE('',#496);
#498=ORIENTED_EDGE('',*,*,#487,.F.);
#499=CARTESIAN_POINT('',(38.091781823227,53.710430462081,17.461078804779));
#500=VERTEX_POINT('',#499);
#501=CARTESIAN_POINT('',(41.564745376579,34.014275401762,16.706942899568));
#502=DIRECTION('',(-0.17352486245013,0.98410839766502,0.037680018004836));
#503=VECTOR('',#502,20.014212973949);
#504=LINE('',#501,#503);
#505=EDGE_CURVE('',#476,#500,#504,.T.);
#506=ORIENTED_EDGE('',*,*,#505,.T.);
#507=CARTESIAN_POINT('',(38.091781823227,53.710430462081,17.461078804779));
#508=DIRECTION('',(0.98480775298442,0.17364817782452,6.3636638046628E-12));
#509=VECTOR('',#508,3.3000000000004);
#510=LINE('',#507,#509);
#511=EDGE_CURVE('',#500,#390,#510,.T.);
#512=ORIENTED_EDGE('',*,*,#511,.T.);
#513=ORIENTED_EDGE('',*,*,#395,.F.);
#514=EDGE_LOOP('',(#498,#506,#512,#513));
#515=FACE_OUTER_BOUND('',#514,.T.);
#516=ADVANCED_FACE('',(#515),#497,.T.);
#517=CARTESIAN_POINT('',(20.660684594924,50.636857717302,17.461078804776));
#518=DIRECTION('',(0.,-0.99917486788581,-0.040615063527949));
#519=DIRECTION('',(-0.007161347881585,0.040614022044789,-0.99914924626397));
#520=AXIS2_PLACEMENT_3D('',#517,#519,#518);
#521=PLANE('',#520);
#522=CARTESIAN_POINT('',(20.510023408175,111.04465368347,19.917651237169));
#523=VERTEX_POINT('',#522);
#524=CARTESIAN_POINT('',(22.17930182792,120.51160203725,20.290505009571));
#525=VERTEX_POINT('',#524);
#526=CARTESIAN_POINT('',(20.510023408175,111.04465368347,19.917651237169));
#527=DIRECTION('',(0.17351770770178,0.98406782107084,0.038757304431599));
#528=VECTOR('',#527,9.6202194107701);
#529=LINE('',#526,#528);
#530=EDGE_CURVE('',#523,#525,#529,.T.);
#531=ORIENTED_EDGE('',*,*,#530,.T.);
#532=CARTESIAN_POINT('',(25.261708214232,123.59400842356,20.393707545994));
#533=VERTEX_POINT('',#532);
#534=CARTESIAN_POINT('',(22.17930182792,120.51160203725,20.290505009571));
#535=CARTESIAN_POINT('',(22.466214858722,122.13876669265,20.354590547741));
#536=CARTESIAN_POINT('',(23.634543558835,123.30709539276,20.393707545994));
#537=CARTESIAN_POINT('',(25.261708214232,123.59400842356,20.393707545994));
#538=(BOUNDED_CURVE()B_SPLINE_CURVE(3,(#534,#535,#536,#537),.UNSPECIFIED.,.F.,.U.)B_SPLINE_CURVE_WITH_KNOTS((4,4),(3.1415926535898,4.3633231299858),.UNSPECIFIED.)CURVE()GEOMETRIC_REPRESENTATION_ITEM()RATIONAL_B_SPLINE_CURVE((1.,0.87943469619266,0.87943469619266,1.))REPRESENTATION_ITEM(''));
#539=EDGE_CURVE('',#525,#533,#538,.T.);
#540=ORIENTED_EDGE('',*,*,#539,.T.);
#541=CARTESIAN_POINT('',(25.261708214232,123.59400842356,20.393707545994));
#542=DIRECTION('',(0.98480775301196,0.17364817766835,0.));
#543=VECTOR('',#542,3.8000000000016);
#544=LINE('',#541,#543);
#545=EDGE_CURVE('',#533,#398,#544,.T.);
#546=ORIENTED_EDGE('',*,*,#545,.T.);
#547=ORIENTED_EDGE('',*,*,#403,.F.);
#548=ORIENTED_EDGE('',*,*,#511,.F.);
#549=CARTESIAN_POINT('',(28.155859529002,110.05984593046,19.822819062244));
#550=VERTEX_POINT('',#549);
#551=CARTESIAN_POINT('',(38.091781823227,53.710430462081,17.461078804779));
#552=DIRECTION('',(-0.17350044583101,0.98396992413707,0.0412405588));
#553=VECTOR('',#552,57.267416499338);
#554=LINE('',#551,#553);
#555=EDGE_CURVE('',#500,#550,#554,.T.);
#556=ORIENTED_EDGE('',*,*,#555,.T.);
#557=CARTESIAN_POINT('',(21.336375230508,110.05984593046,19.87169734506));
#558=VERTEX_POINT('',#557);
#559=CARTESIAN_POINT('',(28.155859529002,110.05984593046,19.822819062244));
#560=DIRECTION('',(-0.99997431485132,0.,0.0071672615157763));
#561=VECTOR('',#560,6.8196594624612);
#562=LINE('',#559,#561);
#563=EDGE_CURVE('',#550,#558,#562,.T.);
#564=ORIENTED_EDGE('',*,*,#563,.T.);
#565=CARTESIAN_POINT('',(21.336375230508,110.05984593046,19.87169734506));
#566=DIRECTION('',(-0.64237733835956,0.76555550078947,0.03572296702499));
#567=VECTOR('',#566,1.2863962860883);
#568=LINE('',#565,#567);
#569=EDGE_CURVE('',#558,#523,#568,.T.);
#570=ORIENTED_EDGE('',*,*,#569,.T.);
#571=EDGE_LOOP('',(#531,#540,#546,#547,#548,#556,#564,#570));
#572=FACE_OUTER_BOUND('',#571,.T.);
#573=ADVANCED_FACE('',(#572),#521,.T.);
#574=CARTESIAN_POINT('',(29.003977675679,124.2538714987,38.31832302968));
#575=DIRECTION('',(0.98480775301221,0.17364817766692,0.));
#576=DIRECTION('',(-0.17364817766692,0.98480775301221,0.));
#577=AXIS2_PLACEMENT_3D('',#574,#576,#575);
#578=PLANE('',#577);
#579=CARTESIAN_POINT('',(25.261708214232,123.59400842356,35.242938513367));
#580=VERTEX_POINT('',#579);
#581=CARTESIAN_POINT('',(25.261708214232,123.59400842356,20.393707545994));
#582=DIRECTION('',(0.,0.,1.));
#583=VECTOR('',#582,14.849230967373);
#584=LINE('',#581,#583);
#585=EDGE_CURVE('',#533,#580,#584,.T.);
#586=ORIENTED_EDGE('',*,*,#585,.T.);
#587=CARTESIAN_POINT('',(25.261708214232,123.59400842356,35.242938513367));
#588=DIRECTION('',(0.98480775301196,0.17364817766835,0.));
#589=VECTOR('',#588,3.8000000000016);
#590=LINE('',#587,#589);
#591=EDGE_CURVE('',#580,#406,#590,.T.);
#592=ORIENTED_EDGE('',*,*,#591,.T.);
#593=ORIENTED_EDGE('',*,*,#411,.F.);
#594=ORIENTED_EDGE('',*,*,#545,.F.);
#595=EDGE_LOOP('',(#586,#592,#593,#594));
#596=FACE_OUTER_BOUND('',#595,.T.);
#597=ADVANCED_FACE('',(#596),#578,.T.);
#598=CARTESIAN_POINT('',(20.660684594924,50.636857717302,38.175567254585));
#599=DIRECTION('',(0.,0.99917486788581,-0.040615063527949));
#600=DIRECTION('',(-0.0071613478815837,0.040614022044789,0.99914924626397));
#601=AXIS2_PLACEMENT_3D('',#598,#600,#599);
#602=PLANE('',#601);
#603=ORIENTED_EDGE('',*,*,#419,.F.);
#604=ORIENTED_EDGE('',*,*,#591,.F.);
#605=CARTESIAN_POINT('',(22.17930182792,120.51160203725,35.34614104979));
#606=VERTEX_POINT('',#605);
#607=CARTESIAN_POINT('',(25.261708214232,123.59400842356,35.242938513367));
#608=CARTESIAN_POINT('',(23.634543558835,123.30709539276,35.242938513367));
#609=CARTESIAN_POINT('',(22.466214858722,122.13876669265,35.28205551162));
#610=CARTESIAN_POINT('',(22.17930182792,120.51160203725,35.34614104979));
#611=(BOUNDED_CURVE()B_SPLINE_CURVE(3,(#607,#608,#609,#610),.UNSPECIFIED.,.F.,.U.)B_SPLINE_CURVE_WITH_KNOTS((4,4),(5.0614548307835,6.2831853071796),.UNSPECIFIED.)CURVE()GEOMETRIC_REPRESENTATION_ITEM()RATIONAL_B_SPLINE_CURVE((1.,0.87943469619266,0.87943469619266,1.))REPRESENTATION_ITEM(''));
#612=EDGE_CURVE('',#580,#606,#611,.T.);
#613=ORIENTED_EDGE('',*,*,#612,.T.);
#614=CARTESIAN_POINT('',(20.510023408175,111.04465368347,35.718994822192));
#615=VERTEX_POINT('',#614);
#616=CARTESIAN_POINT('',(22.17930182792,120.51160203725,35.34614104979));
#617=DIRECTION('',(-0.17351770770178,-0.98406782107084,0.0387573044316));
#618=VECTOR('',#617,9.6202194107701);
#619=LINE('',#616,#618);
#620=EDGE_CURVE('',#606,#615,#619,.T.);
#621=ORIENTED_EDGE('',*,*,#620,.T.);
#622=CARTESIAN_POINT('',(21.336375230508,110.05984593046,35.764948714301));
#623=VERTEX_POINT('',#622);
#624=CARTESIAN_POINT('',(20.510023408175,111.04465368347,35.718994822192));
#625=DIRECTION('',(0.64237733835956,-0.76555550078947,0.035722967024988));
#626=VECTOR('',#625,1.2863962860883);
#627=LINE('',#624,#626);
#628=EDGE_CURVE('',#615,#623,#627,.T.);
#629=ORIENTED_EDGE('',*,*,#628,.T.);
#630=CARTESIAN_POINT('',(28.155859529002,110.05984593046,35.813826997117));
#631=VERTEX_POINT('',#630);
#632=CARTESIAN_POINT('',(21.336375230508,110.05984593046,35.764948714301));
#633=DIRECTION('',(0.99997431485132,0.,0.0071672615157763));
#634=VECTOR('',#633,6.8196594624612);
#635=LINE('',#632,#634);
#636=EDGE_CURVE('',#623,#631,#635,.T.);
#637=ORIENTED_EDGE('',*,*,#636,.T.);
#638=CARTESIAN_POINT('',(28.155859529002,110.05984593046,35.813826997117));
#639=DIRECTION('',(0.17350044583101,-0.98396992413707,0.041240558799995));
#640=VECTOR('',#639,77.284446062098);
#641=LINE('',#638,#640);
#642=EDGE_CURVE('',#631,#436,#641,.T.);
#643=ORIENTED_EDGE('',*,*,#642,.T.);
#644=ORIENTED_EDGE('',*,*,#441,.F.);
#645=EDGE_LOOP('',(#603,#604,#613,#621,#629,#637,#643,#644));
#646=FACE_OUTER_BOUND('',#645,.T.);
#647=ADVANCED_FACE('',(#646),#602,.T.);
#648=CARTESIAN_POINT('',(27.891186795391,120.19903531745,37.31832302968));
#649=DIRECTION('',(0.17364817766692,-0.98480775301221,0.));
#650=DIRECTION('',(0.98480775301221,0.17364817766692,-5.4161052909559E-16));
#651=AXIS2_PLACEMENT_3D('',#648,#650,#649);
#652=PLANE('',#651);
#653=CARTESIAN_POINT('',(43.921571289367,29.28620717528,37.697968294098));
#654=VERTEX_POINT('',#653);
#655=CARTESIAN_POINT('',(43.921571289366,29.286207175281,17.938677765263));
#656=VERTEX_POINT('',#655);
#657=CARTESIAN_POINT('',(43.921571289367,29.28620717528,37.697968294098));
#658=DIRECTION('',(-5.0703503547342E-14,5.0523703889372E-14,-1.));
#659=VECTOR('',#658,19.759290528835);
#660=LINE('',#657,#659);
#661=EDGE_CURVE('',#654,#656,#660,.T.);
#662=ORIENTED_EDGE('',*,*,#661,.T.);
#663=CARTESIAN_POINT('',(43.921571289366,29.286207175281,17.938677765263));
#664=DIRECTION('',(-0.17350044583098,0.98396992413707,0.041240558799952));
#665=VECTOR('',#664,5.0698099307821);
#666=LINE('',#663,#665);
#667=EDGE_CURVE('',#656,#460,#666,.T.);
#668=ORIENTED_EDGE('',*,*,#667,.T.);
#669=ORIENTED_EDGE('',*,*,#465,.F.);
#670=CARTESIAN_POINT('',(43.041957006097,34.274747668262,37.488886499543));
#671=DIRECTION('',(0.17350044583113,-0.98396992413705,0.041240558799942));
#672=VECTOR('',#671,5.0698099307832);
#673=LINE('',#670,#672);
#674=EDGE_CURVE('',#452,#654,#673,.T.);
#675=ORIENTED_EDGE('',*,*,#674,.T.);
#676=EDGE_LOOP('',(#662,#668,#669,#675));
#677=FACE_OUTER_BOUND('',#676,.T.);
#678=ADVANCED_FACE('',(#677),#652,.T.);
#679=CARTESIAN_POINT('',(28.155859529002,110.05984593046,38.31832302968));
#680=DIRECTION('',(-0.17364817766692,0.98480775301221,0.));
#681=DIRECTION('',(-0.98480775301221,-0.17364817766692,4.856802232043E-16));
#682=AXIS2_PLACEMENT_3D('',#679,#681,#680);
#683=PLANE('',#682);
#684=ORIENTED_EDGE('',*,*,#505,.F.);
#685=ORIENTED_EDGE('',*,*,#481,.F.);
#686=CARTESIAN_POINT('',(28.155859529002,110.05984593046,21.324096279445));
#687=VERTEX_POINT('',#686);
#688=CARTESIAN_POINT('',(41.564745376579,34.014275401762,18.136842537297));
#689=DIRECTION('',(-0.17350044583101,0.98396992413707,0.041240558799982));
#690=VECTOR('',#689,77.284446062098);
#691=LINE('',#688,#690);
#692=EDGE_CURVE('',#468,#687,#691,.T.);
#693=ORIENTED_EDGE('',*,*,#692,.T.);
#694=CARTESIAN_POINT('',(28.155859529002,110.05984593046,21.324096279445));
#695=DIRECTION('',(0.,0.,-1.));
#696=VECTOR('',#695,1.501277217201);
#697=LINE('',#694,#696);
#698=EDGE_CURVE('',#687,#550,#697,.T.);
#699=ORIENTED_EDGE('',*,*,#698,.T.);
#700=ORIENTED_EDGE('',*,*,#555,.F.);
#701=EDGE_LOOP('',(#684,#685,#693,#699,#700));
#702=FACE_OUTER_BOUND('',#701,.T.);
#703=ADVANCED_FACE('',(#702),#683,.T.);
#704=CARTESIAN_POINT('',(22.17930182792,120.51160203725,38.31832302968));
#705=DIRECTION('',(0.17364817766692,0.98480775301221,0.));
#706=DIRECTION('',(-0.98480775301221,0.17364817766692,5.4240924258224E-16));
#707=AXIS2_PLACEMENT_3D('',#704,#706,#705);
#708=PLANE('',#707);
#709=CARTESIAN_POINT('',(20.510023408175,111.04465368347,19.917651237169));
#710=DIRECTION('',(0.,0.,1.));
#711=VECTOR('',#710,15.801343585023);
#712=LINE('',#709,#711);
#713=EDGE_CURVE('',#523,#615,#712,.T.);
#714=ORIENTED_EDGE('',*,*,#713,.T.);
#715=ORIENTED_EDGE('',*,*,#620,.F.);
#716=CARTESIAN_POINT('',(22.17930182792,120.51160203725,35.34614104979));
#717=DIRECTION('',(0.,0.,-1.));
#718=VECTOR('',#717,15.055636040219);
#719=LINE('',#716,#718);
#720=EDGE_CURVE('',#606,#525,#719,.T.);
#721=ORIENTED_EDGE('',*,*,#720,.T.);
#722=ORIENTED_EDGE('',*,*,#530,.F.);
#723=EDGE_LOOP('',(#714,#715,#721,#722));
#724=FACE_OUTER_BOUND('',#723,.T.);
#725=ADVANCED_FACE('',(#724),#708,.T.);
#726=CARTESIAN_POINT('',(25.921571289366,119.85173896212,35.34614104979));
#727=DIRECTION('',(-0.1736480897621,0.9848077685122,-1.8698493046319E-15));
#728=DIRECTION('',(0.,0.,-1.));
#729=AXIS2_PLACEMENT_3D('',#726,#728,#727);
#730=CYLINDRICAL_SURFACE('',#729,3.8);
#731=ORIENTED_EDGE('',*,*,#585,.F.);
#732=ORIENTED_EDGE('',*,*,#539,.F.);
#733=ORIENTED_EDGE('',*,*,#720,.F.);
#734=ORIENTED_EDGE('',*,*,#612,.F.);
#735=EDGE_LOOP('',(#731,#732,#733,#734));
#736=FACE_OUTER_BOUND('',#735,.T.);
#737=ADVANCED_FACE('',(#736),#730,.T.);
#738=CARTESIAN_POINT('',(21.336375230508,110.05984593046,38.31832302968));
#739=DIRECTION('',(0.,0.,1.));
#740=DIRECTION('',(0.,-1.,0.));
#741=AXIS2_PLACEMENT_3D('',#738,#740,#739);
#742=PLANE('',#741);
#743=ORIENTED_EDGE('',*,*,#698,.F.);
#744=CARTESIAN_POINT('',(22.164143131903,110.05984593046,21.324096279445));
#745=VERTEX_POINT('',#744);
#746=CARTESIAN_POINT('',(28.155859529002,110.05984593046,21.324096279445));
#747=DIRECTION('',(-1.,0.,0.));
#748=VECTOR('',#747,5.991716397099);
#749=LINE('',#746,#748);
#750=EDGE_CURVE('',#687,#745,#749,.T.);
#751=ORIENTED_EDGE('',*,*,#750,.T.);
#752=CARTESIAN_POINT('',(22.164143131903,110.05984593046,34.312549779916));
#753=VERTEX_POINT('',#752);
#754=CARTESIAN_POINT('',(22.164143131903,110.05984593046,21.324096279445));
#755=DIRECTION('',(0.,0.,1.));
#756=VECTOR('',#755,12.988453500471);
#757=LINE('',#754,#756);
#758=EDGE_CURVE('',#745,#753,#757,.T.);
#759=ORIENTED_EDGE('',*,*,#758,.T.);
#760=CARTESIAN_POINT('',(28.155859529002,110.05984593046,34.312549779916));
#761=VERTEX_POINT('',#760);
#762=CARTESIAN_POINT('',(22.164143131903,110.05984593046,34.312549779916));
#763=DIRECTION('',(1.,0.,0.));
#764=VECTOR('',#763,5.991716397099);
#765=LINE('',#762,#764);
#766=EDGE_CURVE('',#753,#761,#765,.T.);
#767=ORIENTED_EDGE('',*,*,#766,.T.);
#768=CARTESIAN_POINT('',(28.155859529002,110.05984593046,34.312549779916));
#769=DIRECTION('',(0.,0.,1.));
#770=VECTOR('',#769,1.501277217201);
#771=LINE('',#768,#770);
#772=EDGE_CURVE('',#761,#631,#771,.T.);
#773=ORIENTED_EDGE('',*,*,#772,.T.);
#774=ORIENTED_EDGE('',*,*,#636,.F.);
#775=CARTESIAN_POINT('',(21.336375230508,110.05984593046,35.764948714301));
#776=DIRECTION('',(0.,0.,-1.));
#777=VECTOR('',#776,15.893251369241);
#778=LINE('',#775,#777);
#779=EDGE_CURVE('',#623,#558,#778,.T.);
#780=ORIENTED_EDGE('',*,*,#779,.T.);
#781=ORIENTED_EDGE('',*,*,#563,.F.);
#782=EDGE_LOOP('',(#743,#751,#759,#767,#773,#774,#780,#781));
#783=FACE_OUTER_BOUND('',#782,.T.);
#784=ADVANCED_FACE('',(#783),#742,.T.);
#785=CARTESIAN_POINT('',(28.155859529002,110.05984593046,38.31832302968));
#786=DIRECTION('',(-0.17364817766692,0.98480775301221,0.));
#787=DIRECTION('',(-0.98480775301221,-0.17364817766692,-0.));
#788=AXIS2_PLACEMENT_3D('',#785,#787,#786);
#789=PLANE('',#788);
#790=ORIENTED_EDGE('',*,*,#642,.F.);
#791=ORIENTED_EDGE('',*,*,#772,.F.);
#792=CARTESIAN_POINT('',(28.155859529002,110.05984593046,34.312549779916));
#793=DIRECTION('',(0.17350044583101,-0.98396992413707,0.041240558799982));
#794=VECTOR('',#793,77.284446062098);
#795=LINE('',#792,#794);
#796=EDGE_CURVE('',#761,#444,#795,.T.);
#797=ORIENTED_EDGE('',*,*,#796,.T.);
#798=ORIENTED_EDGE('',*,*,#449,.F.);
#799=EDGE_LOOP('',(#790,#791,#797,#798));
#800=FACE_OUTER_BOUND('',#799,.T.);
#801=ADVANCED_FACE('',(#800),#789,.T.);
#802=CARTESIAN_POINT('',(-3.5784287106335,121.85173896212,33.81832302968));
#803=DIRECTION('',(0.,0.99912283009886,-0.041875653729196));
#804=DIRECTION('',(5.230985561486E-16,0.041875653729196,0.99912283009886));
#805=AXIS2_PLACEMENT_3D('',#802,#804,#803);
#806=PLANE('',#805);
#807=ORIENTED_EDGE('',*,*,#766,.F.);
#808=CARTESIAN_POINT('',(7.9215712893665,29.286207175281,37.697968294098));
#809=VERTEX_POINT('',#808);
#810=CARTESIAN_POINT('',(22.164143131903,110.05984593046,34.312549779916));
#811=DIRECTION('',(-0.17350044583102,-0.98396992413707,0.041240558799987));
#812=VECTOR('',#811,82.089540313965);
#813=LINE('',#810,#812);
#814=EDGE_CURVE('',#753,#809,#813,.T.);
#815=ORIENTED_EDGE('',*,*,#814,.T.);
#816=CARTESIAN_POINT('',(7.9215712893665,22.653871498697,37.975945519562));
#817=VERTEX_POINT('',#816);
#818=CARTESIAN_POINT('',(7.9215712893665,29.286207175281,37.697968294098));
#819=DIRECTION('',(0.,-0.99912283009886,0.041875653729226));
#820=VECTOR('',#819,6.6381584693924);
#821=LINE('',#818,#820);
#822=EDGE_CURVE('',#809,#817,#821,.T.);
#823=ORIENTED_EDGE('',*,*,#822,.T.);
#824=CARTESIAN_POINT('',(15.921571289366,22.653871498697,37.975945519562));
#825=VERTEX_POINT('',#824);
#826=CARTESIAN_POINT('',(7.9215712893665,22.653871498697,37.975945519562));
#827=DIRECTION('',(1.,0.,0.));
#828=VECTOR('',#827,7.9999999999995);
#829=LINE('',#826,#828);
#830=EDGE_CURVE('',#817,#825,#829,.T.);
#831=ORIENTED_EDGE('',*,*,#830,.T.);
#832=CARTESIAN_POINT('',(15.921571289366,25.653871498697,37.850208265439));
#833=VERTEX_POINT('',#832);
#834=CARTESIAN_POINT('',(15.921571289366,22.653871498697,37.975945519562));
#835=DIRECTION('',(0.,0.99912283009885,-0.041875653729411));
#836=VECTOR('',#835,3.0026338200111);
#837=LINE('',#834,#836);
#838=EDGE_CURVE('',#825,#833,#837,.T.);
#839=ORIENTED_EDGE('',*,*,#838,.T.);
#840=CARTESIAN_POINT('',(10.921571289366,25.653871498697,37.850208265439));
#841=VERTEX_POINT('',#840);
#842=CARTESIAN_POINT('',(15.921571289366,25.653871498697,37.850208265439));
#843=DIRECTION('',(-1.,0.,0.));
#844=VECTOR('',#843,5.);
#845=LINE('',#842,#844);
#846=EDGE_CURVE('',#833,#841,#845,.T.);
#847=ORIENTED_EDGE('',*,*,#846,.T.);
#848=CARTESIAN_POINT('',(10.921571289366,28.653871498697,37.724471011317));
#849=VERTEX_POINT('',#848);
#850=CARTESIAN_POINT('',(10.921571289366,25.653871498697,37.850208265439));
#851=DIRECTION('',(0.,0.99912283009886,-0.041875653729078));
#852=VECTOR('',#851,3.002633820011);
#853=LINE('',#850,#852);
#854=EDGE_CURVE('',#841,#849,#853,.T.);
#855=ORIENTED_EDGE('',*,*,#854,.T.);
#856=CARTESIAN_POINT('',(40.921571289366,28.653871498697,37.724471011317));
#857=VERTEX_POINT('',#856);
#858=CARTESIAN_POINT('',(10.921571289366,28.653871498697,37.724471011317));
#859=DIRECTION('',(1.,0.,0.));
#860=VECTOR('',#859,30.);
#861=LINE('',#858,#860);
#862=EDGE_CURVE('',#849,#857,#861,.T.);
#863=ORIENTED_EDGE('',*,*,#862,.T.);
#864=CARTESIAN_POINT('',(40.921571289366,25.653871498697,37.850208265439));
#865=VERTEX_POINT('',#864);
#866=CARTESIAN_POINT('',(40.921571289366,28.653871498697,37.724471011317));
#867=DIRECTION('',(0.,-0.99912283009886,0.041875653729078));
#868=VECTOR('',#867,3.002633820011);
#869=LINE('',#866,#868);
#870=EDGE_CURVE('',#857,#865,#869,.T.);
#871=ORIENTED_EDGE('',*,*,#870,.T.);
#872=CARTESIAN_POINT('',(35.921571289366,25.653871498697,37.850208265439));
#873=VERTEX_POINT('',#872);
#874=CARTESIAN_POINT('',(40.921571289366,25.653871498697,37.850208265439));
#875=DIRECTION('',(-1.,0.,0.));
#876=VECTOR('',#875,5.);
#877=LINE('',#874,#876);
#878=EDGE_CURVE('',#865,#873,#877,.T.);
#879=ORIENTED_EDGE('',*,*,#878,.T.);
#880=CARTESIAN_POINT('',(35.921571289366,22.653871498697,37.975945519562));
#881=VERTEX_POINT('',#880);
#882=CARTESIAN_POINT('',(35.921571289366,25.653871498697,37.850208265439));
#883=DIRECTION('',(0.,-0.99912283009885,0.041875653729411));
#884=VECTOR('',#883,3.0026338200111);
#885=LINE('',#882,#884);
#886=EDGE_CURVE('',#873,#881,#885,.T.);
#887=ORIENTED_EDGE('',*,*,#886,.T.);
#888=CARTESIAN_POINT('',(43.921571289366,22.653871498697,37.975945519562));
#889=VERTEX_POINT('',#888);
#890=CARTESIAN_POINT('',(35.921571289366,22.653871498697,37.975945519562));
#891=DIRECTION('',(1.,0.,0.));
#892=VECTOR('',#891,8.);
#893=LINE('',#890,#892);
#894=EDGE_CURVE('',#881,#889,#893,.T.);
#895=ORIENTED_EDGE('',*,*,#894,.T.);
#896=CARTESIAN_POINT('',(43.921571289366,22.653871498697,37.975945519562));
#897=DIRECTION('',(1.5092517933119E-13,0.99912283009886,-0.041875653729233));
#898=VECTOR('',#897,6.6381584693914);
#899=LINE('',#896,#898);
#900=EDGE_CURVE('',#889,#654,#899,.T.);
#901=ORIENTED_EDGE('',*,*,#900,.T.);
#902=ORIENTED_EDGE('',*,*,#674,.F.);
#903=ORIENTED_EDGE('',*,*,#457,.F.);
#904=ORIENTED_EDGE('',*,*,#796,.F.);
#905=EDGE_LOOP('',(#807,#815,#823,#831,#839,#847,#855,#863,#871,#879,#887,#895,#901,#902,#903,#904));
#906=FACE_OUTER_BOUND('',#905,.T.);
#907=CARTESIAN_POINT('',(12.234962648278,39.851738962116,37.255141309025));
#908=VERTEX_POINT('',#907);
#909=CARTESIAN_POINT('',(39.608179930454,39.851738962116,37.255141309025));
#910=VERTEX_POINT('',#909);
#911=CARTESIAN_POINT('',(12.234962648278,39.851738962116,37.255141309025));
#912=DIRECTION('',(1.,0.,0.));
#913=VECTOR('',#912,27.373217282176);
#914=LINE('',#911,#913);
#915=EDGE_CURVE('',#908,#910,#914,.T.);
#916=ORIENTED_EDGE('',*,*,#915,.T.);
#917=CARTESIAN_POINT('',(40.100583806961,39.43856305095,37.272458510538));
#918=VERTEX_POINT('',#917);
#919=CARTESIAN_POINT('',(39.608179930454,39.851738962116,37.255141309025));
#920=CARTESIAN_POINT('',(39.862036583426,39.851738962116,37.255141309025));
#921=CARTESIAN_POINT('',(40.056502061783,39.68856305095,37.261980406028));
#922=CARTESIAN_POINT('',(40.100583806961,39.43856305095,37.272458510538));
#923=(BOUNDED_CURVE()B_SPLINE_CURVE(3,(#919,#920,#921,#922),.UNSPECIFIED.,.F.,.U.)B_SPLINE_CURVE_WITH_KNOTS((4,4),(3.1415926535898,4.5378560551853),.UNSPECIFIED.)CURVE()GEOMETRIC_REPRESENTATION_ITEM()RATIONAL_B_SPLINE_CURVE((1.,0.84402962874599,0.84402962874599,1.))REPRESENTATION_ITEM(''));
#924=EDGE_CURVE('',#910,#918,#923,.T.);
#925=ORIENTED_EDGE('',*,*,#924,.T.);
#926=CARTESIAN_POINT('',(41.422660138537,31.940695587531,37.586712266079));
#927=VERTEX_POINT('',#926);
#928=CARTESIAN_POINT('',(40.100583806961,39.43856305095,37.272458510538));
#929=DIRECTION('',(0.17350044583091,-0.98396992413709,0.041240558799964));
#930=VECTOR('',#929,7.6200169126047);
#931=LINE('',#928,#930);
#932=EDGE_CURVE('',#918,#927,#931,.T.);
#933=ORIENTED_EDGE('',*,*,#932,.T.);
#934=CARTESIAN_POINT('',(40.930256262031,31.353871498697,37.611307482607));
#935=VERTEX_POINT('',#934);
#936=CARTESIAN_POINT('',(41.422660138537,31.940695587531,37.586712266079));
#937=CARTESIAN_POINT('',(41.480860901493,31.610622658694,37.600546420657));
#938=CARTESIAN_POINT('',(41.265421097835,31.353871498697,37.611307482607));
#939=CARTESIAN_POINT('',(40.930256262031,31.353871498697,37.611307482607));
#940=(BOUNDED_CURVE()B_SPLINE_CURVE(3,(#936,#937,#938,#939),.UNSPECIFIED.,.F.,.U.)B_SPLINE_CURVE_WITH_KNOTS((4,4),(1.3962634015955,3.1415926535898),.UNSPECIFIED.)CURVE()GEOMETRIC_REPRESENTATION_ITEM()RATIONAL_B_SPLINE_CURVE((1.,0.76185840645769,0.76185840645769,1.))REPRESENTATION_ITEM(''));
#941=EDGE_CURVE('',#927,#935,#940,.T.);
#942=ORIENTED_EDGE('',*,*,#941,.T.);
#943=CARTESIAN_POINT('',(10.912886316702,31.353871498697,37.611307482607));
#944=VERTEX_POINT('',#943);
#945=CARTESIAN_POINT('',(40.930256262031,31.353871498697,37.611307482607));
#946=DIRECTION('',(-1.,0.,0.));
#947=VECTOR('',#946,30.017369945329);
#948=LINE('',#945,#947);
#949=EDGE_CURVE('',#935,#944,#948,.T.);
#950=ORIENTED_EDGE('',*,*,#949,.T.);
#951=CARTESIAN_POINT('',(10.912886316702,31.353871498697,37.611307482607));
#952=CARTESIAN_POINT('',(10.619993097888,31.353871498697,37.611307482607));
#953=CARTESIAN_POINT('',(10.412886316702,31.560978279884,37.602627136615));
#954=CARTESIAN_POINT('',(10.412886316702,31.853871498697,37.590351273587));
#955=(BOUNDED_CURVE()B_SPLINE_CURVE(3,(#951,#952,#953,#954),.UNSPECIFIED.,.F.,.U.)B_SPLINE_CURVE_WITH_KNOTS((4,4),(3.1415926535898,4.7123889803847),.UNSPECIFIED.)CURVE()GEOMETRIC_REPRESENTATION_ITEM()RATIONAL_B_SPLINE_CURVE((1.,0.80473785412437,0.80473785412437,1.))REPRESENTATION_ITEM(''));
#956=EDGE_CURVE('',#944,#54,#955,.T.);
#957=ORIENTED_EDGE('',*,*,#956,.T.);
#958=ORIENTED_EDGE('',*,*,#60,.F.);
#959=CARTESIAN_POINT('',(11.742558771772,39.43856305095,37.272458510538));
#960=VERTEX_POINT('',#959);
#961=CARTESIAN_POINT('',(10.420482440195,31.940695587531,37.586712266079));
#962=DIRECTION('',(0.17350044583104,0.98396992413706,-0.041240558799963));
#963=VECTOR('',#962,7.6200169126049);
#964=LINE('',#961,#963);
#965=EDGE_CURVE('',#52,#960,#964,.T.);
#966=ORIENTED_EDGE('',*,*,#965,.T.);
#967=CARTESIAN_POINT('',(11.742558771772,39.43856305095,37.272458510538));
#968=CARTESIAN_POINT('',(11.786640516949,39.68856305095,37.261980406028));
#969=CARTESIAN_POINT('',(11.981105995307,39.851738962116,37.255141309025));
#970=CARTESIAN_POINT('',(12.234962648278,39.851738962116,37.255141309025));
#971=(BOUNDED_CURVE()B_SPLINE_CURVE(3,(#967,#968,#969,#970),.UNSPECIFIED.,.F.,.U.)B_SPLINE_CURVE_WITH_KNOTS((4,4),(4.8869219055841,6.2831853071796),.UNSPECIFIED.)CURVE()GEOMETRIC_REPRESENTATION_ITEM()RATIONAL_B_SPLINE_CURVE((1.,0.84402962874598,0.84402962874598,1.))REPRESENTATION_ITEM(''));
#972=EDGE_CURVE('',#960,#908,#971,.T.);
#973=ORIENTED_EDGE('',*,*,#972,.T.);
#974=EDGE_LOOP('',(#916,#925,#933,#942,#950,#957,#958,#966,#973));
#975=FACE_BOUND('',#974,.T.);
#976=CARTESIAN_POINT('',(33.76862527903,71.969499091406,35.909008319952));
#977=VERTEX_POINT('',#976);
#978=CARTESIAN_POINT('',(18.074517299703,71.969499091406,35.909008319952));
#979=VERTEX_POINT('',#978);
#980=CARTESIAN_POINT('',(33.76862527903,71.969499091406,35.909008319952));
#981=DIRECTION('',(-1.,0.,0.));
#982=VECTOR('',#981,15.694107979327);
#983=LINE('',#980,#982);
#984=EDGE_CURVE('',#977,#979,#983,.T.);
#985=ORIENTED_EDGE('',*,*,#984,.T.);
#986=CARTESIAN_POINT('',(17.582113423197,72.55632318024,35.884413103425));
#987=VERTEX_POINT('',#986);
#988=CARTESIAN_POINT('',(18.074517299703,71.969499091406,35.909008319952));
#989=CARTESIAN_POINT('',(17.739352463899,71.969499091406,35.909008319952));
#990=CARTESIAN_POINT('',(17.523912660242,72.226250251403,35.898247258002));
#991=CARTESIAN_POINT('',(17.582113423197,72.55632318024,35.884413103425));
#992=(BOUNDED_CURVE()B_SPLINE_CURVE(3,(#988,#989,#990,#991),.UNSPECIFIED.,.F.,.U.)B_SPLINE_CURVE_WITH_KNOTS((4,4),(1.3729262335023E-14,1.7453292519943),.UNSPECIFIED.)CURVE()GEOMETRIC_REPRESENTATION_ITEM()RATIONAL_B_SPLINE_CURVE((1.,0.7618584064577,0.7618584064577,1.))REPRESENTATION_ITEM(''));
#993=EDGE_CURVE('',#979,#987,#992,.T.);
#994=ORIENTED_EDGE('',*,*,#993,.T.);
#995=CARTESIAN_POINT('',(18.741037793174,79.128909890003,35.608940101636));
#996=VERTEX_POINT('',#995);
#997=CARTESIAN_POINT('',(17.582113423197,72.55632318024,35.884413103425));
#998=DIRECTION('',(0.17350044583101,0.98396992413707,-0.041240558800007));
#999=VECTOR('',#998,6.6796622015933);
#1000=LINE('',#997,#999);
#1001=EDGE_CURVE('',#987,#996,#1000,.T.);
#1002=ORIENTED_EDGE('',*,*,#1001,.T.);
#1003=CARTESIAN_POINT('',(19.23344166968,79.542085801169,35.591622900123));
#1004=VERTEX_POINT('',#1003);
#1005=CARTESIAN_POINT('',(18.741037793174,79.128909890003,35.608940101636));
#1006=CARTESIAN_POINT('',(18.785119538351,79.378909890003,35.598461997126));
#1007=CARTESIAN_POINT('',(18.979585016709,79.542085801169,35.591622900123));
#1008=CARTESIAN_POINT('',(19.23344166968,79.542085801169,35.591622900123));
#1009=(BOUNDED_CURVE()B_SPLINE_CURVE(3,(#1005,#1006,#1007,#1008),.UNSPECIFIED.,.F.,.U.)B_SPLINE_CURVE_WITH_KNOTS((4,4),(1.7453292519943,3.1415926535898),.UNSPECIFIED.)CURVE()GEOMETRIC_REPRESENTATION_ITEM()RATIONAL_B_SPLINE_CURVE((1.,0.84402962874599,0.84402962874599,1.))REPRESENTATION_ITEM(''));
#1010=EDGE_CURVE('',#996,#1004,#1009,.T.);
#1011=ORIENTED_EDGE('',*,*,#1010,.T.);
#1012=CARTESIAN_POINT('',(32.609700909053,79.542085801169,35.591622900123));
#1013=VERTEX_POINT('',#1012);
#1014=CARTESIAN_POINT('',(19.23344166968,79.542085801169,35.591622900123));
#1015=DIRECTION('',(1.,0.,0.));
#1016=VECTOR('',#1015,13.376259239373);
#1017=LINE('',#1014,#1016);
#1018=EDGE_CURVE('',#1004,#1013,#1017,.T.);
#1019=ORIENTED_EDGE('',*,*,#1018,.T.);
#1020=CARTESIAN_POINT('',(33.102104785559,79.128909890003,35.608940101636));
#1021=VERTEX_POINT('',#1020);
#1022=CARTESIAN_POINT('',(32.609700909053,79.542085801169,35.591622900123));
#1023=CARTESIAN_POINT('',(32.863557562024,79.542085801169,35.591622900123));
#1024=CARTESIAN_POINT('',(33.058023040382,79.378909890003,35.598461997126));
#1025=CARTESIAN_POINT('',(33.102104785559,79.128909890003,35.608940101636));
#1026=(BOUNDED_CURVE()B_SPLINE_CURVE(3,(#1022,#1023,#1024,#1025),.UNSPECIFIED.,.F.,.U.)B_SPLINE_CURVE_WITH_KNOTS((4,4),(3.1415926535898,4.5378560551853),.UNSPECIFIED.)CURVE()GEOMETRIC_REPRESENTATION_ITEM()RATIONAL_B_SPLINE_CURVE((1.,0.84402962874598,0.84402962874598,1.))REPRESENTATION_ITEM(''));
#1027=EDGE_CURVE('',#1013,#1021,#1026,.T.);
#1028=ORIENTED_EDGE('',*,*,#1027,.T.);
#1029=CARTESIAN_POINT('',(33.102104785559,79.128909890003,35.608940101636));
#1030=DIRECTION('',(0.17350044583101,-0.98396992413707,0.041240558800007));
#1031=VECTOR('',#1030,6.6796622015933);
#1032=LINE('',#1029,#1031);
#1033=EDGE_CURVE('',#1021,#113,#1032,.T.);
#1034=ORIENTED_EDGE('',*,*,#1033,.T.);
#1035=ORIENTED_EDGE('',*,*,#119,.F.);
#1036=CARTESIAN_POINT('',(34.26862527903,72.469499091406,35.888052110932));
#1037=CARTESIAN_POINT('',(34.26862527903,72.176605872593,35.90032797396));
#1038=CARTESIAN_POINT('',(34.061518497843,71.969499091406,35.909008319952));
#1039=CARTESIAN_POINT('',(33.76862527903,71.969499091406,35.909008319952));
#1040=(BOUNDED_CURVE()B_SPLINE_CURVE(3,(#1036,#1037,#1038,#1039),.UNSPECIFIED.,.F.,.U.)B_SPLINE_CURVE_WITH_KNOTS((4,4),(4.7123889803847,6.2831853071796),.UNSPECIFIED.)CURVE()GEOMETRIC_REPRESENTATION_ITEM()RATIONAL_B_SPLINE_CURVE((1.,0.80473785412436,0.80473785412436,1.))REPRESENTATION_ITEM(''));
#1041=EDGE_CURVE('',#105,#977,#1040,.T.);
#1042=ORIENTED_EDGE('',*,*,#1041,.T.);
#1043=EDGE_LOOP('',(#985,#994,#1002,#1011,#1019,#1028,#1034,#1035,#1042));
#1044=FACE_BOUND('',#1043,.T.);
#1045=CARTESIAN_POINT('',(35.527061383416,61.996912381643,36.32698354308));
#1046=VERTEX_POINT('',#1045);
#1047=CARTESIAN_POINT('',(16.316081195317,61.996912381643,36.32698354308));
#1048=VERTEX_POINT('',#1047);
#1049=CARTESIAN_POINT('',(35.527061383416,61.996912381643,36.32698354308));
#1050=DIRECTION('',(-1.,0.,0.));
#1051=VECTOR('',#1050,19.210980188099);
#1052=LINE('',#1049,#1051);
#1053=EDGE_CURVE('',#1046,#1048,#1052,.T.);
#1054=ORIENTED_EDGE('',*,*,#1053,.T.);
#1055=CARTESIAN_POINT('',(15.823677318811,62.583736470476,36.302388326552));
#1056=VERTEX_POINT('',#1055);
#1057=CARTESIAN_POINT('',(16.316081195317,61.996912381643,36.32698354308));
#1058=CARTESIAN_POINT('',(15.980916359513,61.996912381643,36.32698354308));
#1059=CARTESIAN_POINT('',(15.765476555856,62.253663541639,36.31622248113));
#1060=CARTESIAN_POINT('',(15.823677318811,62.583736470476,36.302388326552));
#1061=(BOUNDED_CURVE()B_SPLINE_CURVE(3,(#1057,#1058,#1059,#1060),.UNSPECIFIED.,.F.,.U.)B_SPLINE_CURVE_WITH_KNOTS((4,4),(1.3729262335023E-14,1.7453292519943),.UNSPECIFIED.)CURVE()GEOMETRIC_REPRESENTATION_ITEM()RATIONAL_B_SPLINE_CURVE((1.,0.7618584064577,0.7618584064577,1.))REPRESENTATION_ITEM(''));
#1062=EDGE_CURVE('',#1048,#1056,#1061,.T.);
#1063=ORIENTED_EDGE('',*,*,#1062,.T.);
#1064=CARTESIAN_POINT('',(16.982601688788,69.15632318024,36.026915324764));
#1065=VERTEX_POINT('',#1064);
#1066=CARTESIAN_POINT('',(15.823677318811,62.583736470476,36.302388326552));
#1067=DIRECTION('',(0.17350044583099,0.98396992413708,-0.041240558799853));
#1068=VECTOR('',#1067,6.6796622015943);
#1069=LINE('',#1066,#1068);
#1070=EDGE_CURVE('',#1056,#1065,#1069,.T.);
#1071=ORIENTED_EDGE('',*,*,#1070,.T.);
#1072=CARTESIAN_POINT('',(17.475005565294,69.569499091406,36.00959812325));
#1073=VERTEX_POINT('',#1072);
#1074=CARTESIAN_POINT('',(16.982601688788,69.15632318024,36.026915324764));
#1075=CARTESIAN_POINT('',(17.026683433965,69.40632318024,36.016437220253));
#1076=CARTESIAN_POINT('',(17.221148912323,69.569499091406,36.00959812325));
#1077=CARTESIAN_POINT('',(17.475005565294,69.569499091406,36.00959812325));
#1078=(BOUNDED_CURVE()B_SPLINE_CURVE(3,(#1074,#1075,#1076,#1077),.UNSPECIFIED.,.F.,.U.)B_SPLINE_CURVE_WITH_KNOTS((4,4),(1.7453292519943,3.1415926535898),.UNSPECIFIED.)CURVE()GEOMETRIC_REPRESENTATION_ITEM()RATIONAL_B_SPLINE_CURVE((1.,0.84402962874598,0.84402962874598,1.))REPRESENTATION_ITEM(''));
#1079=EDGE_CURVE('',#1065,#1073,#1078,.T.);
#1080=ORIENTED_EDGE('',*,*,#1079,.T.);
#1081=CARTESIAN_POINT('',(34.368137013439,69.569499091406,36.00959812325));
#1082=VERTEX_POINT('',#1081);
#1083=CARTESIAN_POINT('',(17.475005565294,69.569499091406,36.00959812325));
#1084=DIRECTION('',(1.,0.,0.));
#1085=VECTOR('',#1084,16.893131448145);
#1086=LINE('',#1083,#1085);
#1087=EDGE_CURVE('',#1073,#1082,#1086,.T.);
#1088=ORIENTED_EDGE('',*,*,#1087,.T.);
#1089=CARTESIAN_POINT('',(34.860540889945,69.15632318024,36.026915324764));
#1090=VERTEX_POINT('',#1089);
#1091=CARTESIAN_POINT('',(34.368137013439,69.569499091406,36.00959812325));
#1092=CARTESIAN_POINT('',(34.62199366641,69.569499091406,36.00959812325));
#1093=CARTESIAN_POINT('',(34.816459144768,69.40632318024,36.016437220253));
#1094=CARTESIAN_POINT('',(34.860540889945,69.15632318024,36.026915324764));
#1095=(BOUNDED_CURVE()B_SPLINE_CURVE(3,(#1091,#1092,#1093,#1094),.UNSPECIFIED.,.F.,.U.)B_SPLINE_CURVE_WITH_KNOTS((4,4),(3.1415926535898,4.5378560551853),.UNSPECIFIED.)CURVE()GEOMETRIC_REPRESENTATION_ITEM()RATIONAL_B_SPLINE_CURVE((1.,0.84402962874599,0.84402962874599,1.))REPRESENTATION_ITEM(''));
#1096=EDGE_CURVE('',#1082,#1090,#1095,.T.);
#1097=ORIENTED_EDGE('',*,*,#1096,.T.);
#1098=CARTESIAN_POINT('',(34.860540889945,69.15632318024,36.026915324764));
#1099=DIRECTION('',(0.17350044583099,-0.98396992413708,0.041240558799853));
#1100=VECTOR('',#1099,6.6796622015943);
#1101=LINE('',#1098,#1100);
#1102=EDGE_CURVE('',#1090,#155,#1101,.T.);
#1103=ORIENTED_EDGE('',*,*,#1102,.T.);
#1104=ORIENTED_EDGE('',*,*,#161,.F.);
#1105=CARTESIAN_POINT('',(36.027061383416,62.496912381643,36.30602733406));
#1106=CARTESIAN_POINT('',(36.027061383416,62.204019162829,36.318303197088));
#1107=CARTESIAN_POINT('',(35.819954602229,61.996912381643,36.32698354308));
#1108=CARTESIAN_POINT('',(35.527061383416,61.996912381643,36.32698354308));
#1109=(BOUNDED_CURVE()B_SPLINE_CURVE(3,(#1105,#1106,#1107,#1108),.UNSPECIFIED.,.F.,.U.)B_SPLINE_CURVE_WITH_KNOTS((4,4),(4.7123889803847,6.2831853071796),.UNSPECIFIED.)CURVE()GEOMETRIC_REPRESENTATION_ITEM()RATIONAL_B_SPLINE_CURVE((1.,0.80473785412436,0.80473785412436,1.))REPRESENTATION_ITEM(''));
#1110=EDGE_CURVE('',#147,#1046,#1109,.T.);
#1111=ORIENTED_EDGE('',*,*,#1110,.T.);
#1112=EDGE_LOOP('',(#1054,#1063,#1071,#1080,#1088,#1097,#1103,#1104,#1111));
#1113=FACE_BOUND('',#1112,.T.);
#1114=CARTESIAN_POINT('',(22.857421736355,102.47408330953,34.630487434042));
#1115=VERTEX_POINT('',#1114);
#1116=CARTESIAN_POINT('',(24.033978804402,109.14667001929,34.350823190449));
#1117=VERTEX_POINT('',#1116);
#1118=CARTESIAN_POINT('',(22.857421736355,102.47408330953,34.630487434042));
#1119=DIRECTION('',(0.17350044583097,0.98396992413707,-0.041240558800016));
#1120=VECTOR('',#1119,6.7812913241345);
#1121=LINE('',#1118,#1120);
#1122=EDGE_CURVE('',#1115,#1117,#1121,.T.);
#1123=ORIENTED_EDGE('',*,*,#1122,.T.);
#1124=CARTESIAN_POINT('',(24.526382680909,109.55984593046,34.333505988936));
#1125=VERTEX_POINT('',#1124);
#1126=CARTESIAN_POINT('',(24.033978804402,109.14667001929,34.350823190449));
#1127=CARTESIAN_POINT('',(24.07806054958,109.39667001929,34.340345085939));
#1128=CARTESIAN_POINT('',(24.272526027937,109.55984593046,34.333505988936));
#1129=CARTESIAN_POINT('',(24.526382680909,109.55984593046,34.333505988936));
#1130=(BOUNDED_CURVE()B_SPLINE_CURVE(3,(#1126,#1127,#1128,#1129),.UNSPECIFIED.,.F.,.U.)B_SPLINE_CURVE_WITH_KNOTS((4,4),(1.7453292519943,3.1415926535898),.UNSPECIFIED.)CURVE()GEOMETRIC_REPRESENTATION_ITEM()RATIONAL_B_SPLINE_CURVE((1.,0.84402962874598,0.84402962874598,1.))REPRESENTATION_ITEM(''));
#1131=EDGE_CURVE('',#1117,#1125,#1130,.T.);
#1132=ORIENTED_EDGE('',*,*,#1131,.T.);
#1133=CARTESIAN_POINT('',(27.316759897824,109.55984593046,34.333505988936));
#1134=VERTEX_POINT('',#1133);
#1135=CARTESIAN_POINT('',(24.526382680909,109.55984593046,34.333505988936));
#1136=DIRECTION('',(1.,0.,0.));
#1137=VECTOR('',#1136,2.790377216915);
#1138=LINE('',#1135,#1137);
#1139=EDGE_CURVE('',#1125,#1134,#1138,.T.);
#1140=ORIENTED_EDGE('',*,*,#1139,.T.);
#1141=CARTESIAN_POINT('',(27.80916377433,109.14667001929,34.350823190449));
#1142=VERTEX_POINT('',#1141);
#1143=CARTESIAN_POINT('',(27.316759897824,109.55984593046,34.333505988936));
#1144=CARTESIAN_POINT('',(27.570616550796,109.55984593046,34.333505988936));
#1145=CARTESIAN_POINT('',(27.765082029153,109.39667001929,34.340345085939));
#1146=CARTESIAN_POINT('',(27.80916377433,109.14667001929,34.350823190449));
#1147=(BOUNDED_CURVE()B_SPLINE_CURVE(3,(#1143,#1144,#1145,#1146),.UNSPECIFIED.,.F.,.U.)B_SPLINE_CURVE_WITH_KNOTS((4,4),(3.1415926535898,4.5378560551853),.UNSPECIFIED.)CURVE()GEOMETRIC_REPRESENTATION_ITEM()RATIONAL_B_SPLINE_CURVE((1.,0.84402962874598,0.84402962874598,1.))REPRESENTATION_ITEM(''));
#1148=EDGE_CURVE('',#1134,#1142,#1147,.T.);
#1149=ORIENTED_EDGE('',*,*,#1148,.T.);
#1150=CARTESIAN_POINT('',(27.80916377433,109.14667001929,34.350823190449));
#1151=DIRECTION('',(0.17350044583111,-0.98396992413705,0.041240558800015));
#1152=VECTOR('',#1151,6.7812913241347);
#1153=LINE('',#1150,#1152);
#1154=EDGE_CURVE('',#1142,#197,#1153,.T.);
#1155=ORIENTED_EDGE('',*,*,#1154,.T.);
#1156=ORIENTED_EDGE('',*,*,#203,.F.);
#1157=CARTESIAN_POINT('',(28.493316965872,101.8872592207,34.65508265057));
#1158=VERTEX_POINT('',#1157);
#1159=CARTESIAN_POINT('',(28.993316965872,102.3872592207,34.634126441549));
#1160=CARTESIAN_POINT('',(28.993316965872,102.09436600188,34.646402304577));
#1161=CARTESIAN_POINT('',(28.786210184686,101.8872592207,34.65508265057));
#1162=CARTESIAN_POINT('',(28.493316965872,101.8872592207,34.65508265057));
#1163=(BOUNDED_CURVE()B_SPLINE_CURVE(3,(#1159,#1160,#1161,#1162),.UNSPECIFIED.,.F.,.U.)B_SPLINE_CURVE_WITH_KNOTS((4,4),(4.7123889803847,6.2831853071796),.UNSPECIFIED.)CURVE()GEOMETRIC_REPRESENTATION_ITEM()RATIONAL_B_SPLINE_CURVE((1.,0.80473785412436,0.80473785412436,1.))REPRESENTATION_ITEM(''));
#1164=EDGE_CURVE('',#189,#1158,#1163,.T.);
#1165=ORIENTED_EDGE('',*,*,#1164,.T.);
#1166=CARTESIAN_POINT('',(23.349825612861,101.8872592207,34.65508265057));
#1167=VERTEX_POINT('',#1166);
#1168=CARTESIAN_POINT('',(28.493316965872,101.8872592207,34.65508265057));
#1169=DIRECTION('',(-1.,0.,0.));
#1170=VECTOR('',#1169,5.143491353011);
#1171=LINE('',#1168,#1170);
#1172=EDGE_CURVE('',#1158,#1167,#1171,.T.);
#1173=ORIENTED_EDGE('',*,*,#1172,.T.);
#1174=CARTESIAN_POINT('',(23.349825612861,101.8872592207,34.65508265057));
#1175=CARTESIAN_POINT('',(23.014660777057,101.8872592207,34.65508265057));
#1176=CARTESIAN_POINT('',(22.799220973399,102.14401038069,34.644321588619));
#1177=CARTESIAN_POINT('',(22.857421736355,102.47408330953,34.630487434042));
#1178=(BOUNDED_CURVE()B_SPLINE_CURVE(3,(#1174,#1175,#1176,#1177),.UNSPECIFIED.,.F.,.U.)B_SPLINE_CURVE_WITH_KNOTS((4,4),(6.7903684311158E-15,1.7453292519943),.UNSPECIFIED.)CURVE()GEOMETRIC_REPRESENTATION_ITEM()RATIONAL_B_SPLINE_CURVE((1.,0.76185840645769,0.76185840645769,1.))REPRESENTATION_ITEM(''));
#1179=EDGE_CURVE('',#1167,#1115,#1178,.T.);
#1180=ORIENTED_EDGE('',*,*,#1179,.T.);
#1181=EDGE_LOOP('',(#1123,#1132,#1140,#1149,#1155,#1156,#1165,#1173,#1180));
#1182=FACE_BOUND('',#1181,.T.);
#1183=CARTESIAN_POINT('',(21.098985631969,92.501496599766,35.04846265717));
#1184=VERTEX_POINT('',#1183);
#1185=CARTESIAN_POINT('',(22.257910001946,99.074083309529,34.772989655381));
#1186=VERTEX_POINT('',#1185);
#1187=CARTESIAN_POINT('',(21.098985631969,92.501496599766,35.04846265717));
#1188=DIRECTION('',(0.17350044583101,0.98396992413707,-0.041240558800008));
#1189=VECTOR('',#1188,6.6796622015933);
#1190=LINE('',#1187,#1189);
#1191=EDGE_CURVE('',#1184,#1186,#1190,.T.);
#1192=ORIENTED_EDGE('',*,*,#1191,.T.);
#1193=CARTESIAN_POINT('',(22.750313878452,99.487259220696,34.755672453868));
#1194=VERTEX_POINT('',#1193);
#1195=CARTESIAN_POINT('',(22.257910001946,99.074083309529,34.772989655381));
#1196=CARTESIAN_POINT('',(22.301991747123,99.324083309529,34.762511550871));
#1197=CARTESIAN_POINT('',(22.49645722548,99.487259220696,34.755672453868));
#1198=CARTESIAN_POINT('',(22.750313878452,99.487259220696,34.755672453868));
#1199=(BOUNDED_CURVE()B_SPLINE_CURVE(3,(#1195,#1196,#1197,#1198),.UNSPECIFIED.,.F.,.U.)B_SPLINE_CURVE_WITH_KNOTS((4,4),(1.7453292519943,3.1415926535898),.UNSPECIFIED.)CURVE()GEOMETRIC_REPRESENTATION_ITEM()RATIONAL_B_SPLINE_CURVE((1.,0.84402962874598,0.84402962874598,1.))REPRESENTATION_ITEM(''));
#1200=EDGE_CURVE('',#1186,#1194,#1199,.T.);
#1201=ORIENTED_EDGE('',*,*,#1200,.T.);
#1202=CARTESIAN_POINT('',(29.092828700281,99.487259220696,34.755672453868));
#1203=VERTEX_POINT('',#1202);
#1204=CARTESIAN_POINT('',(22.750313878452,99.487259220696,34.755672453868));
#1205=DIRECTION('',(1.,0.,0.));
#1206=VECTOR('',#1205,6.342514821829);
#1207=LINE('',#1204,#1206);
#1208=EDGE_CURVE('',#1194,#1203,#1207,.T.);
#1209=ORIENTED_EDGE('',*,*,#1208,.T.);
#1210=CARTESIAN_POINT('',(29.585232576787,99.074083309529,34.772989655381));
#1211=VERTEX_POINT('',#1210);
#1212=CARTESIAN_POINT('',(29.092828700281,99.487259220696,34.755672453868));
#1213=CARTESIAN_POINT('',(29.346685353252,99.487259220696,34.755672453868));
#1214=CARTESIAN_POINT('',(29.54115083161,99.324083309529,34.762511550871));
#1215=CARTESIAN_POINT('',(29.585232576787,99.074083309529,34.772989655381));
#1216=(BOUNDED_CURVE()B_SPLINE_CURVE(3,(#1212,#1213,#1214,#1215),.UNSPECIFIED.,.F.,.U.)B_SPLINE_CURVE_WITH_KNOTS((4,4),(3.1415926535898,4.5378560551853),.UNSPECIFIED.)CURVE()GEOMETRIC_REPRESENTATION_ITEM()RATIONAL_B_SPLINE_CURVE((1.,0.84402962874598,0.84402962874598,1.))REPRESENTATION_ITEM(''));
#1217=EDGE_CURVE('',#1203,#1211,#1216,.T.);
#1218=ORIENTED_EDGE('',*,*,#1217,.T.);
#1219=CARTESIAN_POINT('',(29.585232576787,99.074083309529,34.772989655381));
#1220=DIRECTION('',(0.17350044583101,-0.98396992413707,0.041240558800008));
#1221=VECTOR('',#1220,6.6796622015933);
#1222=LINE('',#1219,#1221);
#1223=EDGE_CURVE('',#1211,#239,#1222,.T.);
#1224=ORIENTED_EDGE('',*,*,#1223,.T.);
#1225=ORIENTED_EDGE('',*,*,#245,.F.);
#1226=CARTESIAN_POINT('',(30.251753070258,91.914672510933,35.073057873697));
#1227=VERTEX_POINT('',#1226);
#1228=CARTESIAN_POINT('',(30.751753070258,92.414672510933,35.052101664677));
#1229=CARTESIAN_POINT('',(30.751753070258,92.121779292119,35.064377527705));
#1230=CARTESIAN_POINT('',(30.544646289072,91.914672510933,35.073057873697));
#1231=CARTESIAN_POINT('',(30.251753070258,91.914672510933,35.073057873697));
#1232=(BOUNDED_CURVE()B_SPLINE_CURVE(3,(#1228,#1229,#1230,#1231),.UNSPECIFIED.,.F.,.U.)B_SPLINE_CURVE_WITH_KNOTS((4,4),(4.7123889803847,6.2831853071796),.UNSPECIFIED.)CURVE()GEOMETRIC_REPRESENTATION_ITEM()RATIONAL_B_SPLINE_CURVE((1.,0.80473785412436,0.80473785412436,1.))REPRESENTATION_ITEM(''));
#1233=EDGE_CURVE('',#231,#1227,#1232,.T.);
#1234=ORIENTED_EDGE('',*,*,#1233,.T.);
#1235=CARTESIAN_POINT('',(21.591389508475,91.914672510933,35.073057873697));
#1236=VERTEX_POINT('',#1235);
#1237=CARTESIAN_POINT('',(30.251753070258,91.914672510933,35.073057873697));
#1238=DIRECTION('',(-1.,0.,0.));
#1239=VECTOR('',#1238,8.660363561783);
#1240=LINE('',#1237,#1239);
#1241=EDGE_CURVE('',#1227,#1236,#1240,.T.);
#1242=ORIENTED_EDGE('',*,*,#1241,.T.);
#1243=CARTESIAN_POINT('',(21.591389508475,91.914672510933,35.073057873697));
#1244=CARTESIAN_POINT('',(21.256224672671,91.914672510933,35.073057873697));
#1245=CARTESIAN_POINT('',(21.040784869013,92.171423670929,35.062296811747));
#1246=CARTESIAN_POINT('',(21.098985631969,92.501496599766,35.04846265717));
#1247=(BOUNDED_CURVE()B_SPLINE_CURVE(3,(#1243,#1244,#1245,#1246),.UNSPECIFIED.,.F.,.U.)B_SPLINE_CURVE_WITH_KNOTS((4,4),(0.,1.7453292519943),.UNSPECIFIED.)CURVE()GEOMETRIC_REPRESENTATION_ITEM()RATIONAL_B_SPLINE_CURVE((1.,0.7618584064577,0.7618584064577,1.))REPRESENTATION_ITEM(''));
#1248=EDGE_CURVE('',#1236,#1184,#1247,.T.);
#1249=ORIENTED_EDGE('',*,*,#1248,.T.);
#1250=EDGE_LOOP('',(#1192,#1201,#1209,#1218,#1224,#1225,#1234,#1242,#1249));
#1251=FACE_BOUND('',#1250,.T.);
#1252=CARTESIAN_POINT('',(20.991877774066,89.514672510933,35.173647676995));
#1253=VERTEX_POINT('',#1252);
#1254=CARTESIAN_POINT('',(30.851264804667,89.514672510933,35.173647676995));
#1255=VERTEX_POINT('',#1254);
#1256=CARTESIAN_POINT('',(20.991877774066,89.514672510933,35.173647676995));
#1257=DIRECTION('',(1.,0.,0.));
#1258=VECTOR('',#1257,9.859387030601);
#1259=LINE('',#1256,#1258);
#1260=EDGE_CURVE('',#1253,#1255,#1259,.T.);
#1261=ORIENTED_EDGE('',*,*,#1260,.T.);
#1262=CARTESIAN_POINT('',(31.343668681173,89.101496599766,35.190964878508));
#1263=VERTEX_POINT('',#1262);
#1264=CARTESIAN_POINT('',(30.851264804667,89.514672510933,35.173647676995));
#1265=CARTESIAN_POINT('',(31.105121457638,89.514672510933,35.173647676995));
#1266=CARTESIAN_POINT('',(31.299586935996,89.351496599766,35.180486773998));
#1267=CARTESIAN_POINT('',(31.343668681173,89.101496599766,35.190964878508));
#1268=(BOUNDED_CURVE()B_SPLINE_CURVE(3,(#1264,#1265,#1266,#1267),.UNSPECIFIED.,.F.,.U.)B_SPLINE_CURVE_WITH_KNOTS((4,4),(3.1415926535898,4.5378560551853),.UNSPECIFIED.)CURVE()GEOMETRIC_REPRESENTATION_ITEM()RATIONAL_B_SPLINE_CURVE((1.,0.84402962874598,0.84402962874598,1.))REPRESENTATION_ITEM(''));
#1269=EDGE_CURVE('',#1255,#1263,#1268,.T.);
#1270=ORIENTED_EDGE('',*,*,#1269,.T.);
#1271=CARTESIAN_POINT('',(31.343668681173,89.101496599766,35.190964878508));
#1272=DIRECTION('',(0.17350044583101,-0.98396992413707,0.041240558800008));
#1273=VECTOR('',#1272,6.6796622015933);
#1274=LINE('',#1271,#1273);
#1275=EDGE_CURVE('',#1263,#281,#1274,.T.);
#1276=ORIENTED_EDGE('',*,*,#1275,.T.);
#1277=ORIENTED_EDGE('',*,*,#287,.F.);
#1278=CARTESIAN_POINT('',(32.010189174644,81.942085801169,35.491033096825));
#1279=VERTEX_POINT('',#1278);
#1280=CARTESIAN_POINT('',(32.510189174644,82.442085801169,35.470076887804));
#1281=CARTESIAN_POINT('',(32.510189174644,82.149192582356,35.482352750833));
#1282=CARTESIAN_POINT('',(32.303082393457,81.942085801169,35.491033096825));
#1283=CARTESIAN_POINT('',(32.010189174644,81.942085801169,35.491033096825));
#1284=(BOUNDED_CURVE()B_SPLINE_CURVE(3,(#1280,#1281,#1282,#1283),.UNSPECIFIED.,.F.,.U.)B_SPLINE_CURVE_WITH_KNOTS((4,4),(4.7123889803847,6.2831853071796),.UNSPECIFIED.)CURVE()GEOMETRIC_REPRESENTATION_ITEM()RATIONAL_B_SPLINE_CURVE((1.,0.80473785412436,0.80473785412436,1.))REPRESENTATION_ITEM(''));
#1285=EDGE_CURVE('',#273,#1279,#1284,.T.);
#1286=ORIENTED_EDGE('',*,*,#1285,.T.);
#1287=CARTESIAN_POINT('',(19.832953404089,81.942085801169,35.491033096825));
#1288=VERTEX_POINT('',#1287);
#1289=CARTESIAN_POINT('',(32.010189174644,81.942085801169,35.491033096825));
#1290=DIRECTION('',(-1.,0.,0.));
#1291=VECTOR('',#1290,12.177235770555);
#1292=LINE('',#1289,#1291);
#1293=EDGE_CURVE('',#1279,#1288,#1292,.T.);
#1294=ORIENTED_EDGE('',*,*,#1293,.T.);
#1295=CARTESIAN_POINT('',(19.340549527583,82.528909890003,35.466437880297));
#1296=VERTEX_POINT('',#1295);
#1297=CARTESIAN_POINT('',(19.832953404089,81.942085801169,35.491033096825));
#1298=CARTESIAN_POINT('',(19.497788568285,81.942085801169,35.491033096825));
#1299=CARTESIAN_POINT('',(19.282348764627,82.198836961166,35.480272034875));
#1300=CARTESIAN_POINT('',(19.340549527583,82.528909890003,35.466437880297));
#1301=(BOUNDED_CURVE()B_SPLINE_CURVE(3,(#1297,#1298,#1299,#1300),.UNSPECIFIED.,.F.,.U.)B_SPLINE_CURVE_WITH_KNOTS((4,4),(1.3729262335023E-14,1.7453292519943),.UNSPECIFIED.)CURVE()GEOMETRIC_REPRESENTATION_ITEM()RATIONAL_B_SPLINE_CURVE((1.,0.7618584064577,0.7618584064577,1.))REPRESENTATION_ITEM(''));
#1302=EDGE_CURVE('',#1288,#1296,#1301,.T.);
#1303=ORIENTED_EDGE('',*,*,#1302,.T.);
#1304=CARTESIAN_POINT('',(20.49947389756,89.101496599766,35.190964878508));
#1305=VERTEX_POINT('',#1304);
#1306=CARTESIAN_POINT('',(19.340549527583,82.528909890003,35.466437880297));
#1307=DIRECTION('',(0.17350044583101,0.98396992413707,-0.041240558800008));
#1308=VECTOR('',#1307,6.6796622015933);
#1309=LINE('',#1306,#1308);
#1310=EDGE_CURVE('',#1296,#1305,#1309,.T.);
#1311=ORIENTED_EDGE('',*,*,#1310,.T.);
#1312=CARTESIAN_POINT('',(20.49947389756,89.101496599766,35.190964878508));
#1313=CARTESIAN_POINT('',(20.543555642737,89.351496599766,35.180486773998));
#1314=CARTESIAN_POINT('',(20.738021121095,89.514672510933,35.173647676995));
#1315=CARTESIAN_POINT('',(20.991877774066,89.514672510933,35.173647676995));
#1316=(BOUNDED_CURVE()B_SPLINE_CURVE(3,(#1312,#1313,#1314,#1315),.UNSPECIFIED.,.F.,.U.)B_SPLINE_CURVE_WITH_KNOTS((4,4),(1.7453292519943,3.1415926535898),.UNSPECIFIED.)CURVE()GEOMETRIC_REPRESENTATION_ITEM()RATIONAL_B_SPLINE_CURVE((1.,0.84402962874598,0.84402962874598,1.))REPRESENTATION_ITEM(''));
#1317=EDGE_CURVE('',#1305,#1253,#1316,.T.);
#1318=ORIENTED_EDGE('',*,*,#1317,.T.);
#1319=EDGE_LOOP('',(#1261,#1270,#1276,#1277,#1286,#1294,#1303,#1311,#1318));
#1320=FACE_BOUND('',#1319,.T.);
#1321=CARTESIAN_POINT('',(15.716569460908,59.596912381643,36.427573346378));
#1322=VERTEX_POINT('',#1321);
#1323=CARTESIAN_POINT('',(36.126573117824,59.596912381643,36.427573346378));
#1324=VERTEX_POINT('',#1323);
#1325=CARTESIAN_POINT('',(15.716569460908,59.596912381643,36.427573346378));
#1326=DIRECTION('',(1.,0.,0.));
#1327=VECTOR('',#1326,20.410003656916);
#1328=LINE('',#1325,#1327);
#1329=EDGE_CURVE('',#1322,#1324,#1328,.T.);
#1330=ORIENTED_EDGE('',*,*,#1329,.T.);
#1331=CARTESIAN_POINT('',(36.618976994331,59.183736470476,36.444890547891));
#1332=VERTEX_POINT('',#1331);
#1333=CARTESIAN_POINT('',(36.126573117824,59.596912381643,36.427573346378));
#1334=CARTESIAN_POINT('',(36.380429770796,59.596912381643,36.427573346378));
#1335=CARTESIAN_POINT('',(36.574895249153,59.433736470476,36.434412443381));
#1336=CARTESIAN_POINT('',(36.618976994331,59.183736470476,36.444890547891));
#1337=(BOUNDED_CURVE()B_SPLINE_CURVE(3,(#1333,#1334,#1335,#1336),.UNSPECIFIED.,.F.,.U.)B_SPLINE_CURVE_WITH_KNOTS((4,4),(3.1415926535898,4.5378560551853),.UNSPECIFIED.)CURVE()GEOMETRIC_REPRESENTATION_ITEM()RATIONAL_B_SPLINE_CURVE((1.,0.84402962874598,0.84402962874598,1.))REPRESENTATION_ITEM(''));
#1338=EDGE_CURVE('',#1324,#1332,#1337,.T.);
#1339=ORIENTED_EDGE('',*,*,#1338,.T.);
#1340=CARTESIAN_POINT('',(36.618976994331,59.183736470476,36.444890547891));
#1341=DIRECTION('',(0.17350044583101,-0.98396992413707,0.041240558800008));
#1342=VECTOR('',#1341,6.6796622015933);
#1343=LINE('',#1340,#1342);
#1344=EDGE_CURVE('',#1332,#323,#1343,.T.);
#1345=ORIENTED_EDGE('',*,*,#1344,.T.);
#1346=ORIENTED_EDGE('',*,*,#329,.F.);
#1347=CARTESIAN_POINT('',(37.285497487802,52.02432567188,36.744958766208));
#1348=VERTEX_POINT('',#1347);
#1349=CARTESIAN_POINT('',(37.785497487802,52.52432567188,36.724002557187));
#1350=CARTESIAN_POINT('',(37.785497487801,52.231432453066,36.736278420215));
#1351=CARTESIAN_POINT('',(37.578390706615,52.02432567188,36.744958766208));
#1352=CARTESIAN_POINT('',(37.285497487802,52.02432567188,36.744958766208));
#1353=(BOUNDED_CURVE()B_SPLINE_CURVE(3,(#1349,#1350,#1351,#1352),.UNSPECIFIED.,.F.,.U.)B_SPLINE_CURVE_WITH_KNOTS((4,4),(4.7123889803847,6.2831853071796),.UNSPECIFIED.)CURVE()GEOMETRIC_REPRESENTATION_ITEM()RATIONAL_B_SPLINE_CURVE((1.,0.80473785412436,0.80473785412436,1.))REPRESENTATION_ITEM(''));
#1354=EDGE_CURVE('',#315,#1348,#1353,.T.);
#1355=ORIENTED_EDGE('',*,*,#1354,.T.);
#1356=CARTESIAN_POINT('',(14.557645090931,52.02432567188,36.744958766208));
#1357=VERTEX_POINT('',#1356);
#1358=CARTESIAN_POINT('',(37.285497487802,52.02432567188,36.744958766208));
#1359=DIRECTION('',(-1.,0.,0.));
#1360=VECTOR('',#1359,22.727852396871);
#1361=LINE('',#1358,#1360);
#1362=EDGE_CURVE('',#1348,#1357,#1361,.T.);
#1363=ORIENTED_EDGE('',*,*,#1362,.T.);
#1364=CARTESIAN_POINT('',(14.065241214425,52.611149760713,36.72036354968));
#1365=VERTEX_POINT('',#1364);
#1366=CARTESIAN_POINT('',(14.557645090931,52.02432567188,36.744958766208));
#1367=CARTESIAN_POINT('',(14.222480255127,52.02432567188,36.744958766208));
#1368=CARTESIAN_POINT('',(14.00704045147,52.281076831876,36.734197704257));
#1369=CARTESIAN_POINT('',(14.065241214425,52.611149760713,36.72036354968));
#1370=(BOUNDED_CURVE()B_SPLINE_CURVE(3,(#1366,#1367,#1368,#1369),.UNSPECIFIED.,.F.,.U.)B_SPLINE_CURVE_WITH_KNOTS((4,4),(1.025981538307E-14,1.7453292519943),.UNSPECIFIED.)CURVE()GEOMETRIC_REPRESENTATION_ITEM()RATIONAL_B_SPLINE_CURVE((1.,0.76185840645769,0.76185840645769,1.))REPRESENTATION_ITEM(''));
#1371=EDGE_CURVE('',#1357,#1365,#1370,.T.);
#1372=ORIENTED_EDGE('',*,*,#1371,.T.);
#1373=CARTESIAN_POINT('',(15.224165584402,59.183736470476,36.444890547891));
#1374=VERTEX_POINT('',#1373);
#1375=CARTESIAN_POINT('',(14.065241214425,52.611149760713,36.72036354968));
#1376=DIRECTION('',(0.17350044583101,0.98396992413707,-0.041240558800008));
#1377=VECTOR('',#1376,6.6796622015933);
#1378=LINE('',#1375,#1377);
#1379=EDGE_CURVE('',#1365,#1374,#1378,.T.);
#1380=ORIENTED_EDGE('',*,*,#1379,.T.);
#1381=CARTESIAN_POINT('',(15.224165584402,59.183736470476,36.444890547891));
#1382=CARTESIAN_POINT('',(15.268247329579,59.433736470476,36.434412443381));
#1383=CARTESIAN_POINT('',(15.462712807937,59.596912381643,36.427573346378));
#1384=CARTESIAN_POINT('',(15.716569460908,59.596912381643,36.427573346378));
#1385=(BOUNDED_CURVE()B_SPLINE_CURVE(3,(#1381,#1382,#1383,#1384),.UNSPECIFIED.,.F.,.U.)B_SPLINE_CURVE_WITH_KNOTS((4,4),(1.7453292519943,3.1415926535898),.UNSPECIFIED.)CURVE()GEOMETRIC_REPRESENTATION_ITEM()RATIONAL_B_SPLINE_CURVE((1.,0.84402962874598,0.84402962874598,1.))REPRESENTATION_ITEM(''));
#1386=EDGE_CURVE('',#1374,#1322,#1385,.T.);
#1387=ORIENTED_EDGE('',*,*,#1386,.T.);
#1388=EDGE_LOOP('',(#1330,#1339,#1345,#1346,#1355,#1363,#1372,#1380,#1387));
#1389=FACE_BOUND('',#1388,.T.);
#1390=ORIENTED_EDGE('',*,*,#371,.F.);
#1391=CARTESIAN_POINT('',(38.991035497975,42.351738962116,37.150360263923));
#1392=VERTEX_POINT('',#1391);
#1393=CARTESIAN_POINT('',(39.491035497975,42.851738962116,37.129404054903));
#1394=CARTESIAN_POINT('',(39.491035497975,42.558845743303,37.141679917931));
#1395=CARTESIAN_POINT('',(39.283928716788,42.351738962116,37.150360263923));
#1396=CARTESIAN_POINT('',(38.991035497975,42.351738962116,37.150360263923));
#1397=(BOUNDED_CURVE()B_SPLINE_CURVE(3,(#1393,#1394,#1395,#1396),.UNSPECIFIED.,.F.,.U.)B_SPLINE_CURVE_WITH_KNOTS((4,4),(4.7123889803847,6.2831853071796),.UNSPECIFIED.)CURVE()GEOMETRIC_REPRESENTATION_ITEM()RATIONAL_B_SPLINE_CURVE((1.,0.80473785412436,0.80473785412436,1.))REPRESENTATION_ITEM(''));
#1398=EDGE_CURVE('',#357,#1392,#1397,.T.);
#1399=ORIENTED_EDGE('',*,*,#1398,.T.);
#1400=CARTESIAN_POINT('',(12.852107080758,42.351738962116,37.150360263923));
#1401=VERTEX_POINT('',#1400);
#1402=CARTESIAN_POINT('',(38.991035497975,42.351738962116,37.150360263923));
#1403=DIRECTION('',(-1.,0.,0.));
#1404=VECTOR('',#1403,26.138928417217);
#1405=LINE('',#1402,#1404);
#1406=EDGE_CURVE('',#1392,#1401,#1405,.T.);
#1407=ORIENTED_EDGE('',*,*,#1406,.T.);
#1408=CARTESIAN_POINT('',(12.359703204252,42.93856305095,37.125765047395));
#1409=VERTEX_POINT('',#1408);
#1410=CARTESIAN_POINT('',(12.852107080758,42.351738962116,37.150360263923));
#1411=CARTESIAN_POINT('',(12.516942244954,42.351738962116,37.150360263923));
#1412=CARTESIAN_POINT('',(12.301502441297,42.608490122113,37.139599201973));
#1413=CARTESIAN_POINT('',(12.359703204252,42.93856305095,37.125765047395));
#1414=(BOUNDED_CURVE()B_SPLINE_CURVE(3,(#1410,#1411,#1412,#1413),.UNSPECIFIED.,.F.,.U.)B_SPLINE_CURVE_WITH_KNOTS((4,4),(-1.0658141036402E-14,1.7453292519943),.UNSPECIFIED.)CURVE()GEOMETRIC_REPRESENTATION_ITEM()RATIONAL_B_SPLINE_CURVE((1.,0.76185840645769,0.76185840645769,1.))REPRESENTATION_ITEM(''));
#1415=EDGE_CURVE('',#1401,#1409,#1414,.T.);
#1416=ORIENTED_EDGE('',*,*,#1415,.T.);
#1417=CARTESIAN_POINT('',(13.465273373294,49.20856305095,36.86297418628));
#1418=VERTEX_POINT('',#1417);
#1419=CARTESIAN_POINT('',(12.359703204252,42.93856305095,37.125765047395));
#1420=DIRECTION('',(0.17350044583102,0.98396992413707,-0.041240558799879));
#1421=VECTOR('',#1420,6.3721459835256);
#1422=LINE('',#1419,#1421);
#1423=EDGE_CURVE('',#1409,#1418,#1422,.T.);
#1424=ORIENTED_EDGE('',*,*,#1423,.T.);
#1425=CARTESIAN_POINT('',(13.9576772498,49.621738962116,36.845656984766));
#1426=VERTEX_POINT('',#1425);
#1427=CARTESIAN_POINT('',(13.465273373294,49.20856305095,36.86297418628));
#1428=CARTESIAN_POINT('',(13.509355118471,49.45856305095,36.852496081769));
#1429=CARTESIAN_POINT('',(13.703820596829,49.621738962116,36.845656984766));
#1430=CARTESIAN_POINT('',(13.9576772498,49.621738962116,36.845656984766));
#1431=(BOUNDED_CURVE()B_SPLINE_CURVE(3,(#1427,#1428,#1429,#1430),.UNSPECIFIED.,.F.,.U.)B_SPLINE_CURVE_WITH_KNOTS((4,4),(1.7453292519943,3.1415926535898),.UNSPECIFIED.)CURVE()GEOMETRIC_REPRESENTATION_ITEM()RATIONAL_B_SPLINE_CURVE((1.,0.84402962874598,0.84402962874598,1.))REPRESENTATION_ITEM(''));
#1432=EDGE_CURVE('',#1418,#1426,#1431,.T.);
#1433=ORIENTED_EDGE('',*,*,#1432,.T.);
#1434=CARTESIAN_POINT('',(37.885465328933,49.621738962116,36.845656984766));
#1435=VERTEX_POINT('',#1434);
#1436=CARTESIAN_POINT('',(13.9576772498,49.621738962116,36.845656984766));
#1437=DIRECTION('',(1.,0.,0.));
#1438=VECTOR('',#1437,23.927788079133);
#1439=LINE('',#1436,#1438);
#1440=EDGE_CURVE('',#1426,#1435,#1439,.T.);
#1441=ORIENTED_EDGE('',*,*,#1440,.T.);
#1442=CARTESIAN_POINT('',(38.377869205439,49.20856305095,36.86297418628));
#1443=VERTEX_POINT('',#1442);
#1444=CARTESIAN_POINT('',(37.885465328933,49.621738962116,36.845656984766));
#1445=CARTESIAN_POINT('',(38.139321981904,49.621738962116,36.845656984766));
#1446=CARTESIAN_POINT('',(38.333787460262,49.45856305095,36.852496081769));
#1447=CARTESIAN_POINT('',(38.377869205439,49.20856305095,36.86297418628));
#1448=(BOUNDED_CURVE()B_SPLINE_CURVE(3,(#1444,#1445,#1446,#1447),.UNSPECIFIED.,.F.,.U.)B_SPLINE_CURVE_WITH_KNOTS((4,4),(3.1415926535898,4.5378560551853),.UNSPECIFIED.)CURVE()GEOMETRIC_REPRESENTATION_ITEM()RATIONAL_B_SPLINE_CURVE((1.,0.84402962874598,0.84402962874598,1.))REPRESENTATION_ITEM(''));
#1449=EDGE_CURVE('',#1435,#1443,#1448,.T.);
#1450=ORIENTED_EDGE('',*,*,#1449,.T.);
#1451=CARTESIAN_POINT('',(38.377869205439,49.20856305095,36.86297418628));
#1452=DIRECTION('',(0.17350044583102,-0.98396992413707,0.041240558799879));
#1453=VECTOR('',#1452,6.3721459835256);
#1454=LINE('',#1451,#1453);
#1455=EDGE_CURVE('',#1443,#365,#1454,.T.);
#1456=ORIENTED_EDGE('',*,*,#1455,.T.);
#1457=EDGE_LOOP('',(#1390,#1399,#1407,#1416,#1424,#1433,#1441,#1450,#1456));
#1458=FACE_BOUND('',#1457,.T.);
#1459=ADVANCED_FACE('',(#906,#975,#1044,#1113,#1182,#1251,#1320,#1389,#1458),#806,.T.);
#1460=CARTESIAN_POINT('',(43.921571289366,29.286207175281,77.478229196926));
#1461=DIRECTION('',(-4.7514014818828E-16,0.,-1.));
#1462=DIRECTION('',(1.,0.,-4.7514014818828E-16));
#1463=AXIS2_PLACEMENT_3D('',#1460,#1462,#1461);
#1464=PLANE('',#1463);
#1465=CARTESIAN_POINT('',(43.921571289366,22.653871498697,17.660700539799));
#1466=VERTEX_POINT('',#1465);
#1467=CARTESIAN_POINT('',(43.921571289366,22.653871498697,37.975945519562));
#1468=DIRECTION('',(0.,0.,-1.));
#1469=VECTOR('',#1468,20.315244979763);
#1470=LINE('',#1467,#1469);
#1471=EDGE_CURVE('',#889,#1466,#1470,.T.);
#1472=ORIENTED_EDGE('',*,*,#1471,.T.);
#1473=CARTESIAN_POINT('',(43.921571289366,22.653871498697,17.660700539799));
#1474=DIRECTION('',(0.,0.99912283009886,0.041875653729226));
#1475=VECTOR('',#1474,6.6381584693924);
#1476=LINE('',#1473,#1475);
#1477=EDGE_CURVE('',#1466,#656,#1476,.T.);
#1478=ORIENTED_EDGE('',*,*,#1477,.T.);
#1479=ORIENTED_EDGE('',*,*,#661,.F.);
#1480=ORIENTED_EDGE('',*,*,#900,.F.);
#1481=EDGE_LOOP('',(#1472,#1478,#1479,#1480));
#1482=FACE_OUTER_BOUND('',#1481,.T.);
#1483=ADVANCED_FACE('',(#1482),#1464,.T.);
#1484=CARTESIAN_POINT('',(-3.5784287106335,121.85173896212,21.81832302968));
#1485=DIRECTION('',(0.,-0.99912283009886,-0.041875653729196));
#1486=DIRECTION('',(-5.2309855614861E-16,0.041875653729196,-0.99912283009886));
#1487=AXIS2_PLACEMENT_3D('',#1484,#1486,#1485);
#1488=PLANE('',#1487);
#1489=ORIENTED_EDGE('',*,*,#1477,.F.);
#1490=CARTESIAN_POINT('',(35.921571289366,22.653871498697,17.660700539799));
#1491=VERTEX_POINT('',#1490);
#1492=CARTESIAN_POINT('',(43.921571289366,22.653871498697,17.660700539799));
#1493=DIRECTION('',(-1.,0.,0.));
#1494=VECTOR('',#1493,8.);
#1495=LINE('',#1492,#1494);
#1496=EDGE_CURVE('',#1466,#1491,#1495,.T.);
#1497=ORIENTED_EDGE('',*,*,#1496,.T.);
#1498=CARTESIAN_POINT('',(35.921571289366,25.653871498697,17.786437793922));
#1499=VERTEX_POINT('',#1498);
#1500=CARTESIAN_POINT('',(35.921571289366,22.653871498697,17.660700539799));
#1501=DIRECTION('',(0.,0.99912283009885,0.041875653729411));
#1502=VECTOR('',#1501,3.0026338200111);
#1503=LINE('',#1500,#1502);
#1504=EDGE_CURVE('',#1491,#1499,#1503,.T.);
#1505=ORIENTED_EDGE('',*,*,#1504,.T.);
#1506=CARTESIAN_POINT('',(40.921571289366,25.653871498697,17.786437793922));
#1507=VERTEX_POINT('',#1506);
#1508=CARTESIAN_POINT('',(35.921571289366,25.653871498697,17.786437793922));
#1509=DIRECTION('',(1.,0.,0.));
#1510=VECTOR('',#1509,5.);
#1511=LINE('',#1508,#1510);
#1512=EDGE_CURVE('',#1499,#1507,#1511,.T.);
#1513=ORIENTED_EDGE('',*,*,#1512,.T.);
#1514=CARTESIAN_POINT('',(40.921571289366,28.653871498697,17.912175048044));
#1515=VERTEX_POINT('',#1514);
#1516=CARTESIAN_POINT('',(40.921571289366,25.653871498697,17.786437793922));
#1517=DIRECTION('',(0.,0.99912283009886,0.041875653729077));
#1518=VECTOR('',#1517,3.002633820011);
#1519=LINE('',#1516,#1518);
#1520=EDGE_CURVE('',#1507,#1515,#1519,.T.);
#1521=ORIENTED_EDGE('',*,*,#1520,.T.);
#1522=CARTESIAN_POINT('',(10.921571289366,28.653871498697,17.912175048044));
#1523=VERTEX_POINT('',#1522);
#1524=CARTESIAN_POINT('',(40.921571289366,28.653871498697,17.912175048044));
#1525=DIRECTION('',(-1.,0.,0.));
#1526=VECTOR('',#1525,30.);
#1527=LINE('',#1524,#1526);
#1528=EDGE_CURVE('',#1515,#1523,#1527,.T.);
#1529=ORIENTED_EDGE('',*,*,#1528,.T.);
#1530=CARTESIAN_POINT('',(10.921571289366,25.653871498697,17.786437793922));
#1531=VERTEX_POINT('',#1530);
#1532=CARTESIAN_POINT('',(10.921571289366,28.653871498697,17.912175048044));
#1533=DIRECTION('',(0.,-0.99912283009886,-0.041875653729077));
#1534=VECTOR('',#1533,3.002633820011);
#1535=LINE('',#1532,#1534);
#1536=EDGE_CURVE('',#1523,#1531,#1535,.T.);
#1537=ORIENTED_EDGE('',*,*,#1536,.T.);
#1538=CARTESIAN_POINT('',(15.921571289366,25.653871498697,17.786437793922));
#1539=VERTEX_POINT('',#1538);
#1540=CARTESIAN_POINT('',(10.921571289366,25.653871498697,17.786437793922));
#1541=DIRECTION('',(1.,0.,0.));
#1542=VECTOR('',#1541,5.);
#1543=LINE('',#1540,#1542);
#1544=EDGE_CURVE('',#1531,#1539,#1543,.T.);
#1545=ORIENTED_EDGE('',*,*,#1544,.T.);
#1546=CARTESIAN_POINT('',(15.921571289366,22.653871498697,17.660700539799));
#1547=VERTEX_POINT('',#1546);
#1548=CARTESIAN_POINT('',(15.921571289366,25.653871498697,17.786437793922));
#1549=DIRECTION('',(0.,-0.99912283009885,-0.041875653729411));
#1550=VECTOR('',#1549,3.0026338200111);
#1551=LINE('',#1548,#1550);
#1552=EDGE_CURVE('',#1539,#1547,#1551,.T.);
#1553=ORIENTED_EDGE('',*,*,#1552,.T.);
#1554=CARTESIAN_POINT('',(7.9215712893665,22.653871498697,17.660700539799));
#1555=VERTEX_POINT('',#1554);
#1556=CARTESIAN_POINT('',(15.921571289366,22.653871498697,17.660700539799));
#1557=DIRECTION('',(-1.,0.,0.));
#1558=VECTOR('',#1557,7.9999999999995);
#1559=LINE('',#1556,#1558);
#1560=EDGE_CURVE('',#1547,#1555,#1559,.T.);
#1561=ORIENTED_EDGE('',*,*,#1560,.T.);
#1562=CARTESIAN_POINT('',(7.9215712893665,29.286207175281,17.938677765263));
#1563=VERTEX_POINT('',#1562);
#1564=CARTESIAN_POINT('',(7.9215712893665,22.653871498697,17.660700539799));
#1565=DIRECTION('',(0.,0.99912283009886,0.041875653729226));
#1566=VECTOR('',#1565,6.6381584693924);
#1567=LINE('',#1564,#1566);
#1568=EDGE_CURVE('',#1555,#1563,#1567,.T.);
#1569=ORIENTED_EDGE('',*,*,#1568,.T.);
#1570=CARTESIAN_POINT('',(7.9215712893665,29.286207175281,17.938677765263));
#1571=DIRECTION('',(0.17350044583102,0.98396992413707,0.041240558799987));
#1572=VECTOR('',#1571,82.089540313965);
#1573=LINE('',#1570,#1572);
#1574=EDGE_CURVE('',#1563,#745,#1573,.T.);
#1575=ORIENTED_EDGE('',*,*,#1574,.T.);
#1576=ORIENTED_EDGE('',*,*,#750,.F.);
#1577=ORIENTED_EDGE('',*,*,#692,.F.);
#1578=ORIENTED_EDGE('',*,*,#473,.F.);
#1579=ORIENTED_EDGE('',*,*,#667,.F.);
#1580=EDGE_LOOP('',(#1489,#1497,#1505,#1513,#1521,#1529,#1537,#1545,#1553,#1561,#1569,#1575,#1576,#1577,#1578,#1579));
#1581=FACE_OUTER_BOUND('',#1580,.T.);
#1582=CARTESIAN_POINT('',(10.912886316702,31.353871498697,18.025338576754));
#1583=VERTEX_POINT('',#1582);
#1584=CARTESIAN_POINT('',(40.930256262031,31.353871498697,18.025338576754));
#1585=VERTEX_POINT('',#1584);
#1586=CARTESIAN_POINT('',(10.912886316702,31.353871498697,18.025338576754));
#1587=DIRECTION('',(1.,0.,0.));
#1588=VECTOR('',#1587,30.017369945329);
#1589=LINE('',#1586,#1588);
#1590=EDGE_CURVE('',#1583,#1585,#1589,.T.);
#1591=ORIENTED_EDGE('',*,*,#1590,.T.);
#1592=CARTESIAN_POINT('',(41.422660138537,31.940695587531,18.049933793282));
#1593=VERTEX_POINT('',#1592);
#1594=CARTESIAN_POINT('',(40.930256262031,31.353871498697,18.025338576754));
#1595=CARTESIAN_POINT('',(41.265421097835,31.353871498697,18.025338576754));
#1596=CARTESIAN_POINT('',(41.480860901493,31.610622658694,18.036099638704));
#1597=CARTESIAN_POINT('',(41.422660138537,31.940695587531,18.049933793282));
#1598=(BOUNDED_CURVE()B_SPLINE_CURVE(3,(#1594,#1595,#1596,#1597),.UNSPECIFIED.,.F.,.U.)B_SPLINE_CURVE_WITH_KNOTS((4,4),(1.407011014949E-14,1.7453292519943),.UNSPECIFIED.)CURVE()GEOMETRIC_REPRESENTATION_ITEM()RATIONAL_B_SPLINE_CURVE((1.,0.7618584064577,0.7618584064577,1.))REPRESENTATION_ITEM(''));
#1599=EDGE_CURVE('',#1585,#1593,#1598,.T.);
#1600=ORIENTED_EDGE('',*,*,#1599,.T.);
#1601=CARTESIAN_POINT('',(40.100583806961,39.43856305095,18.364187548823));
#1602=VERTEX_POINT('',#1601);
#1603=CARTESIAN_POINT('',(41.422660138537,31.940695587531,18.049933793282));
#1604=DIRECTION('',(-0.17350044583091,0.98396992413709,0.041240558799964));
#1605=VECTOR('',#1604,7.6200169126047);
#1606=LINE('',#1603,#1605);
#1607=EDGE_CURVE('',#1593,#1602,#1606,.T.);
#1608=ORIENTED_EDGE('',*,*,#1607,.T.);
#1609=CARTESIAN_POINT('',(39.608179930454,39.851738962116,18.381504750336));
#1610=VERTEX_POINT('',#1609);
#1611=CARTESIAN_POINT('',(40.100583806961,39.43856305095,18.364187548823));
#1612=CARTESIAN_POINT('',(40.056502061783,39.68856305095,18.374665653333));
#1613=CARTESIAN_POINT('',(39.862036583426,39.851738962116,18.381504750336));
#1614=CARTESIAN_POINT('',(39.608179930454,39.851738962116,18.381504750336));
#1615=(BOUNDED_CURVE()B_SPLINE_CURVE(3,(#1611,#1612,#1613,#1614),.UNSPECIFIED.,.F.,.U.)B_SPLINE_CURVE_WITH_KNOTS((4,4),(4.8869219055841,6.2831853071796),.UNSPECIFIED.)CURVE()GEOMETRIC_REPRESENTATION_ITEM()RATIONAL_B_SPLINE_CURVE((1.,0.84402962874598,0.84402962874598,1.))REPRESENTATION_ITEM(''));
#1616=EDGE_CURVE('',#1602,#1610,#1615,.T.);
#1617=ORIENTED_EDGE('',*,*,#1616,.T.);
#1618=CARTESIAN_POINT('',(12.234962648278,39.851738962116,18.381504750336));
#1619=VERTEX_POINT('',#1618);
#1620=CARTESIAN_POINT('',(39.608179930454,39.851738962116,18.381504750336));
#1621=DIRECTION('',(-1.,0.,0.));
#1622=VECTOR('',#1621,27.373217282176);
#1623=LINE('',#1620,#1622);
#1624=EDGE_CURVE('',#1610,#1619,#1623,.T.);
#1625=ORIENTED_EDGE('',*,*,#1624,.T.);
#1626=CARTESIAN_POINT('',(11.742558771772,39.43856305095,18.364187548823));
#1627=VERTEX_POINT('',#1626);
#1628=CARTESIAN_POINT('',(12.234962648278,39.851738962116,18.381504750336));
#1629=CARTESIAN_POINT('',(11.981105995307,39.851738962116,18.381504750336));
#1630=CARTESIAN_POINT('',(11.786640516949,39.68856305095,18.374665653333));
#1631=CARTESIAN_POINT('',(11.742558771772,39.43856305095,18.364187548823));
#1632=(BOUNDED_CURVE()B_SPLINE_CURVE(3,(#1628,#1629,#1630,#1631),.UNSPECIFIED.,.F.,.U.)B_SPLINE_CURVE_WITH_KNOTS((4,4),(3.1415926535898,4.5378560551853),.UNSPECIFIED.)CURVE()GEOMETRIC_REPRESENTATION_ITEM()RATIONAL_B_SPLINE_CURVE((1.,0.84402962874598,0.84402962874598,1.))REPRESENTATION_ITEM(''));
#1633=EDGE_CURVE('',#1619,#1627,#1632,.T.);
#1634=ORIENTED_EDGE('',*,*,#1633,.T.);
#1635=CARTESIAN_POINT('',(11.742558771772,39.43856305095,18.364187548823));
#1636=DIRECTION('',(-0.17350044583104,-0.98396992413706,-0.041240558799963));
#1637=VECTOR('',#1636,7.6200169126049);
#1638=LINE('',#1635,#1637);
#1639=EDGE_CURVE('',#1627,#71,#1638,.T.);
#1640=ORIENTED_EDGE('',*,*,#1639,.T.);
#1641=ORIENTED_EDGE('',*,*,#77,.F.);
#1642=CARTESIAN_POINT('',(10.412886316702,31.853871498697,18.046294785774));
#1643=CARTESIAN_POINT('',(10.412886316702,31.560978279884,18.034018922746));
#1644=CARTESIAN_POINT('',(10.619993097888,31.353871498697,18.025338576754));
#1645=CARTESIAN_POINT('',(10.912886316702,31.353871498697,18.025338576754));
#1646=(BOUNDED_CURVE()B_SPLINE_CURVE(3,(#1642,#1643,#1644,#1645),.UNSPECIFIED.,.F.,.U.)B_SPLINE_CURVE_WITH_KNOTS((4,4),(4.7123889803847,6.2831853071796),.UNSPECIFIED.)CURVE()GEOMETRIC_REPRESENTATION_ITEM()RATIONAL_B_SPLINE_CURVE((1.,0.80473785412436,0.80473785412436,1.))REPRESENTATION_ITEM(''));
#1647=EDGE_CURVE('',#63,#1583,#1646,.T.);
#1648=ORIENTED_EDGE('',*,*,#1647,.T.);
#1649=EDGE_LOOP('',(#1591,#1600,#1608,#1617,#1625,#1634,#1640,#1641,#1648));
#1650=FACE_BOUND('',#1649,.T.);
#1651=CARTESIAN_POINT('',(18.741037793174,79.128909890003,20.027705957725));
#1652=VERTEX_POINT('',#1651);
#1653=CARTESIAN_POINT('',(17.582113423197,72.55632318024,19.752232955936));
#1654=VERTEX_POINT('',#1653);
#1655=CARTESIAN_POINT('',(18.741037793174,79.128909890003,20.027705957725));
#1656=DIRECTION('',(-0.17350044583101,-0.98396992413707,-0.041240558800008));
#1657=VECTOR('',#1656,6.6796622015933);
#1658=LINE('',#1655,#1657);
#1659=EDGE_CURVE('',#1652,#1654,#1658,.T.);
#1660=ORIENTED_EDGE('',*,*,#1659,.T.);
#1661=CARTESIAN_POINT('',(18.074517299703,71.969499091406,19.727637739409));
#1662=VERTEX_POINT('',#1661);
#1663=CARTESIAN_POINT('',(17.582113423197,72.55632318024,19.752232955936));
#1664=CARTESIAN_POINT('',(17.523912660242,72.226250251403,19.738398801359));
#1665=CARTESIAN_POINT('',(17.739352463899,71.969499091406,19.727637739409));
#1666=CARTESIAN_POINT('',(18.074517299703,71.969499091406,19.727637739409));
#1667=(BOUNDED_CURVE()B_SPLINE_CURVE(3,(#1663,#1664,#1665,#1666),.UNSPECIFIED.,.F.,.U.)B_SPLINE_CURVE_WITH_KNOTS((4,4),(1.3962634015955,3.1415926535898),.UNSPECIFIED.)CURVE()GEOMETRIC_REPRESENTATION_ITEM()RATIONAL_B_SPLINE_CURVE((1.,0.76185840645769,0.76185840645769,1.))REPRESENTATION_ITEM(''));
#1668=EDGE_CURVE('',#1654,#1662,#1667,.T.);
#1669=ORIENTED_EDGE('',*,*,#1668,.T.);
#1670=CARTESIAN_POINT('',(33.76862527903,71.969499091406,19.727637739409));
#1671=VERTEX_POINT('',#1670);
#1672=CARTESIAN_POINT('',(18.074517299703,71.969499091406,19.727637739409));
#1673=DIRECTION('',(1.,0.,0.));
#1674=VECTOR('',#1673,15.694107979327);
#1675=LINE('',#1672,#1674);
#1676=EDGE_CURVE('',#1662,#1671,#1675,.T.);
#1677=ORIENTED_EDGE('',*,*,#1676,.T.);
#1678=CARTESIAN_POINT('',(33.76862527903,71.969499091406,19.727637739409));
#1679=CARTESIAN_POINT('',(34.061518497843,71.969499091406,19.727637739409));
#1680=CARTESIAN_POINT('',(34.26862527903,72.176605872593,19.736318085401));
#1681=CARTESIAN_POINT('',(34.26862527903,72.469499091406,19.748593948429));
#1682=(BOUNDED_CURVE()B_SPLINE_CURVE(3,(#1678,#1679,#1680,#1681),.UNSPECIFIED.,.F.,.U.)B_SPLINE_CURVE_WITH_KNOTS((4,4),(3.1415926535898,4.7123889803847),.UNSPECIFIED.)CURVE()GEOMETRIC_REPRESENTATION_ITEM()RATIONAL_B_SPLINE_CURVE((1.,0.80473785412437,0.80473785412437,1.))REPRESENTATION_ITEM(''));
#1683=EDGE_CURVE('',#1671,#96,#1682,.T.);
#1684=ORIENTED_EDGE('',*,*,#1683,.T.);
#1685=ORIENTED_EDGE('',*,*,#102,.F.);
#1686=CARTESIAN_POINT('',(33.102104785559,79.128909890003,20.027705957725));
#1687=VERTEX_POINT('',#1686);
#1688=CARTESIAN_POINT('',(34.261029155536,72.55632318024,19.752232955936));
#1689=DIRECTION('',(-0.17350044583101,0.98396992413707,0.041240558800008));
#1690=VECTOR('',#1689,6.6796622015933);
#1691=LINE('',#1688,#1690);
#1692=EDGE_CURVE('',#94,#1687,#1691,.T.);
#1693=ORIENTED_EDGE('',*,*,#1692,.T.);
#1694=CARTESIAN_POINT('',(32.609700909053,79.542085801169,20.045023159238));
#1695=VERTEX_POINT('',#1694);
#1696=CARTESIAN_POINT('',(33.102104785559,79.128909890003,20.027705957725));
#1697=CARTESIAN_POINT('',(33.058023040382,79.378909890003,20.038184062235));
#1698=CARTESIAN_POINT('',(32.863557562024,79.542085801169,20.045023159238));
#1699=CARTESIAN_POINT('',(32.609700909053,79.542085801169,20.045023159238));
#1700=(BOUNDED_CURVE()B_SPLINE_CURVE(3,(#1696,#1697,#1698,#1699),.UNSPECIFIED.,.F.,.U.)B_SPLINE_CURVE_WITH_KNOTS((4,4),(4.8869219055841,6.2831853071796),.UNSPECIFIED.)CURVE()GEOMETRIC_REPRESENTATION_ITEM()RATIONAL_B_SPLINE_CURVE((1.,0.84402962874598,0.84402962874598,1.))REPRESENTATION_ITEM(''));
#1701=EDGE_CURVE('',#1687,#1695,#1700,.T.);
#1702=ORIENTED_EDGE('',*,*,#1701,.T.);
#1703=CARTESIAN_POINT('',(19.23344166968,79.542085801169,20.045023159238));
#1704=VERTEX_POINT('',#1703);
#1705=CARTESIAN_POINT('',(32.609700909053,79.542085801169,20.045023159238));
#1706=DIRECTION('',(-1.,0.,0.));
#1707=VECTOR('',#1706,13.376259239373);
#1708=LINE('',#1705,#1707);
#1709=EDGE_CURVE('',#1695,#1704,#1708,.T.);
#1710=ORIENTED_EDGE('',*,*,#1709,.T.);
#1711=CARTESIAN_POINT('',(19.23344166968,79.542085801169,20.045023159238));
#1712=CARTESIAN_POINT('',(18.979585016709,79.542085801169,20.045023159238));
#1713=CARTESIAN_POINT('',(18.785119538351,79.378909890003,20.038184062235));
#1714=CARTESIAN_POINT('',(18.741037793174,79.128909890003,20.027705957725));
#1715=(BOUNDED_CURVE()B_SPLINE_CURVE(3,(#1711,#1712,#1713,#1714),.UNSPECIFIED.,.F.,.U.)B_SPLINE_CURVE_WITH_KNOTS((4,4),(-1.3322676295502E-14,1.3962634015955),.UNSPECIFIED.)CURVE()GEOMETRIC_REPRESENTATION_ITEM()RATIONAL_B_SPLINE_CURVE((1.,0.84402962874598,0.84402962874598,1.))REPRESENTATION_ITEM(''));
#1716=EDGE_CURVE('',#1704,#1652,#1715,.T.);
#1717=ORIENTED_EDGE('',*,*,#1716,.T.);
#1718=EDGE_LOOP('',(#1660,#1669,#1677,#1684,#1685,#1693,#1702,#1710,#1717));
#1719=FACE_BOUND('',#1718,.T.);
#1720=CARTESIAN_POINT('',(16.982601688788,69.15632318024,19.609730734597));
#1721=VERTEX_POINT('',#1720);
#1722=CARTESIAN_POINT('',(15.823677318811,62.583736470476,19.334257732809));
#1723=VERTEX_POINT('',#1722);
#1724=CARTESIAN_POINT('',(16.982601688788,69.15632318024,19.609730734597));
#1725=DIRECTION('',(-0.17350044583099,-0.98396992413708,-0.041240558799853));
#1726=VECTOR('',#1725,6.6796622015943);
#1727=LINE('',#1724,#1726);
#1728=EDGE_CURVE('',#1721,#1723,#1727,.T.);
#1729=ORIENTED_EDGE('',*,*,#1728,.T.);
#1730=CARTESIAN_POINT('',(16.316081195317,61.996912381643,19.309662516281));
#1731=VERTEX_POINT('',#1730);
#1732=CARTESIAN_POINT('',(15.823677318811,62.583736470476,19.334257732809));
#1733=CARTESIAN_POINT('',(15.765476555856,62.253663541639,19.320423578231));
#1734=CARTESIAN_POINT('',(15.980916359513,61.996912381643,19.309662516281));
#1735=CARTESIAN_POINT('',(16.316081195317,61.996912381643,19.309662516281));
#1736=(BOUNDED_CURVE()B_SPLINE_CURVE(3,(#1732,#1733,#1734,#1735),.UNSPECIFIED.,.F.,.U.)B_SPLINE_CURVE_WITH_KNOTS((4,4),(1.3962634015955,3.1415926535898),.UNSPECIFIED.)CURVE()GEOMETRIC_REPRESENTATION_ITEM()RATIONAL_B_SPLINE_CURVE((1.,0.76185840645769,0.76185840645769,1.))REPRESENTATION_ITEM(''));
#1737=EDGE_CURVE('',#1723,#1731,#1736,.T.);
#1738=ORIENTED_EDGE('',*,*,#1737,.T.);
#1739=CARTESIAN_POINT('',(35.527061383416,61.996912381643,19.309662516281));
#1740=VERTEX_POINT('',#1739);
#1741=CARTESIAN_POINT('',(16.316081195317,61.996912381643,19.309662516281));
#1742=DIRECTION('',(1.,0.,0.));
#1743=VECTOR('',#1742,19.210980188099);
#1744=LINE('',#1741,#1743);
#1745=EDGE_CURVE('',#1731,#1740,#1744,.T.);
#1746=ORIENTED_EDGE('',*,*,#1745,.T.);
#1747=CARTESIAN_POINT('',(35.527061383416,61.996912381643,19.309662516281));
#1748=CARTESIAN_POINT('',(35.819954602229,61.996912381643,19.309662516281));
#1749=CARTESIAN_POINT('',(36.027061383416,62.204019162829,19.318342862273));
#1750=CARTESIAN_POINT('',(36.027061383416,62.496912381643,19.330618725301));
#1751=(BOUNDED_CURVE()B_SPLINE_CURVE(3,(#1747,#1748,#1749,#1750),.UNSPECIFIED.,.F.,.U.)B_SPLINE_CURVE_WITH_KNOTS((4,4),(3.1415926535898,4.7123889803847),.UNSPECIFIED.)CURVE()GEOMETRIC_REPRESENTATION_ITEM()RATIONAL_B_SPLINE_CURVE((1.,0.80473785412437,0.80473785412437,1.))REPRESENTATION_ITEM(''));
#1752=EDGE_CURVE('',#1740,#138,#1751,.T.);
#1753=ORIENTED_EDGE('',*,*,#1752,.T.);
#1754=ORIENTED_EDGE('',*,*,#144,.F.);
#1755=CARTESIAN_POINT('',(34.860540889945,69.15632318024,19.609730734597));
#1756=VERTEX_POINT('',#1755);
#1757=CARTESIAN_POINT('',(36.019465259922,62.583736470476,19.334257732809));
#1758=DIRECTION('',(-0.17350044583099,0.98396992413708,0.041240558799853));
#1759=VECTOR('',#1758,6.6796622015943);
#1760=LINE('',#1757,#1759);
#1761=EDGE_CURVE('',#136,#1756,#1760,.T.);
#1762=ORIENTED_EDGE('',*,*,#1761,.T.);
#1763=CARTESIAN_POINT('',(34.368137013439,69.569499091406,19.627047936111));
#1764=VERTEX_POINT('',#1763);
#1765=CARTESIAN_POINT('',(34.860540889945,69.15632318024,19.609730734597));
#1766=CARTESIAN_POINT('',(34.816459144768,69.40632318024,19.620208839108));
#1767=CARTESIAN_POINT('',(34.62199366641,69.569499091406,19.627047936111));
#1768=CARTESIAN_POINT('',(34.368137013439,69.569499091406,19.627047936111));
#1769=(BOUNDED_CURVE()B_SPLINE_CURVE(3,(#1765,#1766,#1767,#1768),.UNSPECIFIED.,.F.,.U.)B_SPLINE_CURVE_WITH_KNOTS((4,4),(4.8869219055841,6.2831853071796),.UNSPECIFIED.)CURVE()GEOMETRIC_REPRESENTATION_ITEM()RATIONAL_B_SPLINE_CURVE((1.,0.84402962874599,0.84402962874599,1.))REPRESENTATION_ITEM(''));
#1770=EDGE_CURVE('',#1756,#1764,#1769,.T.);
#1771=ORIENTED_EDGE('',*,*,#1770,.T.);
#1772=CARTESIAN_POINT('',(17.475005565294,69.569499091406,19.627047936111));
#1773=VERTEX_POINT('',#1772);
#1774=CARTESIAN_POINT('',(34.368137013439,69.569499091406,19.627047936111));
#1775=DIRECTION('',(-1.,0.,0.));
#1776=VECTOR('',#1775,16.893131448145);
#1777=LINE('',#1774,#1776);
#1778=EDGE_CURVE('',#1764,#1773,#1777,.T.);
#1779=ORIENTED_EDGE('',*,*,#1778,.T.);
#1780=CARTESIAN_POINT('',(17.475005565294,69.569499091406,19.627047936111));
#1781=CARTESIAN_POINT('',(17.221148912323,69.569499091406,19.627047936111));
#1782=CARTESIAN_POINT('',(17.026683433965,69.40632318024,19.620208839108));
#1783=CARTESIAN_POINT('',(16.982601688788,69.15632318024,19.609730734597));
#1784=(BOUNDED_CURVE()B_SPLINE_CURVE(3,(#1780,#1781,#1782,#1783),.UNSPECIFIED.,.F.,.U.)B_SPLINE_CURVE_WITH_KNOTS((4,4),(-1.3322676295502E-14,1.3962634015955),.UNSPECIFIED.)CURVE()GEOMETRIC_REPRESENTATION_ITEM()RATIONAL_B_SPLINE_CURVE((1.,0.84402962874598,0.84402962874598,1.))REPRESENTATION_ITEM(''));
#1785=EDGE_CURVE('',#1773,#1721,#1784,.T.);
#1786=ORIENTED_EDGE('',*,*,#1785,.T.);
#1787=EDGE_LOOP('',(#1729,#1738,#1746,#1753,#1754,#1762,#1771,#1779,#1786));
#1788=FACE_BOUND('',#1787,.T.);
#1789=CARTESIAN_POINT('',(27.316759897824,109.55984593046,21.303140070425));
#1790=VERTEX_POINT('',#1789);
#1791=CARTESIAN_POINT('',(24.526382680909,109.55984593046,21.303140070425));
#1792=VERTEX_POINT('',#1791);
#1793=CARTESIAN_POINT('',(27.316759897824,109.55984593046,21.303140070425));
#1794=DIRECTION('',(-1.,0.,0.));
#1795=VECTOR('',#1794,2.790377216915);
#1796=LINE('',#1793,#1795);
#1797=EDGE_CURVE('',#1790,#1792,#1796,.T.);
#1798=ORIENTED_EDGE('',*,*,#1797,.T.);
#1799=CARTESIAN_POINT('',(24.033978804402,109.14667001929,21.285822868912));
#1800=VERTEX_POINT('',#1799);
#1801=CARTESIAN_POINT('',(24.526382680909,109.55984593046,21.303140070425));
#1802=CARTESIAN_POINT('',(24.272526027937,109.55984593046,21.303140070425));
#1803=CARTESIAN_POINT('',(24.07806054958,109.39667001929,21.296300973422));
#1804=CARTESIAN_POINT('',(24.033978804402,109.14667001929,21.285822868912));
#1805=(BOUNDED_CURVE()B_SPLINE_CURVE(3,(#1801,#1802,#1803,#1804),.UNSPECIFIED.,.F.,.U.)B_SPLINE_CURVE_WITH_KNOTS((4,4),(-1.3322676295502E-14,1.3962634015955),.UNSPECIFIED.)CURVE()GEOMETRIC_REPRESENTATION_ITEM()RATIONAL_B_SPLINE_CURVE((1.,0.84402962874598,0.84402962874598,1.))REPRESENTATION_ITEM(''));
#1806=EDGE_CURVE('',#1792,#1800,#1805,.T.);
#1807=ORIENTED_EDGE('',*,*,#1806,.T.);
#1808=CARTESIAN_POINT('',(22.857421736354,102.47408330953,21.006158625319));
#1809=VERTEX_POINT('',#1808);
#1810=CARTESIAN_POINT('',(24.033978804402,109.14667001929,21.285822868912));
#1811=DIRECTION('',(-0.17350044583111,-0.98396992413705,-0.041240558800014));
#1812=VECTOR('',#1811,6.7812913241347);
#1813=LINE('',#1810,#1812);
#1814=EDGE_CURVE('',#1800,#1809,#1813,.T.);
#1815=ORIENTED_EDGE('',*,*,#1814,.T.);
#1816=CARTESIAN_POINT('',(23.349825612861,101.8872592207,20.981563408791));
#1817=VERTEX_POINT('',#1816);
#1818=CARTESIAN_POINT('',(22.857421736354,102.47408330953,21.006158625319));
#1819=CARTESIAN_POINT('',(22.799220973399,102.14401038069,20.992324470741));
#1820=CARTESIAN_POINT('',(23.014660777057,101.8872592207,20.981563408791));
#1821=CARTESIAN_POINT('',(23.349825612861,101.8872592207,20.981563408791));
#1822=(BOUNDED_CURVE()B_SPLINE_CURVE(3,(#1818,#1819,#1820,#1821),.UNSPECIFIED.,.F.,.U.)B_SPLINE_CURVE_WITH_KNOTS((4,4),(1.3962634015955,3.1415926535898),.UNSPECIFIED.)CURVE()GEOMETRIC_REPRESENTATION_ITEM()RATIONAL_B_SPLINE_CURVE((1.,0.76185840645769,0.76185840645769,1.))REPRESENTATION_ITEM(''));
#1823=EDGE_CURVE('',#1809,#1817,#1822,.T.);
#1824=ORIENTED_EDGE('',*,*,#1823,.T.);
#1825=CARTESIAN_POINT('',(28.493316965872,101.8872592207,20.981563408791));
#1826=VERTEX_POINT('',#1825);
#1827=CARTESIAN_POINT('',(23.349825612861,101.8872592207,20.981563408791));
#1828=DIRECTION('',(1.,0.,0.));
#1829=VECTOR('',#1828,5.143491353011);
#1830=LINE('',#1827,#1829);
#1831=EDGE_CURVE('',#1817,#1826,#1830,.T.);
#1832=ORIENTED_EDGE('',*,*,#1831,.T.);
#1833=CARTESIAN_POINT('',(28.493316965872,101.8872592207,20.981563408791));
#1834=CARTESIAN_POINT('',(28.786210184686,101.8872592207,20.981563408791));
#1835=CARTESIAN_POINT('',(28.993316965872,102.09436600188,20.990243754783));
#1836=CARTESIAN_POINT('',(28.993316965872,102.3872592207,21.002519617812));
#1837=(BOUNDED_CURVE()B_SPLINE_CURVE(3,(#1833,#1834,#1835,#1836),.UNSPECIFIED.,.F.,.U.)B_SPLINE_CURVE_WITH_KNOTS((4,4),(3.1415926535898,4.7123889803847),.UNSPECIFIED.)CURVE()GEOMETRIC_REPRESENTATION_ITEM()RATIONAL_B_SPLINE_CURVE((1.,0.80473785412437,0.80473785412437,1.))REPRESENTATION_ITEM(''));
#1838=EDGE_CURVE('',#1826,#180,#1837,.T.);
#1839=ORIENTED_EDGE('',*,*,#1838,.T.);
#1840=ORIENTED_EDGE('',*,*,#186,.F.);
#1841=CARTESIAN_POINT('',(27.80916377433,109.14667001929,21.285822868912));
#1842=VERTEX_POINT('',#1841);
#1843=CARTESIAN_POINT('',(28.985720842378,102.47408330953,21.006158625319));
#1844=DIRECTION('',(-0.17350044583111,0.98396992413705,0.041240558800014));
#1845=VECTOR('',#1844,6.7812913241347);
#1846=LINE('',#1843,#1845);
#1847=EDGE_CURVE('',#178,#1842,#1846,.T.);
#1848=ORIENTED_EDGE('',*,*,#1847,.T.);
#1849=CARTESIAN_POINT('',(27.80916377433,109.14667001929,21.285822868912));
#1850=CARTESIAN_POINT('',(27.765082029153,109.39667001929,21.296300973422));
#1851=CARTESIAN_POINT('',(27.570616550796,109.55984593046,21.303140070425));
#1852=CARTESIAN_POINT('',(27.316759897824,109.55984593046,21.303140070425));
#1853=(BOUNDED_CURVE()B_SPLINE_CURVE(3,(#1849,#1850,#1851,#1852),.UNSPECIFIED.,.F.,.U.)B_SPLINE_CURVE_WITH_KNOTS((4,4),(4.8869219055841,6.2831853071796),.UNSPECIFIED.)CURVE()GEOMETRIC_REPRESENTATION_ITEM()RATIONAL_B_SPLINE_CURVE((1.,0.84402962874599,0.84402962874599,1.))REPRESENTATION_ITEM(''));
#1854=EDGE_CURVE('',#1842,#1790,#1853,.T.);
#1855=ORIENTED_EDGE('',*,*,#1854,.T.);
#1856=EDGE_LOOP('',(#1798,#1807,#1815,#1824,#1832,#1839,#1840,#1848,#1855));
#1857=FACE_BOUND('',#1856,.T.);
#1858=CARTESIAN_POINT('',(29.092828700281,99.487259220696,20.880973605493));
#1859=VERTEX_POINT('',#1858);
#1860=CARTESIAN_POINT('',(22.750313878452,99.487259220696,20.880973605493));
#1861=VERTEX_POINT('',#1860);
#1862=CARTESIAN_POINT('',(29.092828700281,99.487259220696,20.880973605493));
#1863=DIRECTION('',(-1.,0.,0.));
#1864=VECTOR('',#1863,6.342514821829);
#1865=LINE('',#1862,#1864);
#1866=EDGE_CURVE('',#1859,#1861,#1865,.T.);
#1867=ORIENTED_EDGE('',*,*,#1866,.T.);
#1868=CARTESIAN_POINT('',(22.257910001946,99.074083309529,20.86365640398));
#1869=VERTEX_POINT('',#1868);
#1870=CARTESIAN_POINT('',(22.750313878452,99.487259220696,20.880973605493));
#1871=CARTESIAN_POINT('',(22.49645722548,99.487259220696,20.880973605493));
#1872=CARTESIAN_POINT('',(22.301991747123,99.324083309529,20.87413450849));
#1873=CARTESIAN_POINT('',(22.257910001946,99.074083309529,20.86365640398));
#1874=(BOUNDED_CURVE()B_SPLINE_CURVE(3,(#1870,#1871,#1872,#1873),.UNSPECIFIED.,.F.,.U.)B_SPLINE_CURVE_WITH_KNOTS((4,4),(-2.0428103653103E-14,1.3962634015955),.UNSPECIFIED.)CURVE()GEOMETRIC_REPRESENTATION_ITEM()RATIONAL_B_SPLINE_CURVE((1.,0.84402962874598,0.84402962874598,1.))REPRESENTATION_ITEM(''));
#1875=EDGE_CURVE('',#1861,#1869,#1874,.T.);
#1876=ORIENTED_EDGE('',*,*,#1875,.T.);
#1877=CARTESIAN_POINT('',(21.098985631969,92.501496599766,20.588183402191));
#1878=VERTEX_POINT('',#1877);
#1879=CARTESIAN_POINT('',(22.257910001946,99.074083309529,20.86365640398));
#1880=DIRECTION('',(-0.17350044583101,-0.98396992413707,-0.041240558800008));
#1881=VECTOR('',#1880,6.6796622015933);
#1882=LINE('',#1879,#1881);
#1883=EDGE_CURVE('',#1869,#1878,#1882,.T.);
#1884=ORIENTED_EDGE('',*,*,#1883,.T.);
#1885=CARTESIAN_POINT('',(21.591389508475,91.914672510933,20.563588185664));
#1886=VERTEX_POINT('',#1885);
#1887=CARTESIAN_POINT('',(21.098985631969,92.501496599766,20.588183402191));
#1888=CARTESIAN_POINT('',(21.040784869013,92.171423670929,20.574349247614));
#1889=CARTESIAN_POINT('',(21.256224672671,91.914672510933,20.563588185664));
#1890=CARTESIAN_POINT('',(21.591389508475,91.914672510933,20.563588185664));
#1891=(BOUNDED_CURVE()B_SPLINE_CURVE(3,(#1887,#1888,#1889,#1890),.UNSPECIFIED.,.F.,.U.)B_SPLINE_CURVE_WITH_KNOTS((4,4),(1.3962634015955,3.1415926535898),.UNSPECIFIED.)CURVE()GEOMETRIC_REPRESENTATION_ITEM()RATIONAL_B_SPLINE_CURVE((1.,0.76185840645769,0.76185840645769,1.))REPRESENTATION_ITEM(''));
#1892=EDGE_CURVE('',#1878,#1886,#1891,.T.);
#1893=ORIENTED_EDGE('',*,*,#1892,.T.);
#1894=CARTESIAN_POINT('',(30.251753070258,91.914672510933,20.563588185664));
#1895=VERTEX_POINT('',#1894);
#1896=CARTESIAN_POINT('',(21.591389508475,91.914672510933,20.563588185664));
#1897=DIRECTION('',(1.,0.,0.));
#1898=VECTOR('',#1897,8.660363561783);
#1899=LINE('',#1896,#1898);
#1900=EDGE_CURVE('',#1886,#1895,#1899,.T.);
#1901=ORIENTED_EDGE('',*,*,#1900,.T.);
#1902=CARTESIAN_POINT('',(30.251753070258,91.914672510933,20.563588185664));
#1903=CARTESIAN_POINT('',(30.544646289072,91.914672510933,20.563588185664));
#1904=CARTESIAN_POINT('',(30.751753070258,92.121779292119,20.572268531656));
#1905=CARTESIAN_POINT('',(30.751753070258,92.414672510933,20.584544394684));
#1906=(BOUNDED_CURVE()B_SPLINE_CURVE(3,(#1902,#1903,#1904,#1905),.UNSPECIFIED.,.F.,.U.)B_SPLINE_CURVE_WITH_KNOTS((4,4),(3.1415926535898,4.7123889803847),.UNSPECIFIED.)CURVE()GEOMETRIC_REPRESENTATION_ITEM()RATIONAL_B_SPLINE_CURVE((1.,0.80473785412437,0.80473785412437,1.))REPRESENTATION_ITEM(''));
#1907=EDGE_CURVE('',#1895,#222,#1906,.T.);
#1908=ORIENTED_EDGE('',*,*,#1907,.T.);
#1909=ORIENTED_EDGE('',*,*,#228,.F.);
#1910=CARTESIAN_POINT('',(29.585232576787,99.074083309529,20.86365640398));
#1911=VERTEX_POINT('',#1910);
#1912=CARTESIAN_POINT('',(30.744156946764,92.501496599766,20.588183402191));
#1913=DIRECTION('',(-0.17350044583101,0.98396992413707,0.041240558800008));
#1914=VECTOR('',#1913,6.6796622015933);
#1915=LINE('',#1912,#1914);
#1916=EDGE_CURVE('',#220,#1911,#1915,.T.);
#1917=ORIENTED_EDGE('',*,*,#1916,.T.);
#1918=CARTESIAN_POINT('',(29.585232576787,99.074083309529,20.86365640398));
#1919=CARTESIAN_POINT('',(29.54115083161,99.324083309529,20.87413450849));
#1920=CARTESIAN_POINT('',(29.346685353252,99.487259220696,20.880973605493));
#1921=CARTESIAN_POINT('',(29.092828700281,99.487259220696,20.880973605493));
#1922=(BOUNDED_CURVE()B_SPLINE_CURVE(3,(#1918,#1919,#1920,#1921),.UNSPECIFIED.,.F.,.U.)B_SPLINE_CURVE_WITH_KNOTS((4,4),(4.8869219055841,6.2831853071796),.UNSPECIFIED.)CURVE()GEOMETRIC_REPRESENTATION_ITEM()RATIONAL_B_SPLINE_CURVE((1.,0.84402962874598,0.84402962874598,1.))REPRESENTATION_ITEM(''));
#1923=EDGE_CURVE('',#1911,#1859,#1922,.T.);
#1924=ORIENTED_EDGE('',*,*,#1923,.T.);
#1925=EDGE_LOOP('',(#1867,#1876,#1884,#1893,#1901,#1908,#1909,#1917,#1924));
#1926=FACE_BOUND('',#1925,.T.);
#1927=CARTESIAN_POINT('',(31.343668681173,89.101496599766,20.445681180853));
#1928=VERTEX_POINT('',#1927);
#1929=CARTESIAN_POINT('',(32.50259305115,82.528909890003,20.170208179064));
#1930=DIRECTION('',(-0.17350044583101,0.98396992413707,0.041240558800008));
#1931=VECTOR('',#1930,6.6796622015933);
#1932=LINE('',#1929,#1931);
#1933=EDGE_CURVE('',#262,#1928,#1932,.T.);
#1934=ORIENTED_EDGE('',*,*,#1933,.T.);
#1935=CARTESIAN_POINT('',(30.851264804667,89.514672510933,20.462998382366));
#1936=VERTEX_POINT('',#1935);
#1937=CARTESIAN_POINT('',(31.343668681173,89.101496599766,20.445681180853));
#1938=CARTESIAN_POINT('',(31.299586935996,89.351496599766,20.456159285363));
#1939=CARTESIAN_POINT('',(31.105121457638,89.514672510933,20.462998382366));
#1940=CARTESIAN_POINT('',(30.851264804667,89.514672510933,20.462998382366));
#1941=(BOUNDED_CURVE()B_SPLINE_CURVE(3,(#1937,#1938,#1939,#1940),.UNSPECIFIED.,.F.,.U.)B_SPLINE_CURVE_WITH_KNOTS((4,4),(4.8869219055841,6.2831853071796),.UNSPECIFIED.)CURVE()GEOMETRIC_REPRESENTATION_ITEM()RATIONAL_B_SPLINE_CURVE((1.,0.84402962874599,0.84402962874599,1.))REPRESENTATION_ITEM(''));
#1942=EDGE_CURVE('',#1928,#1936,#1941,.T.);
#1943=ORIENTED_EDGE('',*,*,#1942,.T.);
#1944=CARTESIAN_POINT('',(20.991877774066,89.514672510933,20.462998382366));
#1945=VERTEX_POINT('',#1944);
#1946=CARTESIAN_POINT('',(30.851264804667,89.514672510933,20.462998382366));
#1947=DIRECTION('',(-1.,0.,0.));
#1948=VECTOR('',#1947,9.859387030601);
#1949=LINE('',#1946,#1948);
#1950=EDGE_CURVE('',#1936,#1945,#1949,.T.);
#1951=ORIENTED_EDGE('',*,*,#1950,.T.);
#1952=CARTESIAN_POINT('',(20.49947389756,89.101496599766,20.445681180853));
#1953=VERTEX_POINT('',#1952);
#1954=CARTESIAN_POINT('',(20.991877774066,89.514672510933,20.462998382366));
#1955=CARTESIAN_POINT('',(20.738021121095,89.514672510933,20.462998382366));
#1956=CARTESIAN_POINT('',(20.543555642737,89.351496599766,20.456159285363));
#1957=CARTESIAN_POINT('',(20.49947389756,89.101496599766,20.445681180853));
#1958=(BOUNDED_CURVE()B_SPLINE_CURVE(3,(#1954,#1955,#1956,#1957),.UNSPECIFIED.,.F.,.U.)B_SPLINE_CURVE_WITH_KNOTS((4,4),(-2.0428103653103E-14,1.3962634015955),.UNSPECIFIED.)CURVE()GEOMETRIC_REPRESENTATION_ITEM()RATIONAL_B_SPLINE_CURVE((1.,0.84402962874598,0.84402962874598,1.))REPRESENTATION_ITEM(''));
#1959=EDGE_CURVE('',#1945,#1953,#1958,.T.);
#1960=ORIENTED_EDGE('',*,*,#1959,.T.);
#1961=CARTESIAN_POINT('',(19.340549527583,82.528909890003,20.170208179064));
#1962=VERTEX_POINT('',#1961);
#1963=CARTESIAN_POINT('',(20.49947389756,89.101496599766,20.445681180853));
#1964=DIRECTION('',(-0.17350044583101,-0.98396992413707,-0.041240558800008));
#1965=VECTOR('',#1964,6.6796622015933);
#1966=LINE('',#1963,#1965);
#1967=EDGE_CURVE('',#1953,#1962,#1966,.T.);
#1968=ORIENTED_EDGE('',*,*,#1967,.T.);
#1969=CARTESIAN_POINT('',(19.832953404089,81.942085801169,20.145612962536));
#1970=VERTEX_POINT('',#1969);
#1971=CARTESIAN_POINT('',(19.340549527583,82.528909890003,20.170208179064));
#1972=CARTESIAN_POINT('',(19.282348764627,82.198836961166,20.156374024486));
#1973=CARTESIAN_POINT('',(19.497788568285,81.942085801169,20.145612962536));
#1974=CARTESIAN_POINT('',(19.832953404089,81.942085801169,20.145612962536));
#1975=(BOUNDED_CURVE()B_SPLINE_CURVE(3,(#1971,#1972,#1973,#1974),.UNSPECIFIED.,.F.,.U.)B_SPLINE_CURVE_WITH_KNOTS((4,4),(1.3962634015955,3.1415926535898),.UNSPECIFIED.)CURVE()GEOMETRIC_REPRESENTATION_ITEM()RATIONAL_B_SPLINE_CURVE((1.,0.7618584064577,0.7618584064577,1.))REPRESENTATION_ITEM(''));
#1976=EDGE_CURVE('',#1962,#1970,#1975,.T.);
#1977=ORIENTED_EDGE('',*,*,#1976,.T.);
#1978=CARTESIAN_POINT('',(32.010189174644,81.942085801169,20.145612962536));
#1979=VERTEX_POINT('',#1978);
#1980=CARTESIAN_POINT('',(19.832953404089,81.942085801169,20.145612962536));
#1981=DIRECTION('',(1.,0.,0.));
#1982=VECTOR('',#1981,12.177235770555);
#1983=LINE('',#1980,#1982);
#1984=EDGE_CURVE('',#1970,#1979,#1983,.T.);
#1985=ORIENTED_EDGE('',*,*,#1984,.T.);
#1986=CARTESIAN_POINT('',(32.010189174644,81.942085801169,20.145612962536));
#1987=CARTESIAN_POINT('',(32.303082393457,81.942085801169,20.145612962536));
#1988=CARTESIAN_POINT('',(32.510189174644,82.149192582356,20.154293308528));
#1989=CARTESIAN_POINT('',(32.510189174644,82.442085801169,20.166569171556));
#1990=(BOUNDED_CURVE()B_SPLINE_CURVE(3,(#1986,#1987,#1988,#1989),.UNSPECIFIED.,.F.,.U.)B_SPLINE_CURVE_WITH_KNOTS((4,4),(3.1415926535898,4.7123889803847),.UNSPECIFIED.)CURVE()GEOMETRIC_REPRESENTATION_ITEM()RATIONAL_B_SPLINE_CURVE((1.,0.80473785412436,0.80473785412436,1.))REPRESENTATION_ITEM(''));
#1991=EDGE_CURVE('',#1979,#264,#1990,.T.);
#1992=ORIENTED_EDGE('',*,*,#1991,.T.);
#1993=ORIENTED_EDGE('',*,*,#270,.F.);
#1994=EDGE_LOOP('',(#1934,#1943,#1951,#1960,#1968,#1977,#1985,#1992,#1993));
#1995=FACE_BOUND('',#1994,.T.);
#1996=CARTESIAN_POINT('',(36.126573117824,59.596912381643,19.209072712983));
#1997=VERTEX_POINT('',#1996);
#1998=CARTESIAN_POINT('',(15.716569460908,59.596912381643,19.209072712983));
#1999=VERTEX_POINT('',#1998);
#2000=CARTESIAN_POINT('',(36.126573117824,59.596912381643,19.209072712983));
#2001=DIRECTION('',(-1.,0.,0.));
#2002=VECTOR('',#2001,20.410003656916);
#2003=LINE('',#2000,#2002);
#2004=EDGE_CURVE('',#1997,#1999,#2003,.T.);
#2005=ORIENTED_EDGE('',*,*,#2004,.T.);
#2006=CARTESIAN_POINT('',(15.224165584402,59.183736470476,19.19175551147));
#2007=VERTEX_POINT('',#2006);
#2008=CARTESIAN_POINT('',(15.716569460908,59.596912381643,19.209072712983));
#2009=CARTESIAN_POINT('',(15.462712807937,59.596912381643,19.209072712983));
#2010=CARTESIAN_POINT('',(15.268247329579,59.433736470476,19.20223361598));
#2011=CARTESIAN_POINT('',(15.224165584402,59.183736470476,19.19175551147));
#2012=(BOUNDED_CURVE()B_SPLINE_CURVE(3,(#2008,#2009,#2010,#2011),.UNSPECIFIED.,.F.,.U.)B_SPLINE_CURVE_WITH_KNOTS((4,4),(-1.3322676295502E-14,1.3962634015955),.UNSPECIFIED.)CURVE()GEOMETRIC_REPRESENTATION_ITEM()RATIONAL_B_SPLINE_CURVE((1.,0.84402962874598,0.84402962874598,1.))REPRESENTATION_ITEM(''));
#2013=EDGE_CURVE('',#1999,#2007,#2012,.T.);
#2014=ORIENTED_EDGE('',*,*,#2013,.T.);
#2015=CARTESIAN_POINT('',(14.065241214425,52.611149760713,18.916282509681));
#2016=VERTEX_POINT('',#2015);
#2017=CARTESIAN_POINT('',(15.224165584402,59.183736470476,19.19175551147));
#2018=DIRECTION('',(-0.17350044583101,-0.98396992413707,-0.041240558800008));
#2019=VECTOR('',#2018,6.6796622015933);
#2020=LINE('',#2017,#2019);
#2021=EDGE_CURVE('',#2007,#2016,#2020,.T.);
#2022=ORIENTED_EDGE('',*,*,#2021,.T.);
#2023=CARTESIAN_POINT('',(14.557645090931,52.02432567188,18.891687293153));
#2024=VERTEX_POINT('',#2023);
#2025=CARTESIAN_POINT('',(14.065241214425,52.611149760713,18.916282509681));
#2026=CARTESIAN_POINT('',(14.00704045147,52.281076831876,18.902448355104));
#2027=CARTESIAN_POINT('',(14.222480255127,52.02432567188,18.891687293153));
#2028=CARTESIAN_POINT('',(14.557645090931,52.02432567188,18.891687293153));
#2029=(BOUNDED_CURVE()B_SPLINE_CURVE(3,(#2025,#2026,#2027,#2028),.UNSPECIFIED.,.F.,.U.)B_SPLINE_CURVE_WITH_KNOTS((4,4),(1.3962634015955,3.1415926535898),.UNSPECIFIED.)CURVE()GEOMETRIC_REPRESENTATION_ITEM()RATIONAL_B_SPLINE_CURVE((1.,0.76185840645769,0.76185840645769,1.))REPRESENTATION_ITEM(''));
#2030=EDGE_CURVE('',#2016,#2024,#2029,.T.);
#2031=ORIENTED_EDGE('',*,*,#2030,.T.);
#2032=CARTESIAN_POINT('',(37.285497487802,52.02432567188,18.891687293153));
#2033=VERTEX_POINT('',#2032);
#2034=CARTESIAN_POINT('',(14.557645090931,52.02432567188,18.891687293153));
#2035=DIRECTION('',(1.,0.,0.));
#2036=VECTOR('',#2035,22.727852396871);
#2037=LINE('',#2034,#2036);
#2038=EDGE_CURVE('',#2024,#2033,#2037,.T.);
#2039=ORIENTED_EDGE('',*,*,#2038,.T.);
#2040=CARTESIAN_POINT('',(37.285497487802,52.02432567188,18.891687293153));
#2041=CARTESIAN_POINT('',(37.578390706615,52.02432567188,18.891687293153));
#2042=CARTESIAN_POINT('',(37.785497487801,52.231432453066,18.900367639146));
#2043=CARTESIAN_POINT('',(37.785497487801,52.52432567188,18.912643502174));
#2044=(BOUNDED_CURVE()B_SPLINE_CURVE(3,(#2040,#2041,#2042,#2043),.UNSPECIFIED.,.F.,.U.)B_SPLINE_CURVE_WITH_KNOTS((4,4),(3.1415926535898,4.7123889803847),.UNSPECIFIED.)CURVE()GEOMETRIC_REPRESENTATION_ITEM()RATIONAL_B_SPLINE_CURVE((1.,0.80473785412437,0.80473785412437,1.))REPRESENTATION_ITEM(''));
#2045=EDGE_CURVE('',#2033,#306,#2044,.T.);
#2046=ORIENTED_EDGE('',*,*,#2045,.T.);
#2047=ORIENTED_EDGE('',*,*,#312,.F.);
#2048=CARTESIAN_POINT('',(36.618976994331,59.183736470476,19.19175551147));
#2049=VERTEX_POINT('',#2048);
#2050=CARTESIAN_POINT('',(37.777901364308,52.611149760713,18.916282509681));
#2051=DIRECTION('',(-0.17350044583101,0.98396992413707,0.041240558800008));
#2052=VECTOR('',#2051,6.6796622015933);
#2053=LINE('',#2050,#2052);
#2054=EDGE_CURVE('',#304,#2049,#2053,.T.);
#2055=ORIENTED_EDGE('',*,*,#2054,.T.);
#2056=CARTESIAN_POINT('',(36.618976994331,59.183736470476,19.19175551147));
#2057=CARTESIAN_POINT('',(36.574895249153,59.433736470476,19.20223361598));
#2058=CARTESIAN_POINT('',(36.380429770796,59.596912381643,19.209072712983));
#2059=CARTESIAN_POINT('',(36.126573117824,59.596912381643,19.209072712983));
#2060=(BOUNDED_CURVE()B_SPLINE_CURVE(3,(#2056,#2057,#2058,#2059),.UNSPECIFIED.,.F.,.U.)B_SPLINE_CURVE_WITH_KNOTS((4,4),(4.8869219055841,6.2831853071796),.UNSPECIFIED.)CURVE()GEOMETRIC_REPRESENTATION_ITEM()RATIONAL_B_SPLINE_CURVE((1.,0.84402962874598,0.84402962874598,1.))REPRESENTATION_ITEM(''));
#2061=EDGE_CURVE('',#2049,#1997,#2060,.T.);
#2062=ORIENTED_EDGE('',*,*,#2061,.T.);
#2063=EDGE_LOOP('',(#2005,#2014,#2022,#2031,#2039,#2046,#2047,#2055,#2062));
#2064=FACE_BOUND('',#2063,.T.);
#2065=CARTESIAN_POINT('',(12.359703204252,42.93856305095,18.510881011966));
#2066=VERTEX_POINT('',#2065);
#2067=CARTESIAN_POINT('',(12.852107080758,42.351738962116,18.486285795438));
#2068=VERTEX_POINT('',#2067);
#2069=CARTESIAN_POINT('',(12.359703204252,42.93856305095,18.510881011966));
#2070=CARTESIAN_POINT('',(12.301502441297,42.608490122113,18.497046857388));
#2071=CARTESIAN_POINT('',(12.516942244954,42.351738962116,18.486285795438));
#2072=CARTESIAN_POINT('',(12.852107080758,42.351738962116,18.486285795438));
#2073=(BOUNDED_CURVE()B_SPLINE_CURVE(3,(#2069,#2070,#2071,#2072),.UNSPECIFIED.,.F.,.U.)B_SPLINE_CURVE_WITH_KNOTS((4,4),(1.3962634015955,3.1415926535898),.UNSPECIFIED.)CURVE()GEOMETRIC_REPRESENTATION_ITEM()RATIONAL_B_SPLINE_CURVE((1.,0.76185840645769,0.76185840645769,1.))REPRESENTATION_ITEM(''));
#2074=EDGE_CURVE('',#2066,#2068,#2073,.T.);
#2075=ORIENTED_EDGE('',*,*,#2074,.T.);
#2076=CARTESIAN_POINT('',(38.991035497975,42.351738962116,18.486285795438));
#2077=VERTEX_POINT('',#2076);
#2078=CARTESIAN_POINT('',(12.852107080758,42.351738962116,18.486285795438));
#2079=DIRECTION('',(1.,0.,0.));
#2080=VECTOR('',#2079,26.138928417217);
#2081=LINE('',#2078,#2080);
#2082=EDGE_CURVE('',#2068,#2077,#2081,.T.);
#2083=ORIENTED_EDGE('',*,*,#2082,.T.);
#2084=CARTESIAN_POINT('',(38.991035497975,42.351738962116,18.486285795438));
#2085=CARTESIAN_POINT('',(39.283928716788,42.351738962116,18.486285795438));
#2086=CARTESIAN_POINT('',(39.491035497975,42.558845743303,18.49496614143));
#2087=CARTESIAN_POINT('',(39.491035497975,42.851738962116,18.507242004458));
#2088=(BOUNDED_CURVE()B_SPLINE_CURVE(3,(#2084,#2085,#2086,#2087),.UNSPECIFIED.,.F.,.U.)B_SPLINE_CURVE_WITH_KNOTS((4,4),(3.1415926535898,4.7123889803847),.UNSPECIFIED.)CURVE()GEOMETRIC_REPRESENTATION_ITEM()RATIONAL_B_SPLINE_CURVE((1.,0.80473785412436,0.80473785412436,1.))REPRESENTATION_ITEM(''));
#2089=EDGE_CURVE('',#2077,#348,#2088,.T.);
#2090=ORIENTED_EDGE('',*,*,#2089,.T.);
#2091=ORIENTED_EDGE('',*,*,#354,.F.);
#2092=CARTESIAN_POINT('',(38.377869205439,49.20856305095,18.773671873081));
#2093=VERTEX_POINT('',#2092);
#2094=CARTESIAN_POINT('',(39.483439374481,42.93856305095,18.510881011966));
#2095=DIRECTION('',(-0.17350044583102,0.98396992413707,0.041240558799879));
#2096=VECTOR('',#2095,6.3721459835256);
#2097=LINE('',#2094,#2096);
#2098=EDGE_CURVE('',#346,#2093,#2097,.T.);
#2099=ORIENTED_EDGE('',*,*,#2098,.T.);
#2100=CARTESIAN_POINT('',(37.885465328933,49.621738962116,18.790989074595));
#2101=VERTEX_POINT('',#2100);
#2102=CARTESIAN_POINT('',(38.377869205439,49.20856305095,18.773671873081));
#2103=CARTESIAN_POINT('',(38.333787460262,49.45856305095,18.784149977592));
#2104=CARTESIAN_POINT('',(38.139321981904,49.621738962116,18.790989074595));
#2105=CARTESIAN_POINT('',(37.885465328933,49.621738962116,18.790989074595));
#2106=(BOUNDED_CURVE()B_SPLINE_CURVE(3,(#2102,#2103,#2104,#2105),.UNSPECIFIED.,.F.,.U.)B_SPLINE_CURVE_WITH_KNOTS((4,4),(4.8869219055841,6.2831853071796),.UNSPECIFIED.)CURVE()GEOMETRIC_REPRESENTATION_ITEM()RATIONAL_B_SPLINE_CURVE((1.,0.84402962874598,0.84402962874598,1.))REPRESENTATION_ITEM(''));
#2107=EDGE_CURVE('',#2093,#2101,#2106,.T.);
#2108=ORIENTED_EDGE('',*,*,#2107,.T.);
#2109=CARTESIAN_POINT('',(13.9576772498,49.621738962116,18.790989074595));
#2110=VERTEX_POINT('',#2109);
#2111=CARTESIAN_POINT('',(37.885465328933,49.621738962116,18.790989074595));
#2112=DIRECTION('',(-1.,0.,0.));
#2113=VECTOR('',#2112,23.927788079133);
#2114=LINE('',#2111,#2113);
#2115=EDGE_CURVE('',#2101,#2110,#2114,.T.);
#2116=ORIENTED_EDGE('',*,*,#2115,.T.);
#2117=CARTESIAN_POINT('',(13.465273373294,49.20856305095,18.773671873081));
#2118=VERTEX_POINT('',#2117);
#2119=CARTESIAN_POINT('',(13.9576772498,49.621738962116,18.790989074595));
#2120=CARTESIAN_POINT('',(13.703820596829,49.621738962116,18.790989074595));
#2121=CARTESIAN_POINT('',(13.509355118471,49.45856305095,18.784149977592));
#2122=CARTESIAN_POINT('',(13.465273373294,49.20856305095,18.773671873081));
#2123=(BOUNDED_CURVE()B_SPLINE_CURVE(3,(#2119,#2120,#2121,#2122),.UNSPECIFIED.,.F.,.U.)B_SPLINE_CURVE_WITH_KNOTS((4,4),(-3.5527136788005E-15,1.3962634015955),.UNSPECIFIED.)CURVE()GEOMETRIC_REPRESENTATION_ITEM()RATIONAL_B_SPLINE_CURVE((1.,0.84402962874598,0.84402962874598,1.))REPRESENTATION_ITEM(''));
#2124=EDGE_CURVE('',#2110,#2118,#2123,.T.);
#2125=ORIENTED_EDGE('',*,*,#2124,.T.);
#2126=CARTESIAN_POINT('',(13.465273373294,49.20856305095,18.773671873081));
#2127=DIRECTION('',(-0.17350044583102,-0.98396992413707,-0.041240558799879));
#2128=VECTOR('',#2127,6.3721459835256);
#2129=LINE('',#2126,#2128);
#2130=EDGE_CURVE('',#2118,#2066,#2129,.T.);
#2131=ORIENTED_EDGE('',*,*,#2130,.T.);
#2132=EDGE_LOOP('',(#2075,#2083,#2090,#2091,#2099,#2108,#2116,#2125,#2131));
#2133=FACE_BOUND('',#2132,.T.);
#2134=ADVANCED_FACE('',(#1581,#1650,#1719,#1788,#1857,#1926,#1995,#2064,#2133),#1488,.T.);
#2135=CARTESIAN_POINT('',(20.510023408175,111.04465368347,38.31832302968));
#2136=DIRECTION('',(-0.64278760968654,0.76604444311898,0.));
#2137=DIRECTION('',(-0.76604444311898,-0.64278760968654,1.475357400409E-16));
#2138=AXIS2_PLACEMENT_3D('',#2135,#2137,#2136);
#2139=PLANE('',#2138);
#2140=ORIENTED_EDGE('',*,*,#779,.F.);
#2141=ORIENTED_EDGE('',*,*,#628,.F.);
#2142=ORIENTED_EDGE('',*,*,#713,.F.);
#2143=ORIENTED_EDGE('',*,*,#569,.F.);
#2144=EDGE_LOOP('',(#2140,#2141,#2142,#2143));
#2145=FACE_OUTER_BOUND('',#2144,.T.);
#2146=ADVANCED_FACE('',(#2145),#2139,.T.);
#2147=CARTESIAN_POINT('',(23.951955783342,120.19903531745,37.31832302968));
#2148=DIRECTION('',(0.17364817766692,0.98480775301221,0.));
#2149=DIRECTION('',(-0.98480775301221,0.17364817766692,5.4161052909559E-16));
#2150=AXIS2_PLACEMENT_3D('',#2147,#2149,#2148);
#2151=PLANE('',#2150);
#2152=ORIENTED_EDGE('',*,*,#758,.F.);
#2153=ORIENTED_EDGE('',*,*,#1574,.F.);
#2154=CARTESIAN_POINT('',(7.9215712893665,29.286207175281,17.938677765263));
#2155=DIRECTION('',(0.,0.,1.));
#2156=VECTOR('',#2155,19.759290528835);
#2157=LINE('',#2154,#2156);
#2158=EDGE_CURVE('',#1563,#809,#2157,.T.);
#2159=ORIENTED_EDGE('',*,*,#2158,.T.);
#2160=ORIENTED_EDGE('',*,*,#814,.F.);
#2161=EDGE_LOOP('',(#2152,#2153,#2159,#2160));
#2162=FACE_OUTER_BOUND('',#2161,.T.);
#2163=ADVANCED_FACE('',(#2162),#2151,.T.);
#2164=CARTESIAN_POINT('',(9.7845596089184,39.851738962116,37.31832302968));
#2165=DIRECTION('',(0.,1.8760879607087E-16,1.));
#2166=DIRECTION('',(1.1912415865337E-16,-1.,1.8760879607087E-16));
#2167=AXIS2_PLACEMENT_3D('',#2164,#2166,#2165);
#2168=PLANE('',#2167);
#2169=ORIENTED_EDGE('',*,*,#1624,.F.);
#2170=CARTESIAN_POINT('',(39.608179930454,39.851738962116,18.381504750336));
#2171=DIRECTION('',(0.,0.,1.));
#2172=VECTOR('',#2171,18.873636558689);
#2173=LINE('',#2170,#2172);
#2174=EDGE_CURVE('',#1610,#910,#2173,.T.);
#2175=ORIENTED_EDGE('',*,*,#2174,.T.);
#2176=ORIENTED_EDGE('',*,*,#915,.F.);
#2177=CARTESIAN_POINT('',(12.234962648278,39.851738962116,37.255141309025));
#2178=DIRECTION('',(0.,0.,-1.));
#2179=VECTOR('',#2178,18.873636558689);
#2180=LINE('',#2177,#2179);
#2181=EDGE_CURVE('',#908,#1619,#2180,.T.);
#2182=ORIENTED_EDGE('',*,*,#2181,.T.);
#2183=EDGE_LOOP('',(#2169,#2175,#2176,#2182));
#2184=FACE_OUTER_BOUND('',#2183,.T.);
#2185=ADVANCED_FACE('',(#2184),#2168,.T.);
#2186=CARTESIAN_POINT('',(39.804071958171,41.120165308294,77.478229196926));
#2187=DIRECTION('',(0.17364817766692,-0.98480775301221,0.));
#2188=DIRECTION('',(-0.98480775301221,-0.17364817766692,5.4024066842349E-16));
#2189=AXIS2_PLACEMENT_3D('',#2186,#2188,#2187);
#2190=PLANE('',#2189);
#2191=ORIENTED_EDGE('',*,*,#932,.F.);
#2192=CARTESIAN_POINT('',(40.100583806961,39.43856305095,37.272458510538));
#2193=DIRECTION('',(0.,0.,-1.));
#2194=VECTOR('',#2193,18.908270961715);
#2195=LINE('',#2192,#2194);
#2196=EDGE_CURVE('',#918,#1602,#2195,.T.);
#2197=ORIENTED_EDGE('',*,*,#2196,.T.);
#2198=ORIENTED_EDGE('',*,*,#1607,.F.);
#2199=CARTESIAN_POINT('',(41.422660138537,31.940695587531,18.049933793282));
#2200=DIRECTION('',(0.,0.,1.));
#2201=VECTOR('',#2200,19.536778472797);
#2202=LINE('',#2199,#2201);
#2203=EDGE_CURVE('',#1593,#927,#2202,.T.);
#2204=ORIENTED_EDGE('',*,*,#2203,.T.);
#2205=EDGE_LOOP('',(#2191,#2197,#2198,#2204));
#2206=FACE_OUTER_BOUND('',#2205,.T.);
#2207=ADVANCED_FACE('',(#2206),#2190,.T.);
#2208=CARTESIAN_POINT('',(40.930256262031,31.353871498697,77.478229196926));
#2209=DIRECTION('',(-1.,1.1835526181245E-16,0.));
#2210=DIRECTION('',(1.1835526181245E-16,1.,-1.1951357256951E-16));
#2211=AXIS2_PLACEMENT_3D('',#2208,#2210,#2209);
#2212=PLANE('',#2211);
#2213=CARTESIAN_POINT('',(40.930256262031,31.353871498697,37.611307482607));
#2214=DIRECTION('',(0.,0.,-1.));
#2215=VECTOR('',#2214,19.585968905853);
#2216=LINE('',#2213,#2215);
#2217=EDGE_CURVE('',#935,#1585,#2216,.T.);
#2218=ORIENTED_EDGE('',*,*,#2217,.T.);
#2219=ORIENTED_EDGE('',*,*,#1590,.F.);
#2220=CARTESIAN_POINT('',(10.912886316702,31.353871498697,18.025338576754));
#2221=DIRECTION('',(0.,0.,1.));
#2222=VECTOR('',#2221,19.585968905853);
#2223=LINE('',#2220,#2222);
#2224=EDGE_CURVE('',#1583,#944,#2223,.T.);
#2225=ORIENTED_EDGE('',*,*,#2224,.T.);
#2226=ORIENTED_EDGE('',*,*,#949,.F.);
#2227=EDGE_LOOP('',(#2218,#2219,#2225,#2226));
#2228=FACE_OUTER_BOUND('',#2227,.T.);
#2229=ADVANCED_FACE('',(#2228),#2212,.T.);
#2230=CARTESIAN_POINT('',(12.039070620562,41.120165308294,77.478229196926));
#2231=DIRECTION('',(0.17364817766692,0.98480775301221,0.));
#2232=DIRECTION('',(0.98480775301221,-0.17364817766692,-5.0127616780034E-16));
#2233=AXIS2_PLACEMENT_3D('',#2230,#2232,#2231);
#2234=PLANE('',#2233);
#2235=ORIENTED_EDGE('',*,*,#1639,.F.);
#2236=CARTESIAN_POINT('',(11.742558771772,39.43856305095,18.364187548823));
#2237=DIRECTION('',(0.,0.,1.));
#2238=VECTOR('',#2237,18.908270961715);
#2239=LINE('',#2236,#2238);
#2240=EDGE_CURVE('',#1627,#960,#2239,.T.);
#2241=ORIENTED_EDGE('',*,*,#2240,.T.);
#2242=ORIENTED_EDGE('',*,*,#965,.F.);
#2243=ORIENTED_EDGE('',*,*,#83,.F.);
#2244=EDGE_LOOP('',(#2235,#2241,#2242,#2243));
#2245=FACE_OUTER_BOUND('',#2244,.T.);
#2246=ADVANCED_FACE('',(#2245),#2234,.T.);
#2247=CARTESIAN_POINT('',(17.478640503406,71.969499091406,37.31832302968));
#2248=DIRECTION('',(-1.,4.3618379362966E-16,0.));
#2249=DIRECTION('',(4.3618379362966E-16,1.,-4.0393124203813E-16));
#2250=AXIS2_PLACEMENT_3D('',#2247,#2249,#2248);
#2251=PLANE('',#2250);
#2252=ORIENTED_EDGE('',*,*,#984,.F.);
#2253=CARTESIAN_POINT('',(33.76862527903,71.969499091406,35.909008319952));
#2254=DIRECTION('',(0.,0.,-1.));
#2255=VECTOR('',#2254,16.181370580543);
#2256=LINE('',#2253,#2255);
#2257=EDGE_CURVE('',#977,#1671,#2256,.T.);
#2258=ORIENTED_EDGE('',*,*,#2257,.T.);
#2259=ORIENTED_EDGE('',*,*,#1676,.F.);
#2260=CARTESIAN_POINT('',(18.074517299703,71.969499091406,19.727637739409));
#2261=DIRECTION('',(0.,0.,1.));
#2262=VECTOR('',#2261,16.181370580543);
#2263=LINE('',#2260,#2262);
#2264=EDGE_CURVE('',#1662,#979,#2263,.T.);
#2265=ORIENTED_EDGE('',*,*,#2264,.T.);
#2266=EDGE_LOOP('',(#2252,#2258,#2259,#2265));
#2267=FACE_OUTER_BOUND('',#2266,.T.);
#2268=ADVANCED_FACE('',(#2267),#2251,.T.);
#2269=CARTESIAN_POINT('',(17.478640503406,71.969499091406,37.31832302968));
#2270=DIRECTION('',(0.17364817766692,0.98480775301221,0.));
#2271=DIRECTION('',(0.98480775301221,-0.17364817766692,-4.9793949029455E-16));
#2272=AXIS2_PLACEMENT_3D('',#2269,#2271,#2270);
#2273=PLANE('',#2272);
#2274=ORIENTED_EDGE('',*,*,#1001,.F.);
#2275=CARTESIAN_POINT('',(17.582113423197,72.55632318024,35.884413103425));
#2276=DIRECTION('',(0.,0.,-1.));
#2277=VECTOR('',#2276,16.132180147489);
#2278=LINE('',#2275,#2277);
#2279=EDGE_CURVE('',#987,#1654,#2278,.T.);
#2280=ORIENTED_EDGE('',*,*,#2279,.T.);
#2281=ORIENTED_EDGE('',*,*,#1659,.F.);
#2282=CARTESIAN_POINT('',(18.741037793174,79.128909890003,20.027705957725));
#2283=DIRECTION('',(0.,0.,1.));
#2284=VECTOR('',#2283,15.581234143911);
#2285=LINE('',#2282,#2284);
#2286=EDGE_CURVE('',#1652,#996,#2285,.T.);
#2287=ORIENTED_EDGE('',*,*,#2286,.T.);
#2288=EDGE_LOOP('',(#2274,#2280,#2281,#2287));
#2289=FACE_OUTER_BOUND('',#2288,.T.);
#2290=ADVANCED_FACE('',(#2289),#2273,.T.);
#2291=CARTESIAN_POINT('',(18.813891854092,79.542085801169,37.31832302968));
#2292=DIRECTION('',(0.,0.,-1.));
#2293=DIRECTION('',(0.,-1.,0.));
#2294=AXIS2_PLACEMENT_3D('',#2291,#2293,#2292);
#2295=PLANE('',#2294);
#2296=ORIENTED_EDGE('',*,*,#1018,.F.);
#2297=CARTESIAN_POINT('',(19.23344166968,79.542085801169,35.591622900123));
#2298=DIRECTION('',(0.,0.,-1.));
#2299=VECTOR('',#2298,15.546599740885);
#2300=LINE('',#2297,#2299);
#2301=EDGE_CURVE('',#1004,#1704,#2300,.T.);
#2302=ORIENTED_EDGE('',*,*,#2301,.T.);
#2303=ORIENTED_EDGE('',*,*,#1709,.F.);
#2304=CARTESIAN_POINT('',(32.609700909053,79.542085801169,20.045023159238));
#2305=DIRECTION('',(0.,0.,1.));
#2306=VECTOR('',#2305,15.546599740885);
#2307=LINE('',#2304,#2306);
#2308=EDGE_CURVE('',#1695,#1013,#2307,.T.);
#2309=ORIENTED_EDGE('',*,*,#2308,.T.);
#2310=EDGE_LOOP('',(#2296,#2302,#2303,#2309));
#2311=FACE_OUTER_BOUND('',#2310,.T.);
#2312=ADVANCED_FACE('',(#2311),#2295,.T.);
#2313=CARTESIAN_POINT('',(33.029250724641,79.542085801169,37.31832302968));
#2314=DIRECTION('',(0.17364817766692,-0.98480775301221,0.));
#2315=DIRECTION('',(-0.98480775301221,-0.17364817766692,5.6817962381386E-16));
#2316=AXIS2_PLACEMENT_3D('',#2313,#2315,#2314);
#2317=PLANE('',#2316);
#2318=ORIENTED_EDGE('',*,*,#1033,.F.);
#2319=CARTESIAN_POINT('',(33.102104785559,79.128909890003,35.608940101636));
#2320=DIRECTION('',(0.,0.,-1.));
#2321=VECTOR('',#2320,15.581234143911);
#2322=LINE('',#2319,#2321);
#2323=EDGE_CURVE('',#1021,#1687,#2322,.T.);
#2324=ORIENTED_EDGE('',*,*,#2323,.T.);
#2325=ORIENTED_EDGE('',*,*,#1692,.F.);
#2326=ORIENTED_EDGE('',*,*,#125,.F.);
#2327=EDGE_LOOP('',(#2318,#2324,#2325,#2326));
#2328=FACE_OUTER_BOUND('',#2327,.T.);
#2329=ADVANCED_FACE('',(#2328),#2317,.T.);
#2330=CARTESIAN_POINT('',(15.72020439902,61.996912381643,37.31832302968));
#2331=DIRECTION('',(-1.,1.7936786647166E-16,0.));
#2332=DIRECTION('',(1.7936786647166E-16,1.,-1.9727806386028E-16));
#2333=AXIS2_PLACEMENT_3D('',#2330,#2332,#2331);
#2334=PLANE('',#2333);
#2335=ORIENTED_EDGE('',*,*,#1053,.F.);
#2336=CARTESIAN_POINT('',(35.527061383416,61.996912381643,36.32698354308));
#2337=DIRECTION('',(0.,0.,-1.));
#2338=VECTOR('',#2337,17.017321026799);
#2339=LINE('',#2336,#2338);
#2340=EDGE_CURVE('',#1046,#1740,#2339,.T.);
#2341=ORIENTED_EDGE('',*,*,#2340,.T.);
#2342=ORIENTED_EDGE('',*,*,#1745,.F.);
#2343=CARTESIAN_POINT('',(16.316081195317,61.996912381643,19.309662516281));
#2344=DIRECTION('',(0.,0.,1.));
#2345=VECTOR('',#2344,17.017321026799);
#2346=LINE('',#2343,#2345);
#2347=EDGE_CURVE('',#1731,#1048,#2346,.T.);
#2348=ORIENTED_EDGE('',*,*,#2347,.T.);
#2349=EDGE_LOOP('',(#2335,#2341,#2342,#2348));
#2350=FACE_OUTER_BOUND('',#2349,.T.);
#2351=ADVANCED_FACE('',(#2350),#2334,.T.);
#2352=CARTESIAN_POINT('',(15.72020439902,61.996912381643,37.31832302968));
#2353=DIRECTION('',(0.17364817766692,0.98480775301221,0.));
#2354=DIRECTION('',(0.98480775301221,-0.17364817766692,-4.7203382883526E-16));
#2355=AXIS2_PLACEMENT_3D('',#2352,#2354,#2353);
#2356=PLANE('',#2355);
#2357=ORIENTED_EDGE('',*,*,#1070,.F.);
#2358=CARTESIAN_POINT('',(15.823677318811,62.583736470476,36.302388326552));
#2359=DIRECTION('',(0.,0.,-1.));
#2360=VECTOR('',#2359,16.968130593743);
#2361=LINE('',#2358,#2360);
#2362=EDGE_CURVE('',#1056,#1723,#2361,.T.);
#2363=ORIENTED_EDGE('',*,*,#2362,.T.);
#2364=ORIENTED_EDGE('',*,*,#1728,.F.);
#2365=CARTESIAN_POINT('',(16.982601688788,69.15632318024,19.609730734597));
#2366=DIRECTION('',(0.,0.,1.));
#2367=VECTOR('',#2366,16.417184590167);
#2368=LINE('',#2365,#2367);
#2369=EDGE_CURVE('',#1721,#1065,#2368,.T.);
#2370=ORIENTED_EDGE('',*,*,#2369,.T.);
#2371=EDGE_LOOP('',(#2357,#2363,#2364,#2370));
#2372=FACE_OUTER_BOUND('',#2371,.T.);
#2373=ADVANCED_FACE('',(#2372),#2356,.T.);
#2374=CARTESIAN_POINT('',(17.055455749706,69.569499091406,37.31832302968));
#2375=DIRECTION('',(1.,0.,0.));
#2376=DIRECTION('',(0.,-1.,0.));
#2377=AXIS2_PLACEMENT_3D('',#2374,#2376,#2375);
#2378=PLANE('',#2377);
#2379=ORIENTED_EDGE('',*,*,#1087,.F.);
#2380=CARTESIAN_POINT('',(17.475005565294,69.569499091406,36.00959812325));
#2381=DIRECTION('',(0.,0.,-1.));
#2382=VECTOR('',#2381,16.382550187139);
#2383=LINE('',#2380,#2382);
#2384=EDGE_CURVE('',#1073,#1773,#2383,.T.);
#2385=ORIENTED_EDGE('',*,*,#2384,.T.);
#2386=ORIENTED_EDGE('',*,*,#1778,.F.);
#2387=CARTESIAN_POINT('',(34.368137013439,69.569499091406,19.627047936111));
#2388=DIRECTION('',(0.,0.,1.));
#2389=VECTOR('',#2388,16.382550187139);
#2390=LINE('',#2387,#2389);
#2391=EDGE_CURVE('',#1764,#1082,#2390,.T.);
#2392=ORIENTED_EDGE('',*,*,#2391,.T.);
#2393=EDGE_LOOP('',(#2379,#2385,#2386,#2392));
#2394=FACE_OUTER_BOUND('',#2393,.T.);
#2395=ADVANCED_FACE('',(#2394),#2378,.T.);
#2396=CARTESIAN_POINT('',(34.787686829027,69.569499091406,37.31832302968));
#2397=DIRECTION('',(0.17364817766692,-0.98480775301221,0.));
#2398=DIRECTION('',(-0.98480775301221,-0.17364817766692,6.5224765612805E-16));
#2399=AXIS2_PLACEMENT_3D('',#2396,#2398,#2397);
#2400=PLANE('',#2399);
#2401=ORIENTED_EDGE('',*,*,#1102,.F.);
#2402=CARTESIAN_POINT('',(34.860540889945,69.15632318024,36.026915324764));
#2403=DIRECTION('',(0.,0.,-1.));
#2404=VECTOR('',#2403,16.417184590167);
#2405=LINE('',#2402,#2404);
#2406=EDGE_CURVE('',#1090,#1756,#2405,.T.);
#2407=ORIENTED_EDGE('',*,*,#2406,.T.);
#2408=ORIENTED_EDGE('',*,*,#1761,.F.);
#2409=ORIENTED_EDGE('',*,*,#167,.F.);
#2410=EDGE_LOOP('',(#2401,#2407,#2408,#2409));
#2411=FACE_OUTER_BOUND('',#2410,.T.);
#2412=ADVANCED_FACE('',(#2411),#2400,.T.);
#2413=CARTESIAN_POINT('',(22.753948816564,101.8872592207,37.31832302968));
#2414=DIRECTION('',(0.17364817766692,0.98480775301221,0.));
#2415=DIRECTION('',(0.98480775301221,-0.17364817766692,-6.1185592558839E-16));
#2416=AXIS2_PLACEMENT_3D('',#2413,#2415,#2414);
#2417=PLANE('',#2416);
#2418=ORIENTED_EDGE('',*,*,#1122,.F.);
#2419=CARTESIAN_POINT('',(22.857421736355,102.47408330953,34.630487434042));
#2420=DIRECTION('',(-7.3535017503416E-14,0.,-1.));
#2421=VECTOR('',#2420,13.624328808723);
#2422=LINE('',#2419,#2421);
#2423=EDGE_CURVE('',#1115,#1809,#2422,.T.);
#2424=ORIENTED_EDGE('',*,*,#2423,.T.);
#2425=ORIENTED_EDGE('',*,*,#1814,.F.);
#2426=CARTESIAN_POINT('',(24.033978804402,109.14667001929,21.285822868912));
#2427=DIRECTION('',(0.,0.,1.));
#2428=VECTOR('',#2427,13.065000321537);
#2429=LINE('',#2426,#2428);
#2430=EDGE_CURVE('',#1800,#1117,#2429,.T.);
#2431=ORIENTED_EDGE('',*,*,#2430,.T.);
#2432=EDGE_LOOP('',(#2418,#2424,#2425,#2431));
#2433=FACE_OUTER_BOUND('',#2432,.T.);
#2434=ADVANCED_FACE('',(#2433),#2417,.T.);
#2435=CARTESIAN_POINT('',(24.10683286532,109.55984593046,37.31832302968));
#2436=DIRECTION('',(1.,2.2135790893845E-15,0.));
#2437=DIRECTION('',(2.2135790893845E-15,-1.,4.4366819758964E-16));
#2438=AXIS2_PLACEMENT_3D('',#2435,#2437,#2436);
#2439=PLANE('',#2438);
#2440=ORIENTED_EDGE('',*,*,#1139,.F.);
#2441=CARTESIAN_POINT('',(24.526382680909,109.55984593046,34.333505988936));
#2442=DIRECTION('',(0.,0.,-1.));
#2443=VECTOR('',#2442,13.030365918511);
#2444=LINE('',#2441,#2443);
#2445=EDGE_CURVE('',#1125,#1792,#2444,.T.);
#2446=ORIENTED_EDGE('',*,*,#2445,.T.);
#2447=ORIENTED_EDGE('',*,*,#1797,.F.);
#2448=CARTESIAN_POINT('',(27.316759897824,109.55984593046,21.303140070425));
#2449=DIRECTION('',(0.,0.,1.));
#2450=VECTOR('',#2449,13.030365918511);
#2451=LINE('',#2448,#2450);
#2452=EDGE_CURVE('',#1790,#1134,#2451,.T.);
#2453=ORIENTED_EDGE('',*,*,#2452,.T.);
#2454=EDGE_LOOP('',(#2440,#2446,#2447,#2453));
#2455=FACE_OUTER_BOUND('',#2454,.T.);
#2456=ADVANCED_FACE('',(#2455),#2439,.T.);
#2457=CARTESIAN_POINT('',(27.736309713413,109.55984593046,37.31832302968));
#2458=DIRECTION('',(0.17364817766692,-0.98480775301221,0.));
#2459=DIRECTION('',(-0.98480775301221,-0.17364817766692,5.3621639170396E-16));
#2460=AXIS2_PLACEMENT_3D('',#2457,#2459,#2458);
#2461=PLANE('',#2460);
#2462=ORIENTED_EDGE('',*,*,#1154,.F.);
#2463=CARTESIAN_POINT('',(27.80916377433,109.14667001929,34.350823190449));
#2464=DIRECTION('',(0.,0.,-1.));
#2465=VECTOR('',#2464,13.065000321537);
#2466=LINE('',#2463,#2465);
#2467=EDGE_CURVE('',#1142,#1842,#2466,.T.);
#2468=ORIENTED_EDGE('',*,*,#2467,.T.);
#2469=ORIENTED_EDGE('',*,*,#1847,.F.);
#2470=ORIENTED_EDGE('',*,*,#209,.F.);
#2471=EDGE_LOOP('',(#2462,#2468,#2469,#2470));
#2472=FACE_OUTER_BOUND('',#2471,.T.);
#2473=ADVANCED_FACE('',(#2472),#2461,.T.);
#2474=CARTESIAN_POINT('',(22.753948816564,101.8872592207,37.31832302968));
#2475=DIRECTION('',(-1.,-2.4760312190316E-15,0.));
#2476=DIRECTION('',(-2.4760312190316E-15,1.,0.));
#2477=AXIS2_PLACEMENT_3D('',#2474,#2476,#2475);
#2478=PLANE('',#2477);
#2479=ORIENTED_EDGE('',*,*,#1172,.F.);
#2480=CARTESIAN_POINT('',(28.493316965872,101.8872592207,34.65508265057));
#2481=DIRECTION('',(0.,0.,-1.));
#2482=VECTOR('',#2481,13.673519241779);
#2483=LINE('',#2480,#2482);
#2484=EDGE_CURVE('',#1158,#1826,#2483,.T.);
#2485=ORIENTED_EDGE('',*,*,#2484,.T.);
#2486=ORIENTED_EDGE('',*,*,#1831,.F.);
#2487=CARTESIAN_POINT('',(23.349825612861,101.8872592207,20.981563408791));
#2488=DIRECTION('',(0.,0.,1.));
#2489=VECTOR('',#2488,13.673519241779);
#2490=LINE('',#2487,#2489);
#2491=EDGE_CURVE('',#1817,#1167,#2490,.T.);
#2492=ORIENTED_EDGE('',*,*,#2491,.T.);
#2493=EDGE_LOOP('',(#2479,#2485,#2486,#2492));
#2494=FACE_OUTER_BOUND('',#2493,.T.);
#2495=ADVANCED_FACE('',(#2494),#2478,.T.);
#2496=CARTESIAN_POINT('',(20.995512712178,91.914672510933,37.31832302968));
#2497=DIRECTION('',(0.17364817766692,0.98480775301221,0.));
#2498=DIRECTION('',(0.98480775301221,-0.17364817766692,-5.2281990064305E-16));
#2499=AXIS2_PLACEMENT_3D('',#2496,#2498,#2497);
#2500=PLANE('',#2499);
#2501=ORIENTED_EDGE('',*,*,#1191,.F.);
#2502=CARTESIAN_POINT('',(21.098985631969,92.501496599766,35.04846265717));
#2503=DIRECTION('',(0.,0.,-1.));
#2504=VECTOR('',#2503,14.460279254979);
#2505=LINE('',#2502,#2504);
#2506=EDGE_CURVE('',#1184,#1878,#2505,.T.);
#2507=ORIENTED_EDGE('',*,*,#2506,.T.);
#2508=ORIENTED_EDGE('',*,*,#1883,.F.);
#2509=CARTESIAN_POINT('',(22.257910001946,99.074083309529,20.86365640398));
#2510=DIRECTION('',(0.,0.,1.));
#2511=VECTOR('',#2510,13.909333251401);
#2512=LINE('',#2509,#2511);
#2513=EDGE_CURVE('',#1869,#1186,#2512,.T.);
#2514=ORIENTED_EDGE('',*,*,#2513,.T.);
#2515=EDGE_LOOP('',(#2501,#2507,#2508,#2514));
#2516=FACE_OUTER_BOUND('',#2515,.T.);
#2517=ADVANCED_FACE('',(#2516),#2500,.T.);
#2518=CARTESIAN_POINT('',(22.330764062863,99.487259220696,37.31832302968));
#2519=DIRECTION('',(0.,0.,-1.));
#2520=DIRECTION('',(0.,-1.,0.));
#2521=AXIS2_PLACEMENT_3D('',#2518,#2520,#2519);
#2522=PLANE('',#2521);
#2523=ORIENTED_EDGE('',*,*,#1208,.F.);
#2524=CARTESIAN_POINT('',(22.750313878452,99.487259220696,34.755672453868));
#2525=DIRECTION('',(0.,0.,-1.));
#2526=VECTOR('',#2525,13.874698848375);
#2527=LINE('',#2524,#2526);
#2528=EDGE_CURVE('',#1194,#1861,#2527,.T.);
#2529=ORIENTED_EDGE('',*,*,#2528,.T.);
#2530=ORIENTED_EDGE('',*,*,#1866,.F.);
#2531=CARTESIAN_POINT('',(29.092828700281,99.487259220696,20.880973605493));
#2532=DIRECTION('',(0.,0.,1.));
#2533=VECTOR('',#2532,13.874698848375);
#2534=LINE('',#2531,#2533);
#2535=EDGE_CURVE('',#1859,#1203,#2534,.T.);
#2536=ORIENTED_EDGE('',*,*,#2535,.T.);
#2537=EDGE_LOOP('',(#2523,#2529,#2530,#2536));
#2538=FACE_OUTER_BOUND('',#2537,.T.);
#2539=ADVANCED_FACE('',(#2538),#2522,.T.);
#2540=CARTESIAN_POINT('',(29.51237851587,99.487259220696,37.31832302968));
#2541=DIRECTION('',(0.17364817766692,-0.98480775301221,0.));
#2542=DIRECTION('',(-0.98480775301221,-0.17364817766692,5.965697042708E-16));
#2543=AXIS2_PLACEMENT_3D('',#2540,#2542,#2541);
#2544=PLANE('',#2543);
#2545=ORIENTED_EDGE('',*,*,#1223,.F.);
#2546=CARTESIAN_POINT('',(29.585232576787,99.074083309529,34.772989655381));
#2547=DIRECTION('',(0.,0.,-1.));
#2548=VECTOR('',#2547,13.909333251401);
#2549=LINE('',#2546,#2548);
#2550=EDGE_CURVE('',#1211,#1911,#2549,.T.);
#2551=ORIENTED_EDGE('',*,*,#2550,.T.);
#2552=ORIENTED_EDGE('',*,*,#1916,.F.);
#2553=ORIENTED_EDGE('',*,*,#251,.F.);
#2554=EDGE_LOOP('',(#2545,#2551,#2552,#2553));
#2555=FACE_OUTER_BOUND('',#2554,.T.);
#2556=ADVANCED_FACE('',(#2555),#2544,.T.);
#2557=CARTESIAN_POINT('',(20.995512712178,91.914672510933,37.31832302968));
#2558=DIRECTION('',(0.,0.,1.));
#2559=DIRECTION('',(0.,1.,0.));
#2560=AXIS2_PLACEMENT_3D('',#2557,#2559,#2558);
#2561=PLANE('',#2560);
#2562=ORIENTED_EDGE('',*,*,#1241,.F.);
#2563=CARTESIAN_POINT('',(30.251753070258,91.914672510933,35.073057873697));
#2564=DIRECTION('',(0.,0.,-1.));
#2565=VECTOR('',#2564,14.509469688033);
#2566=LINE('',#2563,#2565);
#2567=EDGE_CURVE('',#1227,#1895,#2566,.T.);
#2568=ORIENTED_EDGE('',*,*,#2567,.T.);
#2569=ORIENTED_EDGE('',*,*,#1900,.F.);
#2570=CARTESIAN_POINT('',(21.591389508475,91.914672510933,20.563588185664));
#2571=DIRECTION('',(0.,0.,1.));
#2572=VECTOR('',#2571,14.509469688033);
#2573=LINE('',#2570,#2572);
#2574=EDGE_CURVE('',#1886,#1236,#2573,.T.);
#2575=ORIENTED_EDGE('',*,*,#2574,.T.);
#2576=EDGE_LOOP('',(#2562,#2568,#2569,#2575));
#2577=FACE_OUTER_BOUND('',#2576,.T.);
#2578=ADVANCED_FACE('',(#2577),#2561,.T.);
#2579=CARTESIAN_POINT('',(20.572327958477,89.514672510933,37.31832302968));
#2580=DIRECTION('',(1.,-6.9126092162291E-16,0.));
#2581=DIRECTION('',(-6.9126092162291E-16,-1.,4.2155387133011E-16));
#2582=AXIS2_PLACEMENT_3D('',#2579,#2581,#2580);
#2583=PLANE('',#2582);
#2584=ORIENTED_EDGE('',*,*,#1260,.F.);
#2585=CARTESIAN_POINT('',(20.991877774066,89.514672510933,35.173647676995));
#2586=DIRECTION('',(0.,0.,-1.));
#2587=VECTOR('',#2586,14.710649294629);
#2588=LINE('',#2585,#2587);
#2589=EDGE_CURVE('',#1253,#1945,#2588,.T.);
#2590=ORIENTED_EDGE('',*,*,#2589,.T.);
#2591=ORIENTED_EDGE('',*,*,#1950,.F.);
#2592=CARTESIAN_POINT('',(30.851264804667,89.514672510933,20.462998382366));
#2593=DIRECTION('',(0.,0.,1.));
#2594=VECTOR('',#2593,14.710649294629);
#2595=LINE('',#2592,#2594);
#2596=EDGE_CURVE('',#1936,#1255,#2595,.T.);
#2597=ORIENTED_EDGE('',*,*,#2596,.T.);
#2598=EDGE_LOOP('',(#2584,#2590,#2591,#2597));
#2599=FACE_OUTER_BOUND('',#2598,.T.);
#2600=ADVANCED_FACE('',(#2599),#2583,.T.);
#2601=CARTESIAN_POINT('',(31.270814620256,89.514672510933,37.31832302968));
#2602=DIRECTION('',(0.17364817766692,-0.98480775301221,0.));
#2603=DIRECTION('',(-0.98480775301221,-0.17364817766692,5.8202866827789E-16));
#2604=AXIS2_PLACEMENT_3D('',#2601,#2603,#2602);
#2605=PLANE('',#2604);
#2606=ORIENTED_EDGE('',*,*,#1275,.F.);
#2607=CARTESIAN_POINT('',(31.343668681173,89.101496599766,35.190964878508));
#2608=DIRECTION('',(0.,0.,-1.));
#2609=VECTOR('',#2608,14.745283697655);
#2610=LINE('',#2607,#2609);
#2611=EDGE_CURVE('',#1263,#1928,#2610,.T.);
#2612=ORIENTED_EDGE('',*,*,#2611,.T.);
#2613=ORIENTED_EDGE('',*,*,#1933,.F.);
#2614=ORIENTED_EDGE('',*,*,#293,.F.);
#2615=EDGE_LOOP('',(#2606,#2612,#2613,#2614));
#2616=FACE_OUTER_BOUND('',#2615,.T.);
#2617=ADVANCED_FACE('',(#2616),#2605,.T.);
#2618=CARTESIAN_POINT('',(19.237076607792,81.942085801169,37.31832302968));
#2619=DIRECTION('',(-1.,-5.562800234017E-16,0.));
#2620=DIRECTION('',(-5.562800234017E-16,1.,-4.1376272759625E-16));
#2621=AXIS2_PLACEMENT_3D('',#2618,#2620,#2619);
#2622=PLANE('',#2621);
#2623=ORIENTED_EDGE('',*,*,#1293,.F.);
#2624=CARTESIAN_POINT('',(32.010189174644,81.942085801169,35.491033096825));
#2625=DIRECTION('',(0.,0.,-1.));
#2626=VECTOR('',#2625,15.345420134289);
#2627=LINE('',#2624,#2626);
#2628=EDGE_CURVE('',#1279,#1979,#2627,.T.);
#2629=ORIENTED_EDGE('',*,*,#2628,.T.);
#2630=ORIENTED_EDGE('',*,*,#1984,.F.);
#2631=CARTESIAN_POINT('',(19.832953404089,81.942085801169,20.145612962536));
#2632=DIRECTION('',(0.,0.,1.));
#2633=VECTOR('',#2632,15.345420134289);
#2634=LINE('',#2631,#2633);
#2635=EDGE_CURVE('',#1970,#1288,#2634,.T.);
#2636=ORIENTED_EDGE('',*,*,#2635,.T.);
#2637=EDGE_LOOP('',(#2623,#2629,#2630,#2636));
#2638=FACE_OUTER_BOUND('',#2637,.T.);
#2639=ADVANCED_FACE('',(#2638),#2622,.T.);
#2640=CARTESIAN_POINT('',(19.237076607792,81.942085801169,37.31832302968));
#2641=DIRECTION('',(0.17364817766692,0.98480775301221,0.));
#2642=DIRECTION('',(0.98480775301221,-0.17364817766692,-5.1007647277764E-16));
#2643=AXIS2_PLACEMENT_3D('',#2640,#2642,#2641);
#2644=PLANE('',#2643);
#2645=ORIENTED_EDGE('',*,*,#1310,.F.);
#2646=CARTESIAN_POINT('',(19.340549527583,82.528909890003,35.466437880297));
#2647=DIRECTION('',(0.,0.,-1.));
#2648=VECTOR('',#2647,15.296229701233);
#2649=LINE('',#2646,#2648);
#2650=EDGE_CURVE('',#1296,#1962,#2649,.T.);
#2651=ORIENTED_EDGE('',*,*,#2650,.T.);
#2652=ORIENTED_EDGE('',*,*,#1967,.F.);
#2653=CARTESIAN_POINT('',(20.49947389756,89.101496599766,20.445681180853));
#2654=DIRECTION('',(0.,0.,1.));
#2655=VECTOR('',#2654,14.745283697655);
#2656=LINE('',#2653,#2655);
#2657=EDGE_CURVE('',#1953,#1305,#2656,.T.);
#2658=ORIENTED_EDGE('',*,*,#2657,.T.);
#2659=EDGE_LOOP('',(#2645,#2651,#2652,#2658));
#2660=FACE_OUTER_BOUND('',#2659,.T.);
#2661=ADVANCED_FACE('',(#2660),#2644,.T.);
#2662=CARTESIAN_POINT('',(15.29701964532,59.596912381643,37.31832302968));
#2663=DIRECTION('',(1.,-1.7056120206755E-16,0.));
#2664=DIRECTION('',(-1.7056120206755E-16,-1.,1.9618226136754E-16));
#2665=AXIS2_PLACEMENT_3D('',#2662,#2664,#2663);
#2666=PLANE('',#2665);
#2667=ORIENTED_EDGE('',*,*,#1329,.F.);
#2668=CARTESIAN_POINT('',(15.716569460908,59.596912381643,36.427573346378));
#2669=DIRECTION('',(0.,0.,-1.));
#2670=VECTOR('',#2669,17.218500633395);
#2671=LINE('',#2668,#2670);
#2672=EDGE_CURVE('',#1322,#1999,#2671,.T.);
#2673=ORIENTED_EDGE('',*,*,#2672,.T.);
#2674=ORIENTED_EDGE('',*,*,#2004,.F.);
#2675=CARTESIAN_POINT('',(36.126573117824,59.596912381643,19.209072712983));
#2676=DIRECTION('',(0.,0.,1.));
#2677=VECTOR('',#2676,17.218500633395);
#2678=LINE('',#2675,#2677);
#2679=EDGE_CURVE('',#1997,#1324,#2678,.T.);
#2680=ORIENTED_EDGE('',*,*,#2679,.T.);
#2681=EDGE_LOOP('',(#2667,#2673,#2674,#2680));
#2682=FACE_OUTER_BOUND('',#2681,.T.);
#2683=ADVANCED_FACE('',(#2682),#2666,.T.);
#2684=CARTESIAN_POINT('',(36.546122933413,59.596912381643,37.31832302968));
#2685=DIRECTION('',(0.17364817766692,-0.98480775301221,0.));
#2686=DIRECTION('',(-0.98480775301221,-0.17364817766692,5.7038348078512E-16));
#2687=AXIS2_PLACEMENT_3D('',#2684,#2686,#2685);
#2688=PLANE('',#2687);
#2689=ORIENTED_EDGE('',*,*,#1344,.F.);
#2690=CARTESIAN_POINT('',(36.618976994331,59.183736470476,36.444890547891));
#2691=DIRECTION('',(0.,0.,-1.));
#2692=VECTOR('',#2691,17.253135036421);
#2693=LINE('',#2690,#2692);
#2694=EDGE_CURVE('',#1332,#2049,#2693,.T.);
#2695=ORIENTED_EDGE('',*,*,#2694,.T.);
#2696=ORIENTED_EDGE('',*,*,#2054,.F.);
#2697=ORIENTED_EDGE('',*,*,#335,.F.);
#2698=EDGE_LOOP('',(#2689,#2695,#2696,#2697));
#2699=FACE_OUTER_BOUND('',#2698,.T.);
#2700=ADVANCED_FACE('',(#2699),#2688,.T.);
#2701=CARTESIAN_POINT('',(13.961768294634,52.02432567188,37.31832302968));
#2702=DIRECTION('',(-1.,-1.523218542531E-16,0.));
#2703=DIRECTION('',(-1.523218542531E-16,1.,-1.9280316437569E-16));
#2704=AXIS2_PLACEMENT_3D('',#2701,#2703,#2702);
#2705=PLANE('',#2704);
#2706=ORIENTED_EDGE('',*,*,#1362,.F.);
#2707=CARTESIAN_POINT('',(37.285497487802,52.02432567188,36.744958766208));
#2708=DIRECTION('',(0.,0.,-1.));
#2709=VECTOR('',#2708,17.853271473055);
#2710=LINE('',#2707,#2709);
#2711=EDGE_CURVE('',#1348,#2033,#2710,.T.);
#2712=ORIENTED_EDGE('',*,*,#2711,.T.);
#2713=ORIENTED_EDGE('',*,*,#2038,.F.);
#2714=CARTESIAN_POINT('',(14.557645090931,52.02432567188,18.891687293153));
#2715=DIRECTION('',(0.,0.,1.));
#2716=VECTOR('',#2715,17.853271473055);
#2717=LINE('',#2714,#2716);
#2718=EDGE_CURVE('',#2024,#1357,#2717,.T.);
#2719=ORIENTED_EDGE('',*,*,#2718,.T.);
#2720=EDGE_LOOP('',(#2706,#2712,#2713,#2719));
#2721=FACE_OUTER_BOUND('',#2720,.T.);
#2722=ADVANCED_FACE('',(#2721),#2705,.T.);
#2723=CARTESIAN_POINT('',(13.961768294634,52.02432567188,37.31832302968));
#2724=DIRECTION('',(0.17364817766692,0.98480775301221,0.));
#2725=DIRECTION('',(0.98480775301221,-0.17364817766692,-4.7531956732093E-16));
#2726=AXIS2_PLACEMENT_3D('',#2723,#2725,#2724);
#2727=PLANE('',#2726);
#2728=ORIENTED_EDGE('',*,*,#1379,.F.);
#2729=CARTESIAN_POINT('',(14.065241214425,52.611149760713,36.72036354968));
#2730=DIRECTION('',(0.,0.,-1.));
#2731=VECTOR('',#2730,17.804081039999);
#2732=LINE('',#2729,#2731);
#2733=EDGE_CURVE('',#1365,#2016,#2732,.T.);
#2734=ORIENTED_EDGE('',*,*,#2733,.T.);
#2735=ORIENTED_EDGE('',*,*,#2021,.F.);
#2736=CARTESIAN_POINT('',(15.224165584402,59.183736470476,19.19175551147));
#2737=DIRECTION('',(0.,0.,1.));
#2738=VECTOR('',#2737,17.253135036421);
#2739=LINE('',#2736,#2738);
#2740=EDGE_CURVE('',#2007,#1374,#2739,.T.);
#2741=ORIENTED_EDGE('',*,*,#2740,.T.);
#2742=EDGE_LOOP('',(#2728,#2734,#2735,#2741));
#2743=FACE_OUTER_BOUND('',#2742,.T.);
#2744=ADVANCED_FACE('',(#2743),#2727,.T.);
#2745=CARTESIAN_POINT('',(38.377869205439,49.20856305095,11.01832302968));
#2746=DIRECTION('',(-0.17364817766692,0.98480775301221,0.));
#2747=DIRECTION('',(-0.98480775301221,-0.17364817766692,5.5968264323415E-16));
#2748=AXIS2_PLACEMENT_3D('',#2745,#2747,#2746);
#2749=PLANE('',#2748);
#2750=ORIENTED_EDGE('',*,*,#2098,.F.);
#2751=ORIENTED_EDGE('',*,*,#377,.F.);
#2752=ORIENTED_EDGE('',*,*,#1455,.F.);
#2753=CARTESIAN_POINT('',(38.377869205439,49.20856305095,36.86297418628));
#2754=DIRECTION('',(0.,0.,-1.));
#2755=VECTOR('',#2754,18.089302313199);
#2756=LINE('',#2753,#2755);
#2757=EDGE_CURVE('',#1443,#2093,#2756,.T.);
#2758=ORIENTED_EDGE('',*,*,#2757,.T.);
#2759=EDGE_LOOP('',(#2750,#2751,#2752,#2758));
#2760=FACE_OUTER_BOUND('',#2759,.T.);
#2761=ADVANCED_FACE('',(#2760),#2749,.T.);
#2762=CARTESIAN_POINT('',(12.852107080758,42.351738962116,11.01832302968));
#2763=DIRECTION('',(1.,0.,0.));
#2764=DIRECTION('',(-0.,1.,0.));
#2765=AXIS2_PLACEMENT_3D('',#2762,#2764,#2763);
#2766=PLANE('',#2765);
#2767=ORIENTED_EDGE('',*,*,#2082,.F.);
#2768=CARTESIAN_POINT('',(12.852107080758,42.351738962116,18.486285795438));
#2769=DIRECTION('',(0.,0.,1.));
#2770=VECTOR('',#2769,18.664074468485);
#2771=LINE('',#2768,#2770);
#2772=EDGE_CURVE('',#2068,#1401,#2771,.T.);
#2773=ORIENTED_EDGE('',*,*,#2772,.T.);
#2774=ORIENTED_EDGE('',*,*,#1406,.F.);
#2775=CARTESIAN_POINT('',(38.991035497975,42.351738962116,37.150360263923));
#2776=DIRECTION('',(0.,0.,-1.));
#2777=VECTOR('',#2776,18.664074468485);
#2778=LINE('',#2775,#2777);
#2779=EDGE_CURVE('',#1392,#2077,#2778,.T.);
#2780=ORIENTED_EDGE('',*,*,#2779,.T.);
#2781=EDGE_LOOP('',(#2767,#2773,#2774,#2780));
#2782=FACE_OUTER_BOUND('',#2781,.T.);
#2783=ADVANCED_FACE('',(#2782),#2766,.T.);
#2784=CARTESIAN_POINT('',(13.465273373294,49.20856305095,11.01832302968));
#2785=DIRECTION('',(-0.17364817766692,-0.98480775301221,0.));
#2786=DIRECTION('',(0.98480775301221,-0.17364817766692,-5.0254923089668E-16));
#2787=AXIS2_PLACEMENT_3D('',#2784,#2786,#2785);
#2788=PLANE('',#2787);
#2789=CARTESIAN_POINT('',(12.359703204252,42.93856305095,37.125765047395));
#2790=DIRECTION('',(0.,0.,-1.));
#2791=VECTOR('',#2790,18.614884035429);
#2792=LINE('',#2789,#2791);
#2793=EDGE_CURVE('',#1409,#2066,#2792,.T.);
#2794=ORIENTED_EDGE('',*,*,#2793,.T.);
#2795=ORIENTED_EDGE('',*,*,#2130,.F.);
#2796=CARTESIAN_POINT('',(13.465273373294,49.20856305095,18.773671873081));
#2797=DIRECTION('',(0.,0.,1.));
#2798=VECTOR('',#2797,18.089302313199);
#2799=LINE('',#2796,#2798);
#2800=EDGE_CURVE('',#2118,#1418,#2799,.T.);
#2801=ORIENTED_EDGE('',*,*,#2800,.T.);
#2802=ORIENTED_EDGE('',*,*,#1423,.F.);
#2803=EDGE_LOOP('',(#2794,#2795,#2801,#2802));
#2804=FACE_OUTER_BOUND('',#2803,.T.);
#2805=ADVANCED_FACE('',(#2804),#2788,.T.);
#2806=CARTESIAN_POINT('',(13.9576772498,49.621738962116,11.01832302968));
#2807=DIRECTION('',(-1.,0.,0.));
#2808=DIRECTION('',(-0.,-1.,-0.));
#2809=AXIS2_PLACEMENT_3D('',#2806,#2808,#2807);
#2810=PLANE('',#2809);
#2811=CARTESIAN_POINT('',(13.9576772498,49.621738962116,36.845656984766));
#2812=DIRECTION('',(0.,0.,-1.));
#2813=VECTOR('',#2812,18.054667910171);
#2814=LINE('',#2811,#2813);
#2815=EDGE_CURVE('',#1426,#2110,#2814,.T.);
#2816=ORIENTED_EDGE('',*,*,#2815,.T.);
#2817=ORIENTED_EDGE('',*,*,#2115,.F.);
#2818=CARTESIAN_POINT('',(37.885465328933,49.621738962116,18.790989074595));
#2819=DIRECTION('',(0.,0.,1.));
#2820=VECTOR('',#2819,18.054667910171);
#2821=LINE('',#2818,#2820);
#2822=EDGE_CURVE('',#2101,#1435,#2821,.T.);
#2823=ORIENTED_EDGE('',*,*,#2822,.T.);
#2824=ORIENTED_EDGE('',*,*,#1440,.F.);
#2825=EDGE_LOOP('',(#2816,#2817,#2823,#2824));
#2826=FACE_OUTER_BOUND('',#2825,.T.);
#2827=ADVANCED_FACE('',(#2826),#2810,.T.);
#2828=CARTESIAN_POINT('',(7.9215712893665,29.286207175281,77.478229196926));
#2829=DIRECTION('',(5.2710860189637E-16,0.,1.));
#2830=DIRECTION('',(-1.,-6.6958192634603E-17,5.2710860189637E-16));
#2831=AXIS2_PLACEMENT_3D('',#2828,#2830,#2829);
#2832=PLANE('',#2831);
#2833=ORIENTED_EDGE('',*,*,#2158,.F.);
#2834=ORIENTED_EDGE('',*,*,#1568,.F.);
#2835=CARTESIAN_POINT('',(7.9215712893665,22.653871498697,17.660700539799));
#2836=DIRECTION('',(0.,0.,1.));
#2837=VECTOR('',#2836,20.315244979763);
#2838=LINE('',#2835,#2837);
#2839=EDGE_CURVE('',#1555,#817,#2838,.T.);
#2840=ORIENTED_EDGE('',*,*,#2839,.T.);
#2841=ORIENTED_EDGE('',*,*,#822,.F.);
#2842=EDGE_LOOP('',(#2833,#2834,#2840,#2841));
#2843=FACE_OUTER_BOUND('',#2842,.T.);
#2844=ADVANCED_FACE('',(#2843),#2832,.T.);
#2845=CARTESIAN_POINT('',(7.9215712893665,22.653871498697,77.478229196926));
#2846=DIRECTION('',(0.,-1.1878503704707E-16,-1.));
#2847=DIRECTION('',(0.,-1.,1.1878503704707E-16));
#2848=AXIS2_PLACEMENT_3D('',#2845,#2847,#2846);
#2849=PLANE('',#2848);
#2850=ORIENTED_EDGE('',*,*,#2839,.F.);
#2851=ORIENTED_EDGE('',*,*,#1560,.F.);
#2852=CARTESIAN_POINT('',(15.921571289366,22.653871498697,17.660700539799));
#2853=DIRECTION('',(0.,0.,1.));
#2854=VECTOR('',#2853,20.315244979763);
#2855=LINE('',#2852,#2854);
#2856=EDGE_CURVE('',#1547,#825,#2855,.T.);
#2857=ORIENTED_EDGE('',*,*,#2856,.T.);
#2858=ORIENTED_EDGE('',*,*,#830,.F.);
#2859=EDGE_LOOP('',(#2850,#2851,#2857,#2858));
#2860=FACE_OUTER_BOUND('',#2859,.T.);
#2861=ADVANCED_FACE('',(#2860),#2849,.T.);
#2862=CARTESIAN_POINT('',(15.921571289366,22.653871498697,77.478229196926));
#2863=DIRECTION('',(-5.1968453708093E-16,0.,-1.));
#2864=DIRECTION('',(1.,2.9605947323338E-16,-5.1968453708093E-16));
#2865=AXIS2_PLACEMENT_3D('',#2862,#2864,#2863);
#2866=PLANE('',#2865);
#2867=ORIENTED_EDGE('',*,*,#2856,.F.);
#2868=ORIENTED_EDGE('',*,*,#1552,.F.);
#2869=CARTESIAN_POINT('',(15.921571289366,25.653871498697,17.786437793922));
#2870=DIRECTION('',(0.,0.,1.));
#2871=VECTOR('',#2870,20.063770471517);
#2872=LINE('',#2869,#2871);
#2873=EDGE_CURVE('',#1539,#833,#2872,.T.);
#2874=ORIENTED_EDGE('',*,*,#2873,.T.);
#2875=ORIENTED_EDGE('',*,*,#838,.F.);
#2876=EDGE_LOOP('',(#2867,#2868,#2874,#2875));
#2877=FACE_OUTER_BOUND('',#2876,.T.);
#2878=ADVANCED_FACE('',(#2877),#2866,.T.);
#2879=CARTESIAN_POINT('',(15.921571289366,25.653871498697,77.478229196926));
#2880=DIRECTION('',(-1.,7.105427357601E-16,0.));
#2881=DIRECTION('',(7.105427357601E-16,1.,-1.1903525075382E-16));
#2882=AXIS2_PLACEMENT_3D('',#2879,#2881,#2880);
#2883=PLANE('',#2882);
#2884=ORIENTED_EDGE('',*,*,#2873,.F.);
#2885=ORIENTED_EDGE('',*,*,#1544,.F.);
#2886=CARTESIAN_POINT('',(10.921571289366,25.653871498697,17.786437793922));
#2887=DIRECTION('',(0.,0.,1.));
#2888=VECTOR('',#2887,20.063770471517);
#2889=LINE('',#2886,#2888);
#2890=EDGE_CURVE('',#1531,#841,#2889,.T.);
#2891=ORIENTED_EDGE('',*,*,#2890,.T.);
#2892=ORIENTED_EDGE('',*,*,#846,.F.);
#2893=EDGE_LOOP('',(#2884,#2885,#2891,#2892));
#2894=FACE_OUTER_BOUND('',#2893,.T.);
#2895=ADVANCED_FACE('',(#2894),#2883,.T.);
#2896=CARTESIAN_POINT('',(10.921571289366,25.653871498697,77.478229196926));
#2897=DIRECTION('',(-5.2077922204794E-16,0.,-1.));
#2898=DIRECTION('',(1.,2.9605947323338E-16,-5.2077922204794E-16));
#2899=AXIS2_PLACEMENT_3D('',#2896,#2898,#2897);
#2900=PLANE('',#2899);
#2901=ORIENTED_EDGE('',*,*,#2890,.F.);
#2902=ORIENTED_EDGE('',*,*,#1536,.F.);
#2903=CARTESIAN_POINT('',(10.921571289366,28.653871498697,17.912175048044));
#2904=DIRECTION('',(0.,0.,1.));
#2905=VECTOR('',#2904,19.812295963273);
#2906=LINE('',#2903,#2905);
#2907=EDGE_CURVE('',#1523,#849,#2906,.T.);
#2908=ORIENTED_EDGE('',*,*,#2907,.T.);
#2909=ORIENTED_EDGE('',*,*,#854,.F.);
#2910=EDGE_LOOP('',(#2901,#2902,#2908,#2909));
#2911=FACE_OUTER_BOUND('',#2910,.T.);
#2912=ADVANCED_FACE('',(#2911),#2900,.T.);
#2913=CARTESIAN_POINT('',(40.921571289366,28.653871498697,77.478229196926));
#2914=DIRECTION('',(1.,-1.1842378929335E-16,0.));
#2915=DIRECTION('',(-1.1842378929335E-16,-1.,1.1928652080666E-16));
#2916=AXIS2_PLACEMENT_3D('',#2913,#2915,#2914);
#2917=PLANE('',#2916);
#2918=ORIENTED_EDGE('',*,*,#2907,.F.);
#2919=ORIENTED_EDGE('',*,*,#1528,.F.);
#2920=CARTESIAN_POINT('',(40.921571289366,28.653871498697,17.912175048044));
#2921=DIRECTION('',(0.,0.,1.));
#2922=VECTOR('',#2921,19.812295963273);
#2923=LINE('',#2920,#2922);
#2924=EDGE_CURVE('',#1515,#857,#2923,.T.);
#2925=ORIENTED_EDGE('',*,*,#2924,.T.);
#2926=ORIENTED_EDGE('',*,*,#862,.F.);
#2927=EDGE_LOOP('',(#2918,#2919,#2925,#2926));
#2928=FACE_OUTER_BOUND('',#2927,.T.);
#2929=ADVANCED_FACE('',(#2928),#2917,.T.);
#2930=CARTESIAN_POINT('',(40.921571289366,25.653871498697,77.478229196926));
#2931=DIRECTION('',(5.3565862839217E-16,0.,1.));
#2932=DIRECTION('',(-1.,1.1842378929335E-15,5.3565862839217E-16));
#2933=AXIS2_PLACEMENT_3D('',#2930,#2932,#2931);
#2934=PLANE('',#2933);
#2935=ORIENTED_EDGE('',*,*,#2924,.F.);
#2936=ORIENTED_EDGE('',*,*,#1520,.F.);
#2937=CARTESIAN_POINT('',(40.921571289366,25.653871498697,17.786437793922));
#2938=DIRECTION('',(0.,0.,1.));
#2939=VECTOR('',#2938,20.063770471517);
#2940=LINE('',#2937,#2939);
#2941=EDGE_CURVE('',#1507,#865,#2940,.T.);
#2942=ORIENTED_EDGE('',*,*,#2941,.T.);
#2943=ORIENTED_EDGE('',*,*,#870,.F.);
#2944=EDGE_LOOP('',(#2935,#2936,#2942,#2943));
#2945=FACE_OUTER_BOUND('',#2944,.T.);
#2946=ADVANCED_FACE('',(#2945),#2934,.T.);
#2947=CARTESIAN_POINT('',(35.921571289366,25.653871498697,77.478229196926));
#2948=DIRECTION('',(0.,1.1903525075382E-16,1.));
#2949=DIRECTION('',(0.,1.,-1.1903525075382E-16));
#2950=AXIS2_PLACEMENT_3D('',#2947,#2949,#2948);
#2951=PLANE('',#2950);
#2952=ORIENTED_EDGE('',*,*,#2941,.F.);
#2953=ORIENTED_EDGE('',*,*,#1512,.F.);
#2954=CARTESIAN_POINT('',(35.921571289366,25.653871498697,17.786437793922));
#2955=DIRECTION('',(0.,0.,1.));
#2956=VECTOR('',#2955,20.063770471517);
#2957=LINE('',#2954,#2956);
#2958=EDGE_CURVE('',#1499,#873,#2957,.T.);
#2959=ORIENTED_EDGE('',*,*,#2958,.T.);
#2960=ORIENTED_EDGE('',*,*,#878,.F.);
#2961=EDGE_LOOP('',(#2952,#2953,#2959,#2960));
#2962=FACE_OUTER_BOUND('',#2961,.T.);
#2963=ADVANCED_FACE('',(#2962),#2951,.T.);
#2964=CARTESIAN_POINT('',(35.921571289366,22.653871498697,77.478229196926));
#2965=DIRECTION('',(4.7514014818828E-16,0.,1.));
#2966=DIRECTION('',(-1.,0.,4.7514014818828E-16));
#2967=AXIS2_PLACEMENT_3D('',#2964,#2966,#2965);
#2968=PLANE('',#2967);
#2969=ORIENTED_EDGE('',*,*,#2958,.F.);
#2970=ORIENTED_EDGE('',*,*,#1504,.F.);
#2971=CARTESIAN_POINT('',(35.921571289366,22.653871498697,17.660700539799));
#2972=DIRECTION('',(0.,0.,1.));
#2973=VECTOR('',#2972,20.315244979763);
#2974=LINE('',#2971,#2973);
#2975=EDGE_CURVE('',#1491,#881,#2974,.T.);
#2976=ORIENTED_EDGE('',*,*,#2975,.T.);
#2977=ORIENTED_EDGE('',*,*,#886,.F.);
#2978=EDGE_LOOP('',(#2969,#2970,#2976,#2977));
#2979=FACE_OUTER_BOUND('',#2978,.T.);
#2980=ADVANCED_FACE('',(#2979),#2968,.T.);
#2981=CARTESIAN_POINT('',(43.921571289366,22.653871498697,77.478229196926));
#2982=DIRECTION('',(0.,-1.1878503704707E-16,-1.));
#2983=DIRECTION('',(0.,-1.,1.1878503704707E-16));
#2984=AXIS2_PLACEMENT_3D('',#2981,#2983,#2982);
#2985=PLANE('',#2984);
#2986=ORIENTED_EDGE('',*,*,#2975,.F.);
#2987=ORIENTED_EDGE('',*,*,#1496,.F.);
#2988=ORIENTED_EDGE('',*,*,#1471,.F.);
#2989=ORIENTED_EDGE('',*,*,#894,.F.);
#2990=EDGE_LOOP('',(#2986,#2987,#2988,#2989));
#2991=FACE_OUTER_BOUND('',#2990,.T.);
#2992=ADVANCED_FACE('',(#2991),#2985,.T.);
#2993=CARTESIAN_POINT('',(12.234962648278,39.351738962116,37.272458510538));
#2994=DIRECTION('',(-0.98480775431903,0.17364817025555,1.4210854715202E-14));
#2995=DIRECTION('',(0.,0.,-1.));
#2996=AXIS2_PLACEMENT_3D('',#2993,#2995,#2994);
#2997=CYLINDRICAL_SURFACE('',#2996,0.49999999999999);
#2998=ORIENTED_EDGE('',*,*,#1633,.F.);
#2999=ORIENTED_EDGE('',*,*,#2181,.F.);
#3000=ORIENTED_EDGE('',*,*,#972,.F.);
#3001=ORIENTED_EDGE('',*,*,#2240,.F.);
#3002=EDGE_LOOP('',(#2998,#2999,#3000,#3001));
#3003=FACE_OUTER_BOUND('',#3002,.T.);
#3004=ADVANCED_FACE('',(#3003),#2997,.F.);
#3005=CARTESIAN_POINT('',(39.608179930454,39.351738962116,18.364187548823));
#3006=DIRECTION('',(0.98480775431912,0.17364817025507,0.));
#3007=DIRECTION('',(-7.515681758515E-16,-7.515681758515E-16,1.));
#3008=AXIS2_PLACEMENT_3D('',#3005,#3007,#3006);
#3009=CYLINDRICAL_SURFACE('',#3008,0.49999999999994);
#3010=ORIENTED_EDGE('',*,*,#924,.F.);
#3011=ORIENTED_EDGE('',*,*,#2174,.F.);
#3012=ORIENTED_EDGE('',*,*,#1616,.F.);
#3013=ORIENTED_EDGE('',*,*,#2196,.F.);
#3014=EDGE_LOOP('',(#3010,#3011,#3012,#3013));
#3015=FACE_OUTER_BOUND('',#3014,.T.);
#3016=ADVANCED_FACE('',(#3015),#3009,.F.);
#3017=CARTESIAN_POINT('',(40.930256262031,31.853871498697,37.611307482607));
#3018=DIRECTION('',(0.98479327084422,0.17373029010491,1.4210854715204E-14));
#3019=DIRECTION('',(-3.6278150913829E-16,-7.2556301827658E-16,-1.));
#3020=AXIS2_PLACEMENT_3D('',#3017,#3019,#3018);
#3021=CYLINDRICAL_SURFACE('',#3020,0.49999999999994);
#3022=ORIENTED_EDGE('',*,*,#2217,.F.);
#3023=ORIENTED_EDGE('',*,*,#941,.F.);
#3024=ORIENTED_EDGE('',*,*,#2203,.F.);
#3025=ORIENTED_EDGE('',*,*,#1599,.F.);
#3026=EDGE_LOOP('',(#3022,#3023,#3024,#3025));
#3027=FACE_OUTER_BOUND('',#3026,.T.);
#3028=ADVANCED_FACE('',(#3027),#3021,.F.);
#3029=CARTESIAN_POINT('',(10.912886316706,31.853871498702,37.611307482607));
#3030=DIRECTION('',(0.00015946360725393,-0.99999998728568,-2.8421709430403E-14));
#3031=DIRECTION('',(3.1471295917747E-14,3.192477280417E-14,-1.));
#3032=AXIS2_PLACEMENT_3D('',#3029,#3031,#3030);
#3033=CYLINDRICAL_SURFACE('',#3032,0.50000000000002);
#3034=ORIENTED_EDGE('',*,*,#68,.F.);
#3035=ORIENTED_EDGE('',*,*,#956,.F.);
#3036=ORIENTED_EDGE('',*,*,#2224,.F.);
#3037=ORIENTED_EDGE('',*,*,#1647,.F.);
#3038=EDGE_LOOP('',(#3034,#3035,#3036,#3037));
#3039=FACE_OUTER_BOUND('',#3038,.T.);
#3040=ADVANCED_FACE('',(#3039),#3033,.F.);
#3041=CARTESIAN_POINT('',(33.76862527903,72.469499091406,19.727637739409));
#3042=DIRECTION('',(-0.00015946361615707,-0.99999998728568,-7.1054273576021E-15));
#3043=DIRECTION('',(3.5128927168356E-15,-2.6346695376267E-15,1.));
#3044=AXIS2_PLACEMENT_3D('',#3041,#3043,#3042);
#3045=CYLINDRICAL_SURFACE('',#3044,0.49999999999992);
#3046=ORIENTED_EDGE('',*,*,#110,.F.);
#3047=ORIENTED_EDGE('',*,*,#1683,.F.);
#3048=ORIENTED_EDGE('',*,*,#2257,.F.);
#3049=ORIENTED_EDGE('',*,*,#1041,.F.);
#3050=EDGE_LOOP('',(#3046,#3047,#3048,#3049));
#3051=FACE_OUTER_BOUND('',#3050,.T.);
#3052=ADVANCED_FACE('',(#3051),#3045,.F.);
#3053=CARTESIAN_POINT('',(18.074517299703,72.469499091406,19.727637739409));
#3054=DIRECTION('',(-0.98479327084426,0.17373029010468,0.));
#3055=DIRECTION('',(-6.5866738440668E-16,8.7822317920891E-16,1.));
#3056=AXIS2_PLACEMENT_3D('',#3053,#3055,#3054);
#3057=CYLINDRICAL_SURFACE('',#3056,0.50000000000001);
#3058=ORIENTED_EDGE('',*,*,#2264,.F.);
#3059=ORIENTED_EDGE('',*,*,#1668,.F.);
#3060=ORIENTED_EDGE('',*,*,#2279,.F.);
#3061=ORIENTED_EDGE('',*,*,#993,.F.);
#3062=EDGE_LOOP('',(#3058,#3059,#3060,#3061));
#3063=FACE_OUTER_BOUND('',#3062,.T.);
#3064=ADVANCED_FACE('',(#3063),#3057,.F.);
#3065=CARTESIAN_POINT('',(19.23344166968,79.042085801169,20.027705957725));
#3066=DIRECTION('',(8.9492147026262E-10,1.,-1.4210854715204E-14));
#3067=DIRECTION('',(3.8762098035226E-15,-2.7361480966042E-15,1.));
#3068=AXIS2_PLACEMENT_3D('',#3065,#3067,#3066);
#3069=CYLINDRICAL_SURFACE('',#3068,0.49999999999993);
#3070=ORIENTED_EDGE('',*,*,#2286,.F.);
#3071=ORIENTED_EDGE('',*,*,#1716,.F.);
#3072=ORIENTED_EDGE('',*,*,#2301,.F.);
#3073=ORIENTED_EDGE('',*,*,#1010,.F.);
#3074=EDGE_LOOP('',(#3070,#3071,#3072,#3073));
#3075=FACE_OUTER_BOUND('',#3074,.T.);
#3076=ADVANCED_FACE('',(#3075),#3069,.F.);
#3077=CARTESIAN_POINT('',(32.609700909053,79.042085801169,20.027705957725));
#3078=DIRECTION('',(0.98480775316681,0.17364817679013,7.1054273576011E-15));
#3079=DIRECTION('',(-4.5602468276736E-16,-3.6481974621389E-15,1.));
#3080=AXIS2_PLACEMENT_3D('',#3077,#3079,#3078);
#3081=CYLINDRICAL_SURFACE('',#3080,0.49999999999998);
#3082=ORIENTED_EDGE('',*,*,#2308,.F.);
#3083=ORIENTED_EDGE('',*,*,#1701,.F.);
#3084=ORIENTED_EDGE('',*,*,#2323,.F.);
#3085=ORIENTED_EDGE('',*,*,#1027,.F.);
#3086=EDGE_LOOP('',(#3082,#3083,#3084,#3085));
#3087=FACE_OUTER_BOUND('',#3086,.T.);
#3088=ADVANCED_FACE('',(#3087),#3081,.F.);
#3089=CARTESIAN_POINT('',(35.527061383416,62.496912381643,19.309662516281));
#3090=DIRECTION('',(-0.00015946361597229,-0.99999998728568,-1.4210854715201E-14));
#3091=DIRECTION('',(-1.2526226683527E-15,2.9227862261562E-15,1.));
#3092=AXIS2_PLACEMENT_3D('',#3089,#3091,#3090);
#3093=CYLINDRICAL_SURFACE('',#3092,0.50000000000002);
#3094=ORIENTED_EDGE('',*,*,#152,.F.);
#3095=ORIENTED_EDGE('',*,*,#1752,.F.);
#3096=ORIENTED_EDGE('',*,*,#2340,.F.);
#3097=ORIENTED_EDGE('',*,*,#1110,.F.);
#3098=EDGE_LOOP('',(#3094,#3095,#3096,#3097));
#3099=FACE_OUTER_BOUND('',#3098,.T.);
#3100=ADVANCED_FACE('',(#3099),#3093,.F.);
#3101=CARTESIAN_POINT('',(16.316081195317,62.496912381643,19.309662516281));
#3102=DIRECTION('',(-0.98479327084458,0.17373029010288,7.1054273576003E-15));
#3103=DIRECTION('',(4.1754088945089E-16,-4.1754088945089E-16,1.));
#3104=AXIS2_PLACEMENT_3D('',#3101,#3103,#3102);
#3105=CYLINDRICAL_SURFACE('',#3104,0.50000000000005);
#3106=ORIENTED_EDGE('',*,*,#2347,.F.);
#3107=ORIENTED_EDGE('',*,*,#1737,.F.);
#3108=ORIENTED_EDGE('',*,*,#2362,.F.);
#3109=ORIENTED_EDGE('',*,*,#1062,.F.);
#3110=EDGE_LOOP('',(#3106,#3107,#3108,#3109));
#3111=FACE_OUTER_BOUND('',#3110,.T.);
#3112=ADVANCED_FACE('',(#3111),#3105,.F.);
#3113=CARTESIAN_POINT('',(17.475005565294,69.069499091406,19.609730734597));
#3114=DIRECTION('',(8.9511331680125E-10,1.,0.));
#3115=DIRECTION('',(8.6560851144438E-16,0.,1.));
#3116=AXIS2_PLACEMENT_3D('',#3113,#3115,#3114);
#3117=CYLINDRICAL_SURFACE('',#3116,0.49999999999994);
#3118=ORIENTED_EDGE('',*,*,#2369,.F.);
#3119=ORIENTED_EDGE('',*,*,#1785,.F.);
#3120=ORIENTED_EDGE('',*,*,#2384,.F.);
#3121=ORIENTED_EDGE('',*,*,#1079,.F.);
#3122=EDGE_LOOP('',(#3118,#3119,#3120,#3121));
#3123=FACE_OUTER_BOUND('',#3122,.T.);
#3124=ADVANCED_FACE('',(#3123),#3117,.F.);
#3125=CARTESIAN_POINT('',(34.368137013439,69.069499091406,19.609730734597));
#3126=DIRECTION('',(0.98480775316683,0.17364817679001,0.));
#3127=DIRECTION('',(3.4624340457775E-15,2.5968255343331E-15,1.));
#3128=AXIS2_PLACEMENT_3D('',#3125,#3127,#3126);
#3129=CYLINDRICAL_SURFACE('',#3128,0.5);
#3130=ORIENTED_EDGE('',*,*,#2391,.F.);
#3131=ORIENTED_EDGE('',*,*,#1770,.F.);
#3132=ORIENTED_EDGE('',*,*,#2406,.F.);
#3133=ORIENTED_EDGE('',*,*,#1096,.F.);
#3134=EDGE_LOOP('',(#3130,#3131,#3132,#3133));
#3135=FACE_OUTER_BOUND('',#3134,.T.);
#3136=ADVANCED_FACE('',(#3135),#3129,.F.);
#3137=CARTESIAN_POINT('',(23.34982561286,102.3872592207,20.981563408791));
#3138=DIRECTION('',(-0.98479327084556,0.17373029009736,7.1054273576035E-15));
#3139=DIRECTION('',(-1.5589462885072E-15,0.,1.));
#3140=AXIS2_PLACEMENT_3D('',#3137,#3139,#3138);
#3141=CYLINDRICAL_SURFACE('',#3140,0.49999999999983);
#3142=ORIENTED_EDGE('',*,*,#2491,.F.);
#3143=ORIENTED_EDGE('',*,*,#1823,.F.);
#3144=ORIENTED_EDGE('',*,*,#2423,.F.);
#3145=ORIENTED_EDGE('',*,*,#1179,.F.);
#3146=EDGE_LOOP('',(#3142,#3143,#3144,#3145));
#3147=FACE_OUTER_BOUND('',#3146,.T.);
#3148=ADVANCED_FACE('',(#3147),#3141,.F.);
#3149=CARTESIAN_POINT('',(24.526382680909,109.05984593046,21.285822868912));
#3150=DIRECTION('',(8.9501384081763E-10,1.,7.105427357597E-15));
#3151=DIRECTION('',(8.1577809216216E-16,0.,1.));
#3152=AXIS2_PLACEMENT_3D('',#3149,#3151,#3150);
#3153=CYLINDRICAL_SURFACE('',#3152,0.50000000000027);
#3154=ORIENTED_EDGE('',*,*,#2430,.F.);
#3155=ORIENTED_EDGE('',*,*,#1806,.F.);
#3156=ORIENTED_EDGE('',*,*,#2445,.F.);
#3157=ORIENTED_EDGE('',*,*,#1131,.F.);
#3158=EDGE_LOOP('',(#3154,#3155,#3156,#3157));
#3159=FACE_OUTER_BOUND('',#3158,.T.);
#3160=ADVANCED_FACE('',(#3159),#3153,.F.);
#3161=CARTESIAN_POINT('',(27.316759897824,109.05984593046,21.285822868912));
#3162=DIRECTION('',(0.98480775316821,0.17364817678223,-1.42108547152E-14));
#3163=DIRECTION('',(5.4385206144144E-16,0.,1.));
#3164=AXIS2_PLACEMENT_3D('',#3161,#3163,#3162);
#3165=CYLINDRICAL_SURFACE('',#3164,0.50000000000008);
#3166=ORIENTED_EDGE('',*,*,#2452,.F.);
#3167=ORIENTED_EDGE('',*,*,#1854,.F.);
#3168=ORIENTED_EDGE('',*,*,#2467,.F.);
#3169=ORIENTED_EDGE('',*,*,#1148,.F.);
#3170=EDGE_LOOP('',(#3166,#3167,#3168,#3169));
#3171=FACE_OUTER_BOUND('',#3170,.T.);
#3172=ADVANCED_FACE('',(#3171),#3165,.F.);
#3173=CARTESIAN_POINT('',(28.493316965872,102.3872592207,20.981563408791));
#3174=DIRECTION('',(-0.00015946361606465,-0.99999998728568,1.42108547152E-14));
#3175=DIRECTION('',(1.0392975256715E-15,2.0785950513429E-15,1.));
#3176=AXIS2_PLACEMENT_3D('',#3173,#3175,#3174);
#3177=CYLINDRICAL_SURFACE('',#3176,0.50000000000008);
#3178=ORIENTED_EDGE('',*,*,#194,.F.);
#3179=ORIENTED_EDGE('',*,*,#1838,.F.);
#3180=ORIENTED_EDGE('',*,*,#2484,.F.);
#3181=ORIENTED_EDGE('',*,*,#1164,.F.);
#3182=EDGE_LOOP('',(#3178,#3179,#3180,#3181));
#3183=FACE_OUTER_BOUND('',#3182,.T.);
#3184=ADVANCED_FACE('',(#3183),#3177,.F.);
#3185=CARTESIAN_POINT('',(21.591389508475,92.414672510933,20.563588185664));
#3186=DIRECTION('',(-0.98479327084458,0.1737302901029,0.));
#3187=DIRECTION('',(1.2242741310286E-15,0.,1.));
#3188=AXIS2_PLACEMENT_3D('',#3185,#3187,#3186);
#3189=CYLINDRICAL_SURFACE('',#3188,0.50000000000006);
#3190=ORIENTED_EDGE('',*,*,#2574,.F.);
#3191=ORIENTED_EDGE('',*,*,#1892,.F.);
#3192=ORIENTED_EDGE('',*,*,#2506,.F.);
#3193=ORIENTED_EDGE('',*,*,#1248,.F.);
#3194=EDGE_LOOP('',(#3190,#3191,#3192,#3193));
#3195=FACE_OUTER_BOUND('',#3194,.T.);
#3196=ADVANCED_FACE('',(#3195),#3189,.F.);
#3197=CARTESIAN_POINT('',(22.750313878452,98.987259220696,20.86365640398));
#3198=DIRECTION('',(8.9502805167283E-10,1.,1.4210854715202E-14));
#3199=DIRECTION('',(3.0650329081239E-15,-2.0433552720826E-15,1.));
#3200=AXIS2_PLACEMENT_3D('',#3197,#3199,#3198);
#3201=CYLINDRICAL_SURFACE('',#3200,0.50000000000001);
#3202=ORIENTED_EDGE('',*,*,#2513,.F.);
#3203=ORIENTED_EDGE('',*,*,#1875,.F.);
#3204=ORIENTED_EDGE('',*,*,#2528,.F.);
#3205=ORIENTED_EDGE('',*,*,#1200,.F.);
#3206=EDGE_LOOP('',(#3202,#3203,#3204,#3205));
#3207=FACE_OUTER_BOUND('',#3206,.T.);
#3208=ADVANCED_FACE('',(#3207),#3201,.F.);
#3209=CARTESIAN_POINT('',(29.092828700281,98.987259220696,20.86365640398));
#3210=DIRECTION('',(0.98480775316717,0.17364817678809,-7.1054273576017E-15));
#3211=DIRECTION('',(5.1083881802065E-16,0.,1.));
#3212=AXIS2_PLACEMENT_3D('',#3209,#3211,#3210);
#3213=CYLINDRICAL_SURFACE('',#3212,0.49999999999995);
#3214=ORIENTED_EDGE('',*,*,#2535,.F.);
#3215=ORIENTED_EDGE('',*,*,#1923,.F.);
#3216=ORIENTED_EDGE('',*,*,#2550,.F.);
#3217=ORIENTED_EDGE('',*,*,#1217,.F.);
#3218=EDGE_LOOP('',(#3214,#3215,#3216,#3217));
#3219=FACE_OUTER_BOUND('',#3218,.T.);
#3220=ADVANCED_FACE('',(#3219),#3213,.F.);
#3221=CARTESIAN_POINT('',(30.251753070258,92.414672510932,20.563588185664));
#3222=DIRECTION('',(-0.00015946361585146,-0.99999998728568,0.));
#3223=DIRECTION('',(2.4485482620572E-16,0.,1.));
#3224=AXIS2_PLACEMENT_3D('',#3221,#3223,#3222);
#3225=CYLINDRICAL_SURFACE('',#3224,0.50000000000014);
#3226=ORIENTED_EDGE('',*,*,#236,.F.);
#3227=ORIENTED_EDGE('',*,*,#1907,.F.);
#3228=ORIENTED_EDGE('',*,*,#2567,.F.);
#3229=ORIENTED_EDGE('',*,*,#1233,.F.);
#3230=EDGE_LOOP('',(#3226,#3227,#3228,#3229));
#3231=FACE_OUTER_BOUND('',#3230,.T.);
#3232=ADVANCED_FACE('',(#3231),#3225,.F.);
#3233=CARTESIAN_POINT('',(20.991877774066,89.014672510933,20.445681180853));
#3234=DIRECTION('',(8.9518437107515E-10,1.,-1.4210854715209E-14));
#3235=DIRECTION('',(4.8187796879968E-16,0.,1.));
#3236=AXIS2_PLACEMENT_3D('',#3233,#3235,#3234);
#3237=CYLINDRICAL_SURFACE('',#3236,0.49999999999977);
#3238=ORIENTED_EDGE('',*,*,#2657,.F.);
#3239=ORIENTED_EDGE('',*,*,#1959,.F.);
#3240=ORIENTED_EDGE('',*,*,#2589,.F.);
#3241=ORIENTED_EDGE('',*,*,#1317,.F.);
#3242=EDGE_LOOP('',(#3238,#3239,#3240,#3241));
#3243=FACE_OUTER_BOUND('',#3242,.T.);
#3244=ADVANCED_FACE('',(#3243),#3237,.F.);
#3245=CARTESIAN_POINT('',(30.851264804667,89.014672510933,20.445681180853));
#3246=DIRECTION('',(0.98480775316717,0.1736481767881,0.));
#3247=DIRECTION('',(0.,0.,1.));
#3248=AXIS2_PLACEMENT_3D('',#3245,#3247,#3246);
#3249=CYLINDRICAL_SURFACE('',#3248,0.50000000000017);
#3250=ORIENTED_EDGE('',*,*,#2596,.F.);
#3251=ORIENTED_EDGE('',*,*,#1942,.F.);
#3252=ORIENTED_EDGE('',*,*,#2611,.F.);
#3253=ORIENTED_EDGE('',*,*,#1269,.F.);
#3254=EDGE_LOOP('',(#3250,#3251,#3252,#3253));
#3255=FACE_OUTER_BOUND('',#3254,.T.);
#3256=ADVANCED_FACE('',(#3255),#3249,.F.);
#3257=CARTESIAN_POINT('',(32.010189174644,82.442085801169,20.145612962536));
#3258=DIRECTION('',(-0.00015946361585858,-0.99999998728568,-7.1054273575995E-15));
#3259=DIRECTION('',(-2.7781946517283E-15,1.8521297678189E-15,1.));
#3260=AXIS2_PLACEMENT_3D('',#3257,#3259,#3258);
#3261=CYLINDRICAL_SURFACE('',#3260,0.50000000000011);
#3262=ORIENTED_EDGE('',*,*,#278,.F.);
#3263=ORIENTED_EDGE('',*,*,#1991,.F.);
#3264=ORIENTED_EDGE('',*,*,#2628,.F.);
#3265=ORIENTED_EDGE('',*,*,#1285,.F.);
#3266=EDGE_LOOP('',(#3262,#3263,#3264,#3265));
#3267=FACE_OUTER_BOUND('',#3266,.T.);
#3268=ADVANCED_FACE('',(#3267),#3261,.F.);
#3269=CARTESIAN_POINT('',(19.832953404089,82.442085801169,20.145612962536));
#3270=DIRECTION('',(-0.98479327084424,0.17373029010479,7.1054273576007E-15));
#3271=DIRECTION('',(9.2606488390944E-16,0.,1.));
#3272=AXIS2_PLACEMENT_3D('',#3269,#3271,#3270);
#3273=CYLINDRICAL_SURFACE('',#3272,0.50000000000003);
#3274=ORIENTED_EDGE('',*,*,#2635,.F.);
#3275=ORIENTED_EDGE('',*,*,#1976,.F.);
#3276=ORIENTED_EDGE('',*,*,#2650,.F.);
#3277=ORIENTED_EDGE('',*,*,#1302,.F.);
#3278=EDGE_LOOP('',(#3274,#3275,#3276,#3277));
#3279=FACE_OUTER_BOUND('',#3278,.T.);
#3280=ADVANCED_FACE('',(#3279),#3273,.F.);
#3281=CARTESIAN_POINT('',(15.716569460909,59.096912381643,19.19175551147));
#3282=DIRECTION('',(8.9306340100843E-10,1.,0.));
#3283=DIRECTION('',(2.1621284218003E-15,-2.471003910629E-15,1.));
#3284=AXIS2_PLACEMENT_3D('',#3281,#3283,#3282);
#3285=CYLINDRICAL_SURFACE('',#3284,0.50000000000003);
#3286=ORIENTED_EDGE('',*,*,#2740,.F.);
#3287=ORIENTED_EDGE('',*,*,#2013,.F.);
#3288=ORIENTED_EDGE('',*,*,#2672,.F.);
#3289=ORIENTED_EDGE('',*,*,#1386,.F.);
#3290=EDGE_LOOP('',(#3286,#3287,#3288,#3289));
#3291=FACE_OUTER_BOUND('',#3290,.T.);
#3292=ADVANCED_FACE('',(#3291),#3285,.F.);
#3293=CARTESIAN_POINT('',(36.126573117824,59.096912381643,19.19175551147));
#3294=DIRECTION('',(0.98480775316721,0.17364817678789,1.4210854715204E-14));
#3295=DIRECTION('',(-2.471003910629E-15,-3.7065058659435E-15,1.));
#3296=AXIS2_PLACEMENT_3D('',#3293,#3295,#3294);
#3297=CYLINDRICAL_SURFACE('',#3296,0.49999999999994);
#3298=ORIENTED_EDGE('',*,*,#2679,.F.);
#3299=ORIENTED_EDGE('',*,*,#2061,.F.);
#3300=ORIENTED_EDGE('',*,*,#2694,.F.);
#3301=ORIENTED_EDGE('',*,*,#1338,.F.);
#3302=EDGE_LOOP('',(#3298,#3299,#3300,#3301));
#3303=FACE_OUTER_BOUND('',#3302,.T.);
#3304=ADVANCED_FACE('',(#3303),#3297,.F.);
#3305=CARTESIAN_POINT('',(37.285497487801,52.52432567188,18.891687293153));
#3306=DIRECTION('',(-0.00015946361385484,-0.99999998728568,0.));
#3307=DIRECTION('',(-1.9899510765646E-15,2.7859315071904E-15,1.));
#3308=AXIS2_PLACEMENT_3D('',#3305,#3307,#3306);
#3309=CYLINDRICAL_SURFACE('',#3308,0.50000000000012);
#3310=ORIENTED_EDGE('',*,*,#320,.F.);
#3311=ORIENTED_EDGE('',*,*,#2045,.F.);
#3312=ORIENTED_EDGE('',*,*,#2711,.F.);
#3313=ORIENTED_EDGE('',*,*,#1354,.F.);
#3314=EDGE_LOOP('',(#3310,#3311,#3312,#3313));
#3315=FACE_OUTER_BOUND('',#3314,.T.);
#3316=ADVANCED_FACE('',(#3315),#3309,.F.);
#3317=CARTESIAN_POINT('',(14.557645090931,52.52432567188,18.891687293153));
#3318=DIRECTION('',(-0.98479327084463,0.17373029010259,7.1054273576008E-15));
#3319=DIRECTION('',(3.2834192763315E-15,2.7859315071904E-15,1.));
#3320=AXIS2_PLACEMENT_3D('',#3317,#3319,#3318);
#3321=CYLINDRICAL_SURFACE('',#3320,0.50000000000001);
#3322=ORIENTED_EDGE('',*,*,#2718,.F.);
#3323=ORIENTED_EDGE('',*,*,#2030,.F.);
#3324=ORIENTED_EDGE('',*,*,#2733,.F.);
#3325=ORIENTED_EDGE('',*,*,#1371,.F.);
#3326=EDGE_LOOP('',(#3322,#3323,#3324,#3325));
#3327=FACE_OUTER_BOUND('',#3326,.T.);
#3328=ADVANCED_FACE('',(#3327),#3321,.F.);
#3329=CARTESIAN_POINT('',(37.885465328933,49.121738962116,18.773671873081));
#3330=DIRECTION('',(0.98480775316684,0.17364817678999,0.));
#3331=DIRECTION('',(0.,-7.8559440652573E-16,1.));
#3332=AXIS2_PLACEMENT_3D('',#3329,#3331,#3330);
#3333=CYLINDRICAL_SURFACE('',#3332,0.50000000000009);
#3334=ORIENTED_EDGE('',*,*,#2822,.F.);
#3335=ORIENTED_EDGE('',*,*,#2107,.F.);
#3336=ORIENTED_EDGE('',*,*,#2757,.F.);
#3337=ORIENTED_EDGE('',*,*,#1449,.F.);
#3338=EDGE_LOOP('',(#3334,#3335,#3336,#3337));
#3339=FACE_OUTER_BOUND('',#3338,.T.);
#3340=ADVANCED_FACE('',(#3339),#3333,.F.);
#3341=CARTESIAN_POINT('',(38.991035497975,42.851738962117,18.486285795438));
#3342=DIRECTION('',(-0.00015946361565963,-0.99999998728568,7.1054273575996E-15));
#3343=DIRECTION('',(-6.4719129407236E-15,7.2333144631617E-15,1.));
#3344=AXIS2_PLACEMENT_3D('',#3341,#3343,#3342);
#3345=CYLINDRICAL_SURFACE('',#3344,0.5000000000001);
#3346=ORIENTED_EDGE('',*,*,#362,.F.);
#3347=ORIENTED_EDGE('',*,*,#2089,.F.);
#3348=ORIENTED_EDGE('',*,*,#2779,.F.);
#3349=ORIENTED_EDGE('',*,*,#1398,.F.);
#3350=EDGE_LOOP('',(#3346,#3347,#3348,#3349));
#3351=FACE_OUTER_BOUND('',#3350,.T.);
#3352=ADVANCED_FACE('',(#3351),#3345,.F.);
#3353=CARTESIAN_POINT('',(12.852107080758,42.851738962117,18.486285795438));
#3354=DIRECTION('',(-0.98480780487501,0.17364788353809,7.1054273576013E-15));
#3355=DIRECTION('',(7.6140152243807E-15,5.7105114182855E-15,1.));
#3356=AXIS2_PLACEMENT_3D('',#3353,#3355,#3354);
#3357=CYLINDRICAL_SURFACE('',#3356,0.49999999999998);
#3358=ORIENTED_EDGE('',*,*,#2074,.F.);
#3359=ORIENTED_EDGE('',*,*,#2793,.F.);
#3360=ORIENTED_EDGE('',*,*,#1415,.F.);
#3361=ORIENTED_EDGE('',*,*,#2772,.F.);
#3362=EDGE_LOOP('',(#3358,#3359,#3360,#3361));
#3363=FACE_OUTER_BOUND('',#3362,.T.);
#3364=ADVANCED_FACE('',(#3363),#3357,.F.);
#3365=CARTESIAN_POINT('',(13.9576772498,49.121738962116,18.773671873081));
#3366=DIRECTION('',(8.9498186639493E-10,1.,7.1054273576002E-15));
#3367=DIRECTION('',(4.9099650407858E-16,0.,1.));
#3368=AXIS2_PLACEMENT_3D('',#3365,#3367,#3366);
#3369=CYLINDRICAL_SURFACE('',#3368,0.50000000000006);
#3370=ORIENTED_EDGE('',*,*,#2800,.F.);
#3371=ORIENTED_EDGE('',*,*,#2124,.F.);
#3372=ORIENTED_EDGE('',*,*,#2815,.F.);
#3373=ORIENTED_EDGE('',*,*,#1432,.F.);
#3374=EDGE_LOOP('',(#3370,#3371,#3372,#3373));
#3375=FACE_OUTER_BOUND('',#3374,.T.);
#3376=ADVANCED_FACE('',(#3375),#3369,.F.);
#3377=CLOSED_SHELL('',(#87,#129,#171,#213,#255,#297,#339,#381,#429,#492,#516,#573,#597,#647,#678,#703,#725,#737,#784,#801,#1459,#1483,#2134,#2146,#2163,#2185,#2207,#2229,#2246,#2268,#2290,#2312,#2329,#2351,#2373,#2395,#2412,#2434,#2456,#2473,#2495,#2517,#2539,#2556,#2578,#2600,#2617,#2639,#2661,#2683,#2700,#2722,#2744,#2761,#2783,#2805,#2827,#2844,#2861,#2878,#2895,#2912,#2929,#2946,#2963,#2980,#2992,#3004,#3016,#3028,#3040,#3052,#3064,#3076,#3088,#3100,#3112,#3124,#3136,#3148,#3160,#3172,#3184,#3196,#3208,#3220,#3232,#3244,#3256,#3268,#3280,#3292,#3304,#3316,#3328,#3340,#3352,#3364,#3376));
#3378=COLOUR_RGB('',0.309804,0.309804,0.309804);
#3379=FILL_AREA_STYLE_COLOUR('',#3378);
#3380=FILL_AREA_STYLE('',(#3379));
#3381=SURFACE_STYLE_FILL_AREA(#3380);
#3382=SURFACE_SIDE_STYLE('',(#3381));
#3383=SURFACE_STYLE_USAGE(.BOTH.,#3382);
#3384=PRESENTATION_STYLE_ASSIGNMENT((#3383));
#3385=OVER_RIDING_STYLED_ITEM('',(#3384),#87,#3377);
#3386=OVER_RIDING_STYLED_ITEM('',(#3384),#129,#3377);
#3387=OVER_RIDING_STYLED_ITEM('',(#3384),#171,#3377);
#3388=OVER_RIDING_STYLED_ITEM('',(#3384),#213,#3377);
#3389=OVER_RIDING_STYLED_ITEM('',(#3384),#255,#3377);
#3390=OVER_RIDING_STYLED_ITEM('',(#3384),#297,#3377);
#3391=OVER_RIDING_STYLED_ITEM('',(#3384),#339,#3377);
#3392=OVER_RIDING_STYLED_ITEM('',(#3384),#381,#3377);
#3393=OVER_RIDING_STYLED_ITEM('',(#3384),#429,#3377);
#3394=OVER_RIDING_STYLED_ITEM('',(#3384),#492,#3377);
#3395=OVER_RIDING_STYLED_ITEM('',(#3384),#516,#3377);
#3396=OVER_RIDING_STYLED_ITEM('',(#3384),#573,#3377);
#3397=OVER_RIDING_STYLED_ITEM('',(#3384),#597,#3377);
#3398=OVER_RIDING_STYLED_ITEM('',(#3384),#647,#3377);
#3399=OVER_RIDING_STYLED_ITEM('',(#3384),#678,#3377);
#3400=OVER_RIDING_STYLED_ITEM('',(#3384),#703,#3377);
#3401=OVER_RIDING_STYLED_ITEM('',(#3384),#725,#3377);
#3402=OVER_RIDING_STYLED_ITEM('',(#3384),#737,#3377);
#3403=OVER_RIDING_STYLED_ITEM('',(#3384),#784,#3377);
#3404=OVER_RIDING_STYLED_ITEM('',(#3384),#801,#3377);
#3405=OVER_RIDING_STYLED_ITEM('',(#3384),#1459,#3377);
#3406=OVER_RIDING_STYLED_ITEM('',(#3384),#1483,#3377);
#3407=OVER_RIDING_STYLED_ITEM('',(#3384),#2134,#3377);
#3408=OVER_RIDING_STYLED_ITEM('',(#3384),#2146,#3377);
#3409=OVER_RIDING_STYLED_ITEM('',(#3384),#2163,#3377);
#3410=OVER_RIDING_STYLED_ITEM('',(#3384),#2185,#3377);
#3411=OVER_RIDING_STYLED_ITEM('',(#3384),#2207,#3377);
#3412=OVER_RIDING_STYLED_ITEM('',(#3384),#2229,#3377);
#3413=OVER_RIDING_STYLED_ITEM('',(#3384),#2246,#3377);
#3414=OVER_RIDING_STYLED_ITEM('',(#3384),#2268,#3377);
#3415=OVER_RIDING_STYLED_ITEM('',(#3384),#2290,#3377);
#3416=OVER_RIDING_STYLED_ITEM('',(#3384),#2312,#3377);
#3417=OVER_RIDING_STYLED_ITEM('',(#3384),#2329,#3377);
#3418=OVER_RIDING_STYLED_ITEM('',(#3384),#2351,#3377);
#3419=OVER_RIDING_STYLED_ITEM('',(#3384),#2373,#3377);
#3420=OVER_RIDING_STYLED_ITEM('',(#3384),#2395,#3377);
#3421=OVER_RIDING_STYLED_ITEM('',(#3384),#2412,#3377);
#3422=OVER_RIDING_STYLED_ITEM('',(#3384),#2434,#3377);
#3423=OVER_RIDING_STYLED_ITEM('',(#3384),#2456,#3377);
#3424=OVER_RIDING_STYLED_ITEM('',(#3384),#2473,#3377);
#3425=OVER_RIDING_STYLED_ITEM('',(#3384),#2495,#3377);
#3426=OVER_RIDING_STYLED_ITEM('',(#3384),#2517,#3377);
#3427=OVER_RIDING_STYLED_ITEM('',(#3384),#2539,#3377);
#3428=OVER_RIDING_STYLED_ITEM('',(#3384),#2556,#3377);
#3429=OVER_RIDING_STYLED_ITEM('',(#3384),#2578,#3377);
#3430=OVER_RIDING_STYLED_ITEM('',(#3384),#2600,#3377);
#3431=OVER_RIDING_STYLED_ITEM('',(#3384),#2617,#3377);
#3432=OVER_RIDING_STYLED_ITEM('',(#3384),#2639,#3377);
#3433=OVER_RIDING_STYLED_ITEM('',(#3384),#2661,#3377);
#3434=OVER_RIDING_STYLED_ITEM('',(#3384),#2683,#3377);
#3435=OVER_RIDING_STYLED_ITEM('',(#3384),#2700,#3377);
#3436=OVER_RIDING_STYLED_ITEM('',(#3384),#2722,#3377);
#3437=OVER_RIDING_STYLED_ITEM('',(#3384),#2744,#3377);
#3438=OVER_RIDING_STYLED_ITEM('',(#3384),#2761,#3377);
#3439=OVER_RIDING_STYLED_ITEM('',(#3384),#2783,#3377);
#3440=OVER_RIDING_STYLED_ITEM('',(#3384),#2805,#3377);
#3441=OVER_RIDING_STYLED_ITEM('',(#3384),#2827,#3377);
#3442=OVER_RIDING_STYLED_ITEM('',(#3384),#2844,#3377);
#3443=OVER_RIDING_STYLED_ITEM('',(#3384),#2861,#3377);
#3444=OVER_RIDING_STYLED_ITEM('',(#3384),#2878,#3377);
#3445=OVER_RIDING_STYLED_ITEM('',(#3384),#2895,#3377);
#3446=OVER_RIDING_STYLED_ITEM('',(#3384),#2912,#3377);
#3447=OVER_RIDING_STYLED_ITEM('',(#3384),#2929,#3377);
#3448=OVER_RIDING_STYLED_ITEM('',(#3384),#2946,#3377);
#3449=OVER_RIDING_STYLED_ITEM('',(#3384),#2963,#3377);
#3450=OVER_RIDING_STYLED_ITEM('',(#3384),#2980,#3377);
#3451=OVER_RIDING_STYLED_ITEM('',(#3384),#2992,#3377);
#3452=OVER_RIDING_STYLED_ITEM('',(#3384),#3004,#3377);
#3453=OVER_RIDING_STYLED_ITEM('',(#3384),#3016,#3377);
#3454=OVER_RIDING_STYLED_ITEM('',(#3384),#3028,#3377);
#3455=OVER_RIDING_STYLED_ITEM('',(#3384),#3040,#3377);
#3456=OVER_RIDING_STYLED_ITEM('',(#3384),#3052,#3377);
#3457=OVER_RIDING_STYLED_ITEM('',(#3384),#3064,#3377);
#3458=OVER_RIDING_STYLED_ITEM('',(#3384),#3076,#3377);
#3459=OVER_RIDING_STYLED_ITEM('',(#3384),#3088,#3377);
#3460=OVER_RIDING_STYLED_ITEM('',(#3384),#3100,#3377);
#3461=OVER_RIDING_STYLED_ITEM('',(#3384),#3112,#3377);
#3462=OVER_RIDING_STYLED_ITEM('',(#3384),#3124,#3377);
#3463=OVER_RIDING_STYLED_ITEM('',(#3384),#3136,#3377);
#3464=OVER_RIDING_STYLED_ITEM('',(#3384),#3148,#3377);
#3465=OVER_RIDING_STYLED_ITEM('',(#3384),#3160,#3377);
#3466=OVER_RIDING_STYLED_ITEM('',(#3384),#3172,#3377);
#3467=OVER_RIDING_STYLED_ITEM('',(#3384),#3184,#3377);
#3468=OVER_RIDING_STYLED_ITEM('',(#3384),#3196,#3377);
#3469=OVER_RIDING_STYLED_ITEM('',(#3384),#3208,#3377);
#3470=OVER_RIDING_STYLED_ITEM('',(#3384),#3220,#3377);
#3471=OVER_RIDING_STYLED_ITEM('',(#3384),#3232,#3377);
#3472=OVER_RIDING_STYLED_ITEM('',(#3384),#3244,#3377);
#3473=OVER_RIDING_STYLED_ITEM('',(#3384),#3256,#3377);
#3474=OVER_RIDING_STYLED_ITEM('',(#3384),#3268,#3377);
#3475=OVER_RIDING_STYLED_ITEM('',(#3384),#3280,#3377);
#3476=OVER_RIDING_STYLED_ITEM('',(#3384),#3292,#3377);
#3477=OVER_RIDING_STYLED_ITEM('',(#3384),#3304,#3377);
#3478=OVER_RIDING_STYLED_ITEM('',(#3384),#3316,#3377);
#3479=OVER_RIDING_STYLED_ITEM('',(#3384),#3328,#3377);
#3480=OVER_RIDING_STYLED_ITEM('',(#3384),#3340,#3377);
#3481=OVER_RIDING_STYLED_ITEM('',(#3384),#3352,#3377);
#3482=OVER_RIDING_STYLED_ITEM('',(#3384),#3364,#3377);
#3483=OVER_RIDING_STYLED_ITEM('',(#3384),#3376,#3377);
#3484=MANIFOLD_SOLID_BREP('NONE',#3377);
#3485=CARTESIAN_POINT('',(42.921571289366,14.453871498697,32.975945519562));
#3486=DIRECTION('',(-1.,-4.1448326252673E-14,0.));
#3487=DIRECTION('',(0.,-1.2688263138573E-15,1.));
#3488=AXIS2_PLACEMENT_3D('',#3485,#3487,#3486);
#3489=CYLINDRICAL_SURFACE('',#3488,1.5);
#3490=CARTESIAN_POINT('',(44.421571289366,14.453871498697,32.975945519562));
#3491=VERTEX_POINT('',#3490);
#3492=CARTESIAN_POINT('',(41.421571289366,14.453871498697,32.975945519562));
#3493=VERTEX_POINT('',#3492);
#3494=CARTESIAN_POINT('',(42.921571289366,14.453871498697,32.975945519562));
#3495=DIRECTION('',(1.,2.368475785867E-15,0.));
#3496=DIRECTION('',(4.2885047732943E-15,-4.2885047732943E-15,-1.));
#3497=AXIS2_PLACEMENT_3D('',#3494,#3496,#3495);
#3498=CIRCLE('',#3497,1.5);
#3499=EDGE_CURVE('',#3491,#3493,#3498,.T.);
#3500=ORIENTED_EDGE('',*,*,#3499,.T.);
#3501=CARTESIAN_POINT('',(41.421571289366,14.453871498697,39.975945519562));
#3502=VERTEX_POINT('',#3501);
#3503=CARTESIAN_POINT('',(41.421571289366,14.453871498697,32.975945519562));
#3504=DIRECTION('',(0.,0.,1.));
#3505=VECTOR('',#3504,7.);
#3506=LINE('',#3503,#3505);
#3507=EDGE_CURVE('',#3493,#3502,#3506,.T.);
#3508=ORIENTED_EDGE('',*,*,#3507,.T.);
#3509=CARTESIAN_POINT('',(44.421571289366,14.453871498697,39.975945519562));
#3510=VERTEX_POINT('',#3509);
#3511=CARTESIAN_POINT('',(42.921571289366,14.453871498697,39.975945519562));
#3512=DIRECTION('',(-1.,0.,0.));
#3513=DIRECTION('',(2.8590031821962E-15,2.8590031821962E-15,1.));
#3514=AXIS2_PLACEMENT_3D('',#3511,#3513,#3512);
#3515=CIRCLE('',#3514,1.5);
#3516=EDGE_CURVE('',#3502,#3510,#3515,.T.);
#3517=ORIENTED_EDGE('',*,*,#3516,.T.);
#3518=CARTESIAN_POINT('',(44.421571289366,14.453871498697,39.975945519562));
#3519=DIRECTION('',(0.,0.,-1.));
#3520=VECTOR('',#3519,7.);
#3521=LINE('',#3518,#3520);
#3522=EDGE_CURVE('',#3510,#3491,#3521,.T.);
#3523=ORIENTED_EDGE('',*,*,#3522,.T.);
#3524=EDGE_LOOP('',(#3500,#3508,#3517,#3523));
#3525=FACE_OUTER_BOUND('',#3524,.T.);
#3526=ADVANCED_FACE('',(#3525),#3489,.F.);
#3527=CARTESIAN_POINT('',(22.997677327532,12.710756643744,32.975945519562));
#3528=DIRECTION('',(-1.,-4.736951571734E-14,0.));
#3529=DIRECTION('',(0.,-2.2838873649432E-15,1.));
#3530=AXIS2_PLACEMENT_3D('',#3527,#3529,#3528);
#3531=CYLINDRICAL_SURFACE('',#3530,1.5);
#3532=CARTESIAN_POINT('',(24.497677327532,12.710756643744,32.975945519562));
#3533=VERTEX_POINT('',#3532);
#3534=CARTESIAN_POINT('',(21.497677327532,12.710756643744,32.975945519562));
#3535=VERTEX_POINT('',#3534);
#3536=CARTESIAN_POINT('',(22.997677327532,12.710756643744,32.975945519562));
#3537=DIRECTION('',(1.,0.,4.736951571734E-15));
#3538=DIRECTION('',(2.8590031821962E-15,-2.8590031821962E-15,-1.));
#3539=AXIS2_PLACEMENT_3D('',#3536,#3538,#3537);
#3540=CIRCLE('',#3539,1.5);
#3541=EDGE_CURVE('',#3533,#3535,#3540,.T.);
#3542=ORIENTED_EDGE('',*,*,#3541,.T.);
#3543=CARTESIAN_POINT('',(21.497677327532,12.710756643744,39.975945519562));
#3544=VERTEX_POINT('',#3543);
#3545=CARTESIAN_POINT('',(21.497677327532,12.710756643744,32.975945519562));
#3546=DIRECTION('',(0.,0.,1.));
#3547=VECTOR('',#3546,7.);
#3548=LINE('',#3545,#3547);
#3549=EDGE_CURVE('',#3535,#3544,#3548,.T.);
#3550=ORIENTED_EDGE('',*,*,#3549,.T.);
#3551=CARTESIAN_POINT('',(24.497677327532,12.710756643744,39.975945519562));
#3552=VERTEX_POINT('',#3551);
#3553=CARTESIAN_POINT('',(22.997677327532,12.710756643744,39.975945519562));
#3554=DIRECTION('',(-1.,0.,0.));
#3555=DIRECTION('',(2.8590031821962E-15,2.8590031821962E-15,1.));
#3556=AXIS2_PLACEMENT_3D('',#3553,#3555,#3554);
#3557=CIRCLE('',#3556,1.5);
#3558=EDGE_CURVE('',#3544,#3552,#3557,.T.);
#3559=ORIENTED_EDGE('',*,*,#3558,.T.);
#3560=CARTESIAN_POINT('',(24.497677327532,12.710756643744,39.975945519562));
#3561=DIRECTION('',(0.,0.,-1.));
#3562=VECTOR('',#3561,7.);
#3563=LINE('',#3560,#3562);
#3564=EDGE_CURVE('',#3552,#3533,#3563,.T.);
#3565=ORIENTED_EDGE('',*,*,#3564,.T.);
#3566=EDGE_LOOP('',(#3542,#3550,#3559,#3565));
#3567=FACE_OUTER_BOUND('',#3566,.T.);
#3568=ADVANCED_FACE('',(#3567),#3531,.F.);
#3569=CARTESIAN_POINT('',(42.921571289366,14.453871498697,32.975945519562));
#3570=DIRECTION('',(1.,-2.4710948941396E-08,0.));
#3571=DIRECTION('',(0.,5.0753052554293E-16,1.));
#3572=AXIS2_PLACEMENT_3D('',#3569,#3571,#3570);
#3573=CYLINDRICAL_SURFACE('',#3572,4.5);
#3574=CARTESIAN_POINT('',(39.338656970324,11.731239503292,32.975945519562));
#3575=VERTEX_POINT('',#3574);
#3576=CARTESIAN_POINT('',(47.421571289366,14.453871498697,32.975945519562));
#3577=VERTEX_POINT('',#3576);
#3578=CARTESIAN_POINT('',(42.921571289366,14.453871498697,32.975945519562));
#3579=DIRECTION('',(-0.79620318200935,-0.60502933231223,0.));
#3580=DIRECTION('',(-6.1711984630087E-16,-2.0088751828974E-15,1.));
#3581=AXIS2_PLACEMENT_3D('',#3578,#3580,#3579);
#3582=CIRCLE('',#3581,4.4999999999999);
#3583=EDGE_CURVE('',#3575,#3577,#3582,.T.);
#3584=ORIENTED_EDGE('',*,*,#3583,.T.);
#3585=CARTESIAN_POINT('',(47.421571289366,14.453871498697,39.975945519562));
#3586=VERTEX_POINT('',#3585);
#3587=CARTESIAN_POINT('',(47.421571289366,14.453871498697,32.975945519562));
#3588=DIRECTION('',(0.,0.,1.));
#3589=VECTOR('',#3588,7.);
#3590=LINE('',#3587,#3589);
#3591=EDGE_CURVE('',#3577,#3586,#3590,.T.);
#3592=ORIENTED_EDGE('',*,*,#3591,.T.);
#3593=CARTESIAN_POINT('',(39.338656970324,11.731239503292,39.975945519562));
#3594=VERTEX_POINT('',#3593);
#3595=CARTESIAN_POINT('',(42.921571289366,14.453871498697,39.975945519562));
#3596=DIRECTION('',(1.,7.8949192862233E-16,0.));
#3597=DIRECTION('',(-4.2669529897822E-16,3.0652430107961E-16,-1.));
#3598=AXIS2_PLACEMENT_3D('',#3595,#3597,#3596);
#3599=CIRCLE('',#3598,4.5);
#3600=EDGE_CURVE('',#3586,#3594,#3599,.T.);
#3601=ORIENTED_EDGE('',*,*,#3600,.T.);
#3602=CARTESIAN_POINT('',(39.338656970324,11.731239503292,39.975945519562));
#3603=DIRECTION('',(0.,0.,-1.));
#3604=VECTOR('',#3603,7.);
#3605=LINE('',#3602,#3604);
#3606=EDGE_CURVE('',#3594,#3575,#3605,.T.);
#3607=ORIENTED_EDGE('',*,*,#3606,.T.);
#3608=EDGE_LOOP('',(#3584,#3592,#3601,#3607));
#3609=FACE_OUTER_BOUND('',#3608,.T.);
#3610=ADVANCED_FACE('',(#3609),#3573,.T.);
#3611=CARTESIAN_POINT('',(22.997677327532,12.710756643744,15.975945519562));
#3612=DIRECTION('',(-1.,-7.105427357601E-15,0.));
#3613=DIRECTION('',(0.,-1.0150610510859E-15,1.));
#3614=AXIS2_PLACEMENT_3D('',#3611,#3613,#3612);
#3615=CYLINDRICAL_SURFACE('',#3614,1.5);
#3616=CARTESIAN_POINT('',(24.497677327532,12.710756643744,15.975945519562));
#3617=VERTEX_POINT('',#3616);
#3618=CARTESIAN_POINT('',(21.497677327532,12.710756643744,15.975945519562));
#3619=VERTEX_POINT('',#3618);
#3620=CARTESIAN_POINT('',(22.997677327532,12.710756643744,15.975945519562));
#3621=DIRECTION('',(1.,0.,1.1842378929335E-15));
#3622=DIRECTION('',(7.1475079554905E-16,-7.1475079554905E-16,-1.));
#3623=AXIS2_PLACEMENT_3D('',#3620,#3622,#3621);
#3624=CIRCLE('',#3623,1.5);
#3625=EDGE_CURVE('',#3617,#3619,#3624,.T.);
#3626=ORIENTED_EDGE('',*,*,#3625,.T.);
#3627=CARTESIAN_POINT('',(21.497677327532,12.710756643744,22.975945519562));
#3628=VERTEX_POINT('',#3627);
#3629=CARTESIAN_POINT('',(21.497677327532,12.710756643744,15.975945519562));
#3630=DIRECTION('',(0.,0.,1.));
#3631=VECTOR('',#3630,7.);
#3632=LINE('',#3629,#3631);
#3633=EDGE_CURVE('',#3619,#3628,#3632,.T.);
#3634=ORIENTED_EDGE('',*,*,#3633,.T.);
#3635=CARTESIAN_POINT('',(24.497677327532,12.710756643744,22.975945519562));
#3636=VERTEX_POINT('',#3635);
#3637=CARTESIAN_POINT('',(22.997677327532,12.710756643744,22.975945519562));
#3638=DIRECTION('',(-1.,0.,-2.368475785867E-15));
#3639=DIRECTION('',(7.1475079554905E-16,7.1475079554905E-16,1.));
#3640=AXIS2_PLACEMENT_3D('',#3637,#3639,#3638);
#3641=CIRCLE('',#3640,1.5);
#3642=EDGE_CURVE('',#3628,#3636,#3641,.T.);
#3643=ORIENTED_EDGE('',*,*,#3642,.T.);
#3644=CARTESIAN_POINT('',(24.497677327532,12.710756643744,22.975945519562));
#3645=DIRECTION('',(0.,0.,-1.));
#3646=VECTOR('',#3645,7.);
#3647=LINE('',#3644,#3646);
#3648=EDGE_CURVE('',#3636,#3617,#3647,.T.);
#3649=ORIENTED_EDGE('',*,*,#3648,.T.);
#3650=EDGE_LOOP('',(#3626,#3634,#3643,#3649));
#3651=FACE_OUTER_BOUND('',#3650,.T.);
#3652=ADVANCED_FACE('',(#3651),#3615,.F.);
#3653=CARTESIAN_POINT('',(42.921571289367,14.453871498697,15.975945519562));
#3654=DIRECTION('',(-1.,1.3796371452675E-12,-1.1842378929335E-15));
#3655=DIRECTION('',(0.,0.,1.));
#3656=AXIS2_PLACEMENT_3D('',#3653,#3655,#3654);
#3657=CYLINDRICAL_SURFACE('',#3656,1.5);
#3658=CARTESIAN_POINT('',(44.421571289366,14.453871498697,15.975945519562));
#3659=VERTEX_POINT('',#3658);
#3660=CARTESIAN_POINT('',(41.421571289366,14.453871498697,15.975945519562));
#3661=VERTEX_POINT('',#3660);
#3662=CARTESIAN_POINT('',(42.921571289366,14.453871498697,15.975945519562));
#3663=DIRECTION('',(1.,2.368475785867E-15,1.1842378929335E-15));
#3664=DIRECTION('',(7.1475079554905E-16,-7.1475079554905E-16,-1.));
#3665=AXIS2_PLACEMENT_3D('',#3662,#3664,#3663);
#3666=CIRCLE('',#3665,1.5);
#3667=EDGE_CURVE('',#3659,#3661,#3666,.T.);
#3668=ORIENTED_EDGE('',*,*,#3667,.T.);
#3669=CARTESIAN_POINT('',(41.421571289366,14.453871498697,22.975945519562));
#3670=VERTEX_POINT('',#3669);
#3671=CARTESIAN_POINT('',(41.421571289366,14.453871498697,15.975945519562));
#3672=DIRECTION('',(0.,0.,1.));
#3673=VECTOR('',#3672,7.);
#3674=LINE('',#3671,#3673);
#3675=EDGE_CURVE('',#3661,#3670,#3674,.T.);
#3676=ORIENTED_EDGE('',*,*,#3675,.T.);
#3677=CARTESIAN_POINT('',(44.421571289366,14.453871498697,22.975945519562));
#3678=VERTEX_POINT('',#3677);
#3679=CARTESIAN_POINT('',(42.921571289366,14.453871498697,22.975945519562));
#3680=DIRECTION('',(-1.,0.,-2.368475785867E-15));
#3681=DIRECTION('',(7.1475079554905E-16,7.1475079554905E-16,1.));
#3682=AXIS2_PLACEMENT_3D('',#3679,#3681,#3680);
#3683=CIRCLE('',#3682,1.5);
#3684=EDGE_CURVE('',#3670,#3678,#3683,.T.);
#3685=ORIENTED_EDGE('',*,*,#3684,.T.);
#3686=CARTESIAN_POINT('',(44.421571289366,14.453871498697,22.975945519562));
#3687=DIRECTION('',(0.,0.,-1.));
#3688=VECTOR('',#3687,7.);
#3689=LINE('',#3686,#3688);
#3690=EDGE_CURVE('',#3678,#3659,#3689,.T.);
#3691=ORIENTED_EDGE('',*,*,#3690,.T.);
#3692=EDGE_LOOP('',(#3668,#3676,#3685,#3691));
#3693=FACE_OUTER_BOUND('',#3692,.T.);
#3694=ADVANCED_FACE('',(#3693),#3657,.F.);
#3695=CARTESIAN_POINT('',(42.921571289366,14.453871498697,15.975945519562));
#3696=DIRECTION('',(1.,-2.4710951309872E-08,-3.9474596431117E-16));
#3697=DIRECTION('',(0.,-2.5376526277146E-16,1.));
#3698=AXIS2_PLACEMENT_3D('',#3695,#3697,#3696);
#3699=CYLINDRICAL_SURFACE('',#3698,4.5);
#3700=CARTESIAN_POINT('',(39.338656970324,11.731239503292,15.975945519562));
#3701=VERTEX_POINT('',#3700);
#3702=CARTESIAN_POINT('',(47.421571289366,14.453871498697,15.975945519562));
#3703=VERTEX_POINT('',#3702);
#3704=CARTESIAN_POINT('',(42.921571289366,14.453871498697,15.975945519562));
#3705=DIRECTION('',(-0.79620318200935,-0.60502933231223,0.));
#3706=DIRECTION('',(-7.7139980787609E-17,-2.5110939786218E-16,1.));
#3707=AXIS2_PLACEMENT_3D('',#3704,#3706,#3705);
#3708=CIRCLE('',#3707,4.4999999999999);
#3709=EDGE_CURVE('',#3701,#3703,#3708,.T.);
#3710=ORIENTED_EDGE('',*,*,#3709,.T.);
#3711=CARTESIAN_POINT('',(47.421571289366,14.453871498697,22.975945519562));
#3712=VERTEX_POINT('',#3711);
#3713=CARTESIAN_POINT('',(47.421571289366,14.453871498697,15.975945519562));
#3714=DIRECTION('',(0.,0.,1.));
#3715=VECTOR('',#3714,7.);
#3716=LINE('',#3713,#3715);
#3717=EDGE_CURVE('',#3703,#3712,#3716,.T.);
#3718=ORIENTED_EDGE('',*,*,#3717,.T.);
#3719=CARTESIAN_POINT('',(39.338656970324,11.731239503292,22.975945519562));
#3720=VERTEX_POINT('',#3719);
#3721=CARTESIAN_POINT('',(42.921571289366,14.453871498697,22.975945519562));
#3722=DIRECTION('',(1.,3.9474596431117E-16,-7.8949192862233E-16));
#3723=DIRECTION('',(-1.2800858969347E-15,9.1957290323885E-16,-1.));
#3724=AXIS2_PLACEMENT_3D('',#3721,#3723,#3722);
#3725=CIRCLE('',#3724,4.5);
#3726=EDGE_CURVE('',#3712,#3720,#3725,.T.);
#3727=ORIENTED_EDGE('',*,*,#3726,.T.);
#3728=CARTESIAN_POINT('',(39.338656970324,11.731239503292,22.975945519562));
#3729=DIRECTION('',(0.,0.,-1.));
#3730=VECTOR('',#3729,7.);
#3731=LINE('',#3728,#3730);
#3732=EDGE_CURVE('',#3720,#3701,#3731,.T.);
#3733=ORIENTED_EDGE('',*,*,#3732,.T.);
#3734=EDGE_LOOP('',(#3710,#3718,#3727,#3733));
#3735=FACE_OUTER_BOUND('',#3734,.T.);
#3736=ADVANCED_FACE('',(#3735),#3699,.T.);
#3737=CARTESIAN_POINT('',(48.921571289366,18.953871498697,15.975945519562));
#3738=DIRECTION('',(-0.99999999999996,2.8535216382391E-07,-1.7763568394003E-15));
#3739=DIRECTION('',(-2.0301221021717E-15,0.,1.));
#3740=AXIS2_PLACEMENT_3D('',#3737,#3739,#3738);
#3741=CYLINDRICAL_SURFACE('',#3740,2.9999999999999);
#3742=CARTESIAN_POINT('',(45.921571289366,18.953871498697,22.975945519562));
#3743=VERTEX_POINT('',#3742);
#3744=CARTESIAN_POINT('',(46.521571289366,17.153871498697,22.975945519562));
#3745=VERTEX_POINT('',#3744);
#3746=CARTESIAN_POINT('',(48.921571289367,18.953871498697,22.975945519562));
#3747=DIRECTION('',(-1.,0.,-2.3684757858662E-15));
#3748=DIRECTION('',(-3.4207512712272E-15,-1.140250423742E-15,1.));
#3749=AXIS2_PLACEMENT_3D('',#3746,#3748,#3747);
#3750=CIRCLE('',#3749,3.000000000001);
#3751=EDGE_CURVE('',#3743,#3745,#3750,.T.);
#3752=ORIENTED_EDGE('',*,*,#3751,.T.);
#3753=CARTESIAN_POINT('',(46.521571289366,17.153871498697,15.975945519562));
#3754=VERTEX_POINT('',#3753);
#3755=CARTESIAN_POINT('',(46.521571289366,17.153871498697,22.975945519562));
#3756=DIRECTION('',(0.,0.,-1.));
#3757=VECTOR('',#3756,7.);
#3758=LINE('',#3755,#3757);
#3759=EDGE_CURVE('',#3745,#3754,#3758,.T.);
#3760=ORIENTED_EDGE('',*,*,#3759,.T.);
#3761=CARTESIAN_POINT('',(45.921571289366,18.953871498697,15.975945519562));
#3762=VERTEX_POINT('',#3761);
#3763=CARTESIAN_POINT('',(48.921571289366,18.953871498697,15.975945519562));
#3764=DIRECTION('',(-0.8,-0.6,-1.7763568394003E-15));
#3765=DIRECTION('',(1.0262253813678E-15,3.4207512712261E-16,-1.));
#3766=AXIS2_PLACEMENT_3D('',#3763,#3765,#3764);
#3767=CIRCLE('',#3766,3.);
#3768=EDGE_CURVE('',#3754,#3762,#3767,.T.);
#3769=ORIENTED_EDGE('',*,*,#3768,.T.);
#3770=CARTESIAN_POINT('',(45.921571289366,18.953871498697,15.975945519562));
#3771=DIRECTION('',(0.,0.,1.));
#3772=VECTOR('',#3771,7.);
#3773=LINE('',#3770,#3772);
#3774=EDGE_CURVE('',#3762,#3743,#3773,.T.);
#3775=ORIENTED_EDGE('',*,*,#3774,.T.);
#3776=EDGE_LOOP('',(#3752,#3760,#3769,#3775));
#3777=FACE_OUTER_BOUND('',#3776,.T.);
#3778=ADVANCED_FACE('',(#3777),#3741,.F.);
#3779=CARTESIAN_POINT('',(42.921571289366,14.453871498697,15.975945519562));
#3780=DIRECTION('',(0.7999999989429,0.60000000140947,0.));
#3781=DIRECTION('',(0.,0.,1.));
#3782=AXIS2_PLACEMENT_3D('',#3779,#3781,#3780);
#3783=CYLINDRICAL_SURFACE('',#3782,4.5000000000007);
#3784=ORIENTED_EDGE('',*,*,#3717,.F.);
#3785=CARTESIAN_POINT('',(42.921571289366,14.453871498697,15.975945519562));
#3786=DIRECTION('',(1.,3.5527136788005E-15,-3.9474596431116E-16));
#3787=DIRECTION('',(9.1220033899363E-16,3.0406677966454E-16,1.));
#3788=AXIS2_PLACEMENT_3D('',#3785,#3787,#3786);
#3789=CIRCLE('',#3788,4.5000000000001);
#3790=EDGE_CURVE('',#3703,#3754,#3789,.T.);
#3791=ORIENTED_EDGE('',*,*,#3790,.T.);
#3792=ORIENTED_EDGE('',*,*,#3759,.F.);
#3793=CARTESIAN_POINT('',(42.921571289367,14.453871498697,22.975945519562));
#3794=DIRECTION('',(0.79999999999992,0.6000000000001,0.));
#3795=DIRECTION('',(-4.561001694967E-16,-1.5203338983227E-16,-1.));
#3796=AXIS2_PLACEMENT_3D('',#3793,#3795,#3794);
#3797=CIRCLE('',#3796,4.4999999999992);
#3798=EDGE_CURVE('',#3745,#3712,#3797,.T.);
#3799=ORIENTED_EDGE('',*,*,#3798,.T.);
#3800=EDGE_LOOP('',(#3784,#3791,#3792,#3799));
#3801=FACE_OUTER_BOUND('',#3800,.T.);
#3802=ADVANCED_FACE('',(#3801),#3783,.T.);
#3803=CARTESIAN_POINT('',(36.950047424296,9.9161515063555,15.975945519562));
#3804=DIRECTION('',(0.79620332135645,0.60502914893495,0.));
#3805=DIRECTION('',(0.,0.,1.));
#3806=AXIS2_PLACEMENT_3D('',#3803,#3805,#3804);
#3807=CYLINDRICAL_SURFACE('',#3806,3.);
#3808=CARTESIAN_POINT('',(36.688580196053,12.904735600631,22.975945519562));
#3809=VERTEX_POINT('',#3808);
#3810=CARTESIAN_POINT('',(36.950047424296,9.9161515063555,22.975945519562));
#3811=DIRECTION('',(0.79620318200938,0.6050293323122,2.3684757858671E-15));
#3812=DIRECTION('',(-4.8178498652727E-16,-1.0880029391525E-15,1.));
#3813=AXIS2_PLACEMENT_3D('',#3810,#3812,#3811);
#3814=CIRCLE('',#3813,2.9999999999998);
#3815=EDGE_CURVE('',#3720,#3809,#3814,.T.);
#3816=ORIENTED_EDGE('',*,*,#3815,.T.);
#3817=CARTESIAN_POINT('',(36.688580196053,12.904735600631,15.975945519562));
#3818=VERTEX_POINT('',#3817);
#3819=CARTESIAN_POINT('',(36.688580196053,12.904735600631,22.975945519562));
#3820=DIRECTION('',(0.,0.,-1.));
#3821=VECTOR('',#3820,7.);
#3822=LINE('',#3819,#3821);
#3823=EDGE_CURVE('',#3809,#3818,#3822,.T.);
#3824=ORIENTED_EDGE('',*,*,#3823,.T.);
#3825=CARTESIAN_POINT('',(36.950047424296,9.9161515063555,15.975945519562));
#3826=DIRECTION('',(-0.087155742747656,0.99619469809175,-1.1842378929334E-15));
#3827=DIRECTION('',(-6.02231233159E-16,-1.3600036739404E-15,-1.));
#3828=AXIS2_PLACEMENT_3D('',#3825,#3827,#3826);
#3829=CIRCLE('',#3828,3.0000000000003);
#3830=EDGE_CURVE('',#3818,#3701,#3829,.T.);
#3831=ORIENTED_EDGE('',*,*,#3830,.T.);
#3832=ORIENTED_EDGE('',*,*,#3732,.F.);
#3833=EDGE_LOOP('',(#3816,#3824,#3831,#3832));
#3834=FACE_OUTER_BOUND('',#3833,.T.);
#3835=ADVANCED_FACE('',(#3834),#3807,.F.);
#3836=CARTESIAN_POINT('',(36.688580196053,12.904735600631,15.975945519562));
#3837=DIRECTION('',(0.99619469809175,0.087155742747658,0.));
#3838=DIRECTION('',(0.087155742747658,-0.99619469809175,0.));
#3839=AXIS2_PLACEMENT_3D('',#3836,#3838,#3837);
#3840=PLANE('',#3839);
#3841=ORIENTED_EDGE('',*,*,#3823,.F.);
#3842=CARTESIAN_POINT('',(29.40497990634,12.267503145627,22.975945519562));
#3843=VERTEX_POINT('',#3842);
#3844=CARTESIAN_POINT('',(36.688580196053,12.904735600631,22.975945519562));
#3845=DIRECTION('',(-0.99619469809175,-0.087155742747655,0.));
#3846=VECTOR('',#3845,7.3114224595504);
#3847=LINE('',#3844,#3846);
#3848=EDGE_CURVE('',#3809,#3843,#3847,.T.);
#3849=ORIENTED_EDGE('',*,*,#3848,.T.);
#3850=CARTESIAN_POINT('',(29.40497990634,12.267503145627,15.975945519562));
#3851=VERTEX_POINT('',#3850);
#3852=CARTESIAN_POINT('',(29.40497990634,12.267503145627,22.975945519562));
#3853=DIRECTION('',(0.,0.,-1.));
#3854=VECTOR('',#3853,7.);
#3855=LINE('',#3852,#3854);
#3856=EDGE_CURVE('',#3843,#3851,#3855,.T.);
#3857=ORIENTED_EDGE('',*,*,#3856,.T.);
#3858=CARTESIAN_POINT('',(29.40497990634,12.267503145627,15.975945519562));
#3859=DIRECTION('',(0.99619469809175,0.087155742747655,0.));
#3860=VECTOR('',#3859,7.3114224595504);
#3861=LINE('',#3858,#3860);
#3862=EDGE_CURVE('',#3851,#3818,#3861,.T.);
#3863=ORIENTED_EDGE('',*,*,#3862,.T.);
#3864=EDGE_LOOP('',(#3841,#3849,#3857,#3863));
#3865=FACE_OUTER_BOUND('',#3864,.T.);
#3866=ADVANCED_FACE('',(#3865),#3840,.T.);
#3867=CARTESIAN_POINT('',(29.666447134583,9.2789190513515,15.975945519562));
#3868=DIRECTION('',(-0.08715551330945,0.99619471816496,-5.9211894646676E-16));
#3869=DIRECTION('',(0.,5.0753052554293E-16,1.));
#3870=AXIS2_PLACEMENT_3D('',#3867,#3869,#3868);
#3871=CYLINDRICAL_SURFACE('',#3870,3.);
#3872=CARTESIAN_POINT('',(26.998939211762,10.651654088308,22.975945519562));
#3873=VERTEX_POINT('',#3872);
#3874=CARTESIAN_POINT('',(29.666447134583,9.2789190513515,22.975945519562));
#3875=DIRECTION('',(-0.087155742747659,0.99619469809175,1.1842378929334E-15));
#3876=DIRECTION('',(3.3169765884839E-16,-4.9390632241957E-16,1.));
#3877=AXIS2_PLACEMENT_3D('',#3874,#3876,#3875);
#3878=CIRCLE('',#3877,3.0000000000003);
#3879=EDGE_CURVE('',#3843,#3873,#3878,.T.);
#3880=ORIENTED_EDGE('',*,*,#3879,.T.);
#3881=CARTESIAN_POINT('',(26.998939211762,10.651654088308,15.975945519562));
#3882=VERTEX_POINT('',#3881);
#3883=CARTESIAN_POINT('',(26.998939211762,10.651654088308,22.975945519562));
#3884=DIRECTION('',(0.,0.,-1.));
#3885=VECTOR('',#3884,7.);
#3886=LINE('',#3883,#3885);
#3887=EDGE_CURVE('',#3873,#3882,#3886,.T.);
#3888=ORIENTED_EDGE('',*,*,#3887,.T.);
#3889=CARTESIAN_POINT('',(29.666447134583,9.2789190513515,15.975945519562));
#3890=DIRECTION('',(-0.88916930760696,0.45757834565215,-2.3684757858669E-15));
#3891=DIRECTION('',(1.658488294242E-15,-2.469531612098E-15,-1.));
#3892=AXIS2_PLACEMENT_3D('',#3889,#3891,#3890);
#3893=CIRCLE('',#3892,3.0000000000001);
#3894=EDGE_CURVE('',#3882,#3851,#3893,.T.);
#3895=ORIENTED_EDGE('',*,*,#3894,.T.);
#3896=ORIENTED_EDGE('',*,*,#3856,.F.);
#3897=EDGE_LOOP('',(#3880,#3888,#3895,#3896));
#3898=FACE_OUTER_BOUND('',#3897,.T.);
#3899=ADVANCED_FACE('',(#3898),#3871,.F.);
#3900=CARTESIAN_POINT('',(22.997677327532,12.710756643744,15.975945519562));
#3901=DIRECTION('',(0.88917406449666,-0.45756910191412,0.));
#3902=DIRECTION('',(0.,0.,1.));
#3903=AXIS2_PLACEMENT_3D('',#3900,#3902,#3901);
#3904=CYLINDRICAL_SURFACE('',#3903,4.5);
#3905=ORIENTED_EDGE('',*,*,#3887,.F.);
#3906=CARTESIAN_POINT('',(20.598313151244,8.9037825763845,22.975945519562));
#3907=VERTEX_POINT('',#3906);
#3908=CARTESIAN_POINT('',(22.997677327532,12.710756643744,22.975945519562));
#3909=DIRECTION('',(0.88916930760678,-0.4575783456525,2.3684757858673E-15));
#3910=DIRECTION('',(1.4676476774602E-15,-1.8110079032119E-15,-1.));
#3911=AXIS2_PLACEMENT_3D('',#3908,#3910,#3909);
#3912=CIRCLE('',#3911,4.4999999999994);
#3913=EDGE_CURVE('',#3873,#3907,#3912,.T.);
#3914=ORIENTED_EDGE('',*,*,#3913,.T.);
#3915=CARTESIAN_POINT('',(20.598313151244,8.9037825763845,15.975945519562));
#3916=VERTEX_POINT('',#3915);
#3917=CARTESIAN_POINT('',(20.598313151244,8.9037825763845,22.975945519562));
#3918=DIRECTION('',(0.,0.,-1.));
#3919=VECTOR('',#3918,7.);
#3920=LINE('',#3917,#3919);
#3921=EDGE_CURVE('',#3907,#3916,#3920,.T.);
#3922=ORIENTED_EDGE('',*,*,#3921,.T.);
#3923=CARTESIAN_POINT('',(22.997677327532,12.710756643744,15.975945519562));
#3924=DIRECTION('',(-0.53319203917509,-0.84599423719096,0.));
#3925=DIRECTION('',(-0.,0.,1.));
#3926=AXIS2_PLACEMENT_3D('',#3923,#3925,#3924);
#3927=CIRCLE('',#3926,4.5000000000002);
#3928=EDGE_CURVE('',#3916,#3882,#3927,.T.);
#3929=ORIENTED_EDGE('',*,*,#3928,.T.);
#3930=EDGE_LOOP('',(#3905,#3914,#3922,#3929));
#3931=FACE_OUTER_BOUND('',#3930,.T.);
#3932=ADVANCED_FACE('',(#3931),#3904,.T.);
#3933=CARTESIAN_POINT('',(20.598313151244,8.9037825763845,15.975945519562));
#3934=DIRECTION('',(0.84599423719097,-0.53319203917507,0.));
#3935=DIRECTION('',(-0.53319203917507,-0.84599423719097,0.));
#3936=AXIS2_PLACEMENT_3D('',#3933,#3935,#3934);
#3937=PLANE('',#3936);
#3938=ORIENTED_EDGE('',*,*,#3921,.F.);
#3939=CARTESIAN_POINT('',(7.3219951718413,17.271247441959,22.975945519562));
#3940=VERTEX_POINT('',#3939);
#3941=CARTESIAN_POINT('',(20.598313151244,8.9037825763845,22.975945519562));
#3942=DIRECTION('',(-0.84599423719098,0.53319203917505,0.));
#3943=VECTOR('',#3942,15.693154156091);
#3944=LINE('',#3941,#3943);
#3945=EDGE_CURVE('',#3907,#3940,#3944,.T.);
#3946=ORIENTED_EDGE('',*,*,#3945,.T.);
#3947=CARTESIAN_POINT('',(7.3219951718413,17.271247441959,15.975945519562));
#3948=VERTEX_POINT('',#3947);
#3949=CARTESIAN_POINT('',(7.3219951718413,17.271247441959,22.975945519562));
#3950=DIRECTION('',(0.,0.,-1.));
#3951=VECTOR('',#3950,7.);
#3952=LINE('',#3949,#3951);
#3953=EDGE_CURVE('',#3940,#3948,#3952,.T.);
#3954=ORIENTED_EDGE('',*,*,#3953,.T.);
#3955=CARTESIAN_POINT('',(7.3219951718413,17.271247441959,15.975945519562));
#3956=DIRECTION('',(0.84599423719098,-0.53319203917505,0.));
#3957=VECTOR('',#3956,15.693154156091);
#3958=LINE('',#3955,#3957);
#3959=EDGE_CURVE('',#3948,#3916,#3958,.T.);
#3960=ORIENTED_EDGE('',*,*,#3959,.T.);
#3961=EDGE_LOOP('',(#3938,#3946,#3954,#3960));
#3962=FACE_OUTER_BOUND('',#3961,.T.);
#3963=ADVANCED_FACE('',(#3962),#3937,.T.);
#3964=CARTESIAN_POINT('',(8.9215712893666,19.809230153532,15.975945519562));
#3965=DIRECTION('',(-0.53319164980322,-0.84599448259437,-5.9211894646673E-16));
#3966=DIRECTION('',(-2.5376526277146E-16,0.,1.));
#3967=AXIS2_PLACEMENT_3D('',#3964,#3966,#3965);
#3968=CYLINDRICAL_SURFACE('',#3967,3.0000000000001);
#3969=ORIENTED_EDGE('',*,*,#3953,.F.);
#3970=CARTESIAN_POINT('',(5.9215712893665,19.809230153532,22.975945519562));
#3971=VERTEX_POINT('',#3970);
#3972=CARTESIAN_POINT('',(8.9215712893665,19.809230153532,22.975945519562));
#3973=DIRECTION('',(-0.53319203917506,-0.84599423719098,0.));
#3974=DIRECTION('',(-1.0414866831665E-15,-5.7467799829178E-16,-1.));
#3975=AXIS2_PLACEMENT_3D('',#3972,#3974,#3973);
#3976=CIRCLE('',#3975,3.0000000000001);
#3977=EDGE_CURVE('',#3940,#3971,#3976,.T.);
#3978=ORIENTED_EDGE('',*,*,#3977,.T.);
#3979=CARTESIAN_POINT('',(5.9215712893665,19.809230153532,15.975945519562));
#3980=VERTEX_POINT('',#3979);
#3981=CARTESIAN_POINT('',(5.9215712893665,19.809230153532,22.975945519562));
#3982=DIRECTION('',(0.,0.,-1.));
#3983=VECTOR('',#3982,7.);
#3984=LINE('',#3981,#3983);
#3985=EDGE_CURVE('',#3971,#3980,#3984,.T.);
#3986=ORIENTED_EDGE('',*,*,#3985,.T.);
#3987=CARTESIAN_POINT('',(8.9215712893665,19.809230153532,15.975945519562));
#3988=DIRECTION('',(-1.,-1.1842378929335E-15,2.368475785867E-15));
#3989=DIRECTION('',(2.3433450371247E-15,1.2930254961565E-15,1.));
#3990=AXIS2_PLACEMENT_3D('',#3987,#3989,#3988);
#3991=CIRCLE('',#3990,3.);
#3992=EDGE_CURVE('',#3980,#3948,#3991,.T.);
#3993=ORIENTED_EDGE('',*,*,#3992,.T.);
#3994=EDGE_LOOP('',(#3969,#3978,#3986,#3993));
#3995=FACE_OUTER_BOUND('',#3994,.T.);
#3996=ADVANCED_FACE('',(#3995),#3968,.T.);
#3997=CARTESIAN_POINT('',(42.921571289366,14.453871498697,15.975945519562));
#3998=DIRECTION('',(0.99999999999975,7.1115985515272E-07,-3.5527136788005E-15));
#3999=DIRECTION('',(0.,-2.5376526277146E-16,1.));
#4000=AXIS2_PLACEMENT_3D('',#3997,#3999,#3998);
#4001=CYLINDRICAL_SURFACE('',#4000,1.5);
#4002=ORIENTED_EDGE('',*,*,#3675,.F.);
#4003=CARTESIAN_POINT('',(42.921571289366,14.453871498697,15.975945519562));
#4004=DIRECTION('',(-1.,0.,1.1842378929335E-15));
#4005=DIRECTION('',(-7.1475079554905E-16,7.1475079554905E-16,-1.));
#4006=AXIS2_PLACEMENT_3D('',#4003,#4005,#4004);
#4007=CIRCLE('',#4006,1.5);
#4008=EDGE_CURVE('',#3661,#3659,#4007,.T.);
#4009=ORIENTED_EDGE('',*,*,#4008,.T.);
#4010=ORIENTED_EDGE('',*,*,#3690,.F.);
#4011=CARTESIAN_POINT('',(42.921571289366,14.453871498697,22.975945519562));
#4012=DIRECTION('',(1.,-1.1842378929335E-15,-2.368475785867E-15));
#4013=DIRECTION('',(-7.1475079554905E-16,-7.1475079554905E-16,1.));
#4014=AXIS2_PLACEMENT_3D('',#4011,#4013,#4012);
#4015=CIRCLE('',#4014,1.5);
#4016=EDGE_CURVE('',#3678,#3670,#4015,.T.);
#4017=ORIENTED_EDGE('',*,*,#4016,.T.);
#4018=EDGE_LOOP('',(#4002,#4009,#4010,#4017));
#4019=FACE_OUTER_BOUND('',#4018,.T.);
#4020=ADVANCED_FACE('',(#4019),#4001,.F.);
#4021=CARTESIAN_POINT('',(22.997677327532,12.710756643744,15.975945519562));
#4022=DIRECTION('',(0.99999999999975,7.1115984331035E-07,-3.5527136788005E-15));
#4023=DIRECTION('',(0.,7.6129578831439E-16,1.));
#4024=AXIS2_PLACEMENT_3D('',#4021,#4023,#4022);
#4025=CYLINDRICAL_SURFACE('',#4024,1.5);
#4026=ORIENTED_EDGE('',*,*,#3633,.F.);
#4027=CARTESIAN_POINT('',(22.997677327532,12.710756643744,15.975945519562));
#4028=DIRECTION('',(-1.,0.,1.1842378929335E-15));
#4029=DIRECTION('',(-7.1475079554905E-16,7.1475079554905E-16,-1.));
#4030=AXIS2_PLACEMENT_3D('',#4027,#4029,#4028);
#4031=CIRCLE('',#4030,1.5);
#4032=EDGE_CURVE('',#3619,#3617,#4031,.T.);
#4033=ORIENTED_EDGE('',*,*,#4032,.T.);
#4034=ORIENTED_EDGE('',*,*,#3648,.F.);
#4035=CARTESIAN_POINT('',(22.997677327532,12.710756643744,22.975945519562));
#4036=DIRECTION('',(1.,-1.1842378929335E-15,-2.368475785867E-15));
#4037=DIRECTION('',(-7.1475079554905E-16,-7.1475079554905E-16,1.));
#4038=AXIS2_PLACEMENT_3D('',#4035,#4037,#4036);
#4039=CIRCLE('',#4038,1.5);
#4040=EDGE_CURVE('',#3636,#3628,#4039,.T.);
#4041=ORIENTED_EDGE('',*,*,#4040,.T.);
#4042=EDGE_LOOP('',(#4026,#4033,#4034,#4041));
#4043=FACE_OUTER_BOUND('',#4042,.T.);
#4044=ADVANCED_FACE('',(#4043),#4025,.F.);
#4045=CARTESIAN_POINT('',(8.9215712893666,19.809230153532,32.975945519562));
#4046=DIRECTION('',(-0.53319203672307,-0.84599423873635,0.));
#4047=DIRECTION('',(5.0753052554293E-16,0.,1.));
#4048=AXIS2_PLACEMENT_3D('',#4045,#4047,#4046);
#4049=CYLINDRICAL_SURFACE('',#4048,3.);
#4050=CARTESIAN_POINT('',(5.9215712893665,19.809230153532,39.975945519562));
#4051=VERTEX_POINT('',#4050);
#4052=CARTESIAN_POINT('',(5.9215712893665,19.809230153532,32.975945519562));
#4053=VERTEX_POINT('',#4052);
#4054=CARTESIAN_POINT('',(5.9215712893665,19.809230153532,39.975945519562));
#4055=DIRECTION('',(0.,0.,-1.));
#4056=VECTOR('',#4055,7.);
#4057=LINE('',#4054,#4056);
#4058=EDGE_CURVE('',#4051,#4053,#4057,.T.);
#4059=ORIENTED_EDGE('',*,*,#4058,.T.);
#4060=CARTESIAN_POINT('',(7.3219951718413,17.271247441959,32.975945519562));
#4061=VERTEX_POINT('',#4060);
#4062=CARTESIAN_POINT('',(8.9215712893665,19.809230153532,32.975945519562));
#4063=DIRECTION('',(-1.,-1.1842378929335E-15,0.));
#4064=DIRECTION('',(-0.,0.,1.));
#4065=AXIS2_PLACEMENT_3D('',#4062,#4064,#4063);
#4066=CIRCLE('',#4065,3.);
#4067=EDGE_CURVE('',#4053,#4061,#4066,.T.);
#4068=ORIENTED_EDGE('',*,*,#4067,.T.);
#4069=CARTESIAN_POINT('',(7.3219951718413,17.271247441959,39.975945519562));
#4070=VERTEX_POINT('',#4069);
#4071=CARTESIAN_POINT('',(7.3219951718413,17.271247441959,32.975945519562));
#4072=DIRECTION('',(0.,0.,1.));
#4073=VECTOR('',#4072,7.);
#4074=LINE('',#4071,#4073);
#4075=EDGE_CURVE('',#4061,#4070,#4074,.T.);
#4076=ORIENTED_EDGE('',*,*,#4075,.T.);
#4077=CARTESIAN_POINT('',(8.9215712893665,19.809230153532,39.975945519562));
#4078=DIRECTION('',(-0.53319203917506,-0.84599423719098,9.4739031434678E-15));
#4079=DIRECTION('',(-7.2904067821656E-15,-4.0227459880425E-15,-1.));
#4080=AXIS2_PLACEMENT_3D('',#4077,#4079,#4078);
#4081=CIRCLE('',#4080,3.0000000000001);
#4082=EDGE_CURVE('',#4070,#4051,#4081,.T.);
#4083=ORIENTED_EDGE('',*,*,#4082,.T.);
#4084=EDGE_LOOP('',(#4059,#4068,#4076,#4083));
#4085=FACE_OUTER_BOUND('',#4084,.T.);
#4086=ADVANCED_FACE('',(#4085),#4049,.T.);
#4087=CARTESIAN_POINT('',(20.598313151244,8.9037825763845,15.975945519562));
#4088=DIRECTION('',(0.84599423719097,-0.53319203917507,0.));
#4089=DIRECTION('',(-0.53319203917507,-0.84599423719097,0.));
#4090=AXIS2_PLACEMENT_3D('',#4087,#4089,#4088);
#4091=PLANE('',#4090);
#4092=ORIENTED_EDGE('',*,*,#4075,.F.);
#4093=CARTESIAN_POINT('',(20.598313151244,8.9037825763845,32.975945519562));
#4094=VERTEX_POINT('',#4093);
#4095=CARTESIAN_POINT('',(7.3219951718413,17.271247441959,32.975945519562));
#4096=DIRECTION('',(0.84599423719098,-0.53319203917505,0.));
#4097=VECTOR('',#4096,15.693154156091);
#4098=LINE('',#4095,#4097);
#4099=EDGE_CURVE('',#4061,#4094,#4098,.T.);
#4100=ORIENTED_EDGE('',*,*,#4099,.T.);
#4101=CARTESIAN_POINT('',(20.598313151244,8.9037825763845,39.975945519562));
#4102=VERTEX_POINT('',#4101);
#4103=CARTESIAN_POINT('',(20.598313151244,8.9037825763845,32.975945519562));
#4104=DIRECTION('',(0.,0.,1.));
#4105=VECTOR('',#4104,7.);
#4106=LINE('',#4103,#4105);
#4107=EDGE_CURVE('',#4094,#4102,#4106,.T.);
#4108=ORIENTED_EDGE('',*,*,#4107,.T.);
#4109=CARTESIAN_POINT('',(20.598313151244,8.9037825763845,39.975945519562));
#4110=DIRECTION('',(-0.84599423719098,0.53319203917505,0.));
#4111=VECTOR('',#4110,15.693154156091);
#4112=LINE('',#4109,#4111);
#4113=EDGE_CURVE('',#4102,#4070,#4112,.T.);
#4114=ORIENTED_EDGE('',*,*,#4113,.T.);
#4115=EDGE_LOOP('',(#4092,#4100,#4108,#4114));
#4116=FACE_OUTER_BOUND('',#4115,.T.);
#4117=ADVANCED_FACE('',(#4116),#4091,.T.);
#4118=CARTESIAN_POINT('',(22.997677327532,12.710756643744,32.975945519562));
#4119=DIRECTION('',(0.88916930753745,-0.45757834578722,1.5789838572447E-15));
#4120=DIRECTION('',(5.0753052554293E-16,-5.0753052554293E-16,1.));
#4121=AXIS2_PLACEMENT_3D('',#4118,#4120,#4119);
#4122=CYLINDRICAL_SURFACE('',#4121,4.5);
#4123=ORIENTED_EDGE('',*,*,#4107,.F.);
#4124=CARTESIAN_POINT('',(26.998939211762,10.651654088308,32.975945519562));
#4125=VERTEX_POINT('',#4124);
#4126=CARTESIAN_POINT('',(22.997677327532,12.710756643744,32.975945519562));
#4127=DIRECTION('',(-0.53319203917509,-0.84599423719096,3.1579677144892E-15));
#4128=DIRECTION('',(4.2936767626592E-16,2.8819890878899E-15,1.));
#4129=AXIS2_PLACEMENT_3D('',#4126,#4128,#4127);
#4130=CIRCLE('',#4129,4.5000000000002);
#4131=EDGE_CURVE('',#4094,#4125,#4130,.T.);
#4132=ORIENTED_EDGE('',*,*,#4131,.T.);
#4133=CARTESIAN_POINT('',(26.998939211762,10.651654088308,39.975945519562));
#4134=VERTEX_POINT('',#4133);
#4135=CARTESIAN_POINT('',(26.998939211762,10.651654088308,32.975945519562));
#4136=DIRECTION('',(0.,0.,1.));
#4137=VECTOR('',#4136,7.);
#4138=LINE('',#4135,#4137);
#4139=EDGE_CURVE('',#4125,#4134,#4138,.T.);
#4140=ORIENTED_EDGE('',*,*,#4139,.T.);
#4141=CARTESIAN_POINT('',(22.997677327532,12.710756643744,39.975945519562));
#4142=DIRECTION('',(0.88916930760678,-0.4575783456525,-7.8949192862243E-15));
#4143=DIRECTION('',(-5.1367668711106E-15,6.3385276612418E-15,-1.));
#4144=AXIS2_PLACEMENT_3D('',#4141,#4143,#4142);
#4145=CIRCLE('',#4144,4.4999999999994);
#4146=EDGE_CURVE('',#4134,#4102,#4145,.T.);
#4147=ORIENTED_EDGE('',*,*,#4146,.T.);
#4148=EDGE_LOOP('',(#4123,#4132,#4140,#4147));
#4149=FACE_OUTER_BOUND('',#4148,.T.);
#4150=ADVANCED_FACE('',(#4149),#4122,.T.);
#4151=CARTESIAN_POINT('',(29.666447134583,9.2789190513515,32.975945519562));
#4152=DIRECTION('',(-0.087155284556805,0.99619473817814,0.));
#4153=DIRECTION('',(0.,0.,1.));
#4154=AXIS2_PLACEMENT_3D('',#4151,#4153,#4152);
#4155=CYLINDRICAL_SURFACE('',#4154,3.);
#4156=CARTESIAN_POINT('',(29.40497990634,12.267503145627,32.975945519562));
#4157=VERTEX_POINT('',#4156);
#4158=CARTESIAN_POINT('',(29.666447134583,9.2789190513515,32.975945519562));
#4159=DIRECTION('',(-0.88916930760696,0.45757834565215,-4.7369515717338E-15));
#4160=DIRECTION('',(1.9901859530904E-15,-2.9634379345175E-15,-1.));
#4161=AXIS2_PLACEMENT_3D('',#4158,#4160,#4159);
#4162=CIRCLE('',#4161,3.0000000000001);
#4163=EDGE_CURVE('',#4125,#4157,#4162,.T.);
#4164=ORIENTED_EDGE('',*,*,#4163,.T.);
#4165=CARTESIAN_POINT('',(29.40497990634,12.267503145627,39.975945519562));
#4166=VERTEX_POINT('',#4165);
#4167=CARTESIAN_POINT('',(29.40497990634,12.267503145627,32.975945519562));
#4168=DIRECTION('',(0.,0.,1.));
#4169=VECTOR('',#4168,7.);
#4170=LINE('',#4167,#4169);
#4171=EDGE_CURVE('',#4157,#4166,#4170,.T.);
#4172=ORIENTED_EDGE('',*,*,#4171,.T.);
#4173=CARTESIAN_POINT('',(29.666447134583,9.2789190513515,39.975945519562));
#4174=DIRECTION('',(-0.08715574274766,0.99619469809175,2.3684757858668E-15));
#4175=DIRECTION('',(6.6339531769679E-16,-9.8781264483914E-16,1.));
#4176=AXIS2_PLACEMENT_3D('',#4173,#4175,#4174);
#4177=CIRCLE('',#4176,3.0000000000003);
#4178=EDGE_CURVE('',#4166,#4134,#4177,.T.);
#4179=ORIENTED_EDGE('',*,*,#4178,.T.);
#4180=ORIENTED_EDGE('',*,*,#4139,.F.);
#4181=EDGE_LOOP('',(#4164,#4172,#4179,#4180));
#4182=FACE_OUTER_BOUND('',#4181,.T.);
#4183=ADVANCED_FACE('',(#4182),#4155,.F.);
#4184=CARTESIAN_POINT('',(36.688580196053,12.904735600631,15.975945519562));
#4185=DIRECTION('',(0.99619469809175,0.087155742747658,0.));
#4186=DIRECTION('',(0.087155742747658,-0.99619469809175,0.));
#4187=AXIS2_PLACEMENT_3D('',#4184,#4186,#4185);
#4188=PLANE('',#4187);
#4189=ORIENTED_EDGE('',*,*,#4171,.F.);
#4190=CARTESIAN_POINT('',(36.688580196053,12.904735600631,32.975945519562));
#4191=VERTEX_POINT('',#4190);
#4192=CARTESIAN_POINT('',(29.40497990634,12.267503145627,32.975945519562));
#4193=DIRECTION('',(0.99619469809175,0.087155742747655,0.));
#4194=VECTOR('',#4193,7.3114224595504);
#4195=LINE('',#4192,#4194);
#4196=EDGE_CURVE('',#4157,#4191,#4195,.T.);
#4197=ORIENTED_EDGE('',*,*,#4196,.T.);
#4198=CARTESIAN_POINT('',(36.688580196053,12.904735600631,39.975945519562));
#4199=VERTEX_POINT('',#4198);
#4200=CARTESIAN_POINT('',(36.688580196053,12.904735600631,32.975945519562));
#4201=DIRECTION('',(0.,0.,1.));
#4202=VECTOR('',#4201,7.);
#4203=LINE('',#4200,#4202);
#4204=EDGE_CURVE('',#4191,#4199,#4203,.T.);
#4205=ORIENTED_EDGE('',*,*,#4204,.T.);
#4206=CARTESIAN_POINT('',(36.688580196053,12.904735600631,39.975945519562));
#4207=DIRECTION('',(-0.99619469809175,-0.087155742747655,0.));
#4208=VECTOR('',#4207,7.3114224595504);
#4209=LINE('',#4206,#4208);
#4210=EDGE_CURVE('',#4199,#4166,#4209,.T.);
#4211=ORIENTED_EDGE('',*,*,#4210,.T.);
#4212=EDGE_LOOP('',(#4189,#4197,#4205,#4211));
#4213=FACE_OUTER_BOUND('',#4212,.T.);
#4214=ADVANCED_FACE('',(#4213),#4188,.T.);
#4215=CARTESIAN_POINT('',(36.950047424296,9.9161515063555,32.975945519562));
#4216=DIRECTION('',(0.79620346028713,0.60502896610559,0.));
#4217=DIRECTION('',(0.,1.5225915766288E-15,1.));
#4218=AXIS2_PLACEMENT_3D('',#4215,#4217,#4216);
#4219=CYLINDRICAL_SURFACE('',#4218,3.);
#4220=CARTESIAN_POINT('',(36.950047424296,9.9161515063555,32.975945519562));
#4221=DIRECTION('',(-0.087155742747659,0.99619469809175,-4.7369515717336E-15));
#4222=DIRECTION('',(-1.4453549595816E-15,-3.264008817457E-15,-1.));
#4223=AXIS2_PLACEMENT_3D('',#4220,#4222,#4221);
#4224=CIRCLE('',#4223,3.0000000000003);
#4225=EDGE_CURVE('',#4191,#3575,#4224,.T.);
#4226=ORIENTED_EDGE('',*,*,#4225,.T.);
#4227=ORIENTED_EDGE('',*,*,#3606,.F.);
#4228=CARTESIAN_POINT('',(36.950047424296,9.9161515063555,39.975945519562));
#4229=DIRECTION('',(0.79620318200938,0.6050293323122,-2.3684757858671E-15));
#4230=DIRECTION('',(1.4453549595818E-15,3.2640088174575E-15,1.));
#4231=AXIS2_PLACEMENT_3D('',#4228,#4230,#4229);
#4232=CIRCLE('',#4231,2.9999999999998);
#4233=EDGE_CURVE('',#3594,#4199,#4232,.T.);
#4234=ORIENTED_EDGE('',*,*,#4233,.T.);
#4235=ORIENTED_EDGE('',*,*,#4204,.F.);
#4236=EDGE_LOOP('',(#4226,#4227,#4234,#4235));
#4237=FACE_OUTER_BOUND('',#4236,.T.);
#4238=ADVANCED_FACE('',(#4237),#4219,.F.);
#4239=CARTESIAN_POINT('',(42.921571289367,14.453871498697,32.975945519562));
#4240=DIRECTION('',(0.79999999894282,0.60000000140957,1.5789838572447E-15));
#4241=DIRECTION('',(0.,0.,1.));
#4242=AXIS2_PLACEMENT_3D('',#4239,#4241,#4240);
#4243=CYLINDRICAL_SURFACE('',#4242,4.4999999999999);
#4244=ORIENTED_EDGE('',*,*,#3591,.F.);
#4245=CARTESIAN_POINT('',(46.521571289366,17.153871498697,32.975945519562));
#4246=VERTEX_POINT('',#4245);
#4247=CARTESIAN_POINT('',(42.921571289366,14.453871498697,32.975945519562));
#4248=DIRECTION('',(1.,3.5527136788005E-15,6.3159354289786E-15));
#4249=DIRECTION('',(-5.9293022034586E-15,-1.9764340678195E-15,1.));
#4250=AXIS2_PLACEMENT_3D('',#4247,#4249,#4248);
#4251=CIRCLE('',#4250,4.5000000000001);
#4252=EDGE_CURVE('',#3577,#4246,#4251,.T.);
#4253=ORIENTED_EDGE('',*,*,#4252,.T.);
#4254=CARTESIAN_POINT('',(46.521571289366,17.153871498697,39.975945519562));
#4255=VERTEX_POINT('',#4254);
#4256=CARTESIAN_POINT('',(46.521571289366,17.153871498697,32.975945519562));
#4257=DIRECTION('',(0.,0.,1.));
#4258=VECTOR('',#4257,7.);
#4259=LINE('',#4256,#4258);
#4260=EDGE_CURVE('',#4246,#4255,#4259,.T.);
#4261=ORIENTED_EDGE('',*,*,#4260,.T.);
#4262=CARTESIAN_POINT('',(42.921571289367,14.453871498697,39.975945519562));
#4263=DIRECTION('',(0.79999999999992,0.6000000000001,1.5789838572449E-15));
#4264=DIRECTION('',(1.8244006779868E-15,6.0813355932907E-16,-1.));
#4265=AXIS2_PLACEMENT_3D('',#4262,#4264,#4263);
#4266=CIRCLE('',#4265,4.4999999999992);
#4267=EDGE_CURVE('',#4255,#3586,#4266,.T.);
#4268=ORIENTED_EDGE('',*,*,#4267,.T.);
#4269=EDGE_LOOP('',(#4244,#4253,#4261,#4268));
#4270=FACE_OUTER_BOUND('',#4269,.T.);
#4271=ADVANCED_FACE('',(#4270),#4243,.T.);
#4272=CARTESIAN_POINT('',(22.997677327532,12.710756643744,32.975945519562));
#4273=DIRECTION('',(0.99999999999975,7.1115982791525E-07,0.));
#4274=DIRECTION('',(0.,2.2838873649432E-15,1.));
#4275=AXIS2_PLACEMENT_3D('',#4272,#4274,#4273);
#4276=CYLINDRICAL_SURFACE('',#4275,1.5);
#4277=ORIENTED_EDGE('',*,*,#3549,.F.);
#4278=CARTESIAN_POINT('',(22.997677327532,12.710756643744,32.975945519562));
#4279=DIRECTION('',(-1.,0.,0.));
#4280=DIRECTION('',(-4.2885047732943E-15,4.2885047732943E-15,-1.));
#4281=AXIS2_PLACEMENT_3D('',#4278,#4280,#4279);
#4282=CIRCLE('',#4281,1.5);
#4283=EDGE_CURVE('',#3535,#3533,#4282,.T.);
#4284=ORIENTED_EDGE('',*,*,#4283,.T.);
#4285=ORIENTED_EDGE('',*,*,#3564,.F.);
#4286=CARTESIAN_POINT('',(22.997677327532,12.710756643744,39.975945519562));
#4287=DIRECTION('',(1.,-1.1842378929335E-15,0.));
#4288=DIRECTION('',(1.4295015910981E-15,1.4295015910981E-15,1.));
#4289=AXIS2_PLACEMENT_3D('',#4286,#4288,#4287);
#4290=CIRCLE('',#4289,1.5);
#4291=EDGE_CURVE('',#3552,#3544,#4290,.T.);
#4292=ORIENTED_EDGE('',*,*,#4291,.T.);
#4293=EDGE_LOOP('',(#4277,#4284,#4285,#4292));
#4294=FACE_OUTER_BOUND('',#4293,.T.);
#4295=ADVANCED_FACE('',(#4294),#4276,.F.);
#4296=CARTESIAN_POINT('',(42.921571289366,14.453871498697,32.975945519562));
#4297=DIRECTION('',(0.99999999999975,7.1115983146796E-07,0.));
#4298=DIRECTION('',(0.,1.0150610510859E-15,1.));
#4299=AXIS2_PLACEMENT_3D('',#4296,#4298,#4297);
#4300=CYLINDRICAL_SURFACE('',#4299,1.5);
#4301=ORIENTED_EDGE('',*,*,#3507,.F.);
#4302=CARTESIAN_POINT('',(42.921571289366,14.453871498697,32.975945519562));
#4303=DIRECTION('',(-1.,0.,4.736951571734E-15));
#4304=DIRECTION('',(-2.8590031821962E-15,2.8590031821962E-15,-1.));
#4305=AXIS2_PLACEMENT_3D('',#4302,#4304,#4303);
#4306=CIRCLE('',#4305,1.5);
#4307=EDGE_CURVE('',#3493,#3491,#4306,.T.);
#4308=ORIENTED_EDGE('',*,*,#4307,.T.);
#4309=ORIENTED_EDGE('',*,*,#3522,.F.);
#4310=CARTESIAN_POINT('',(42.921571289366,14.453871498697,39.975945519562));
#4311=DIRECTION('',(1.,-1.1842378929335E-15,0.));
#4312=DIRECTION('',(-2.8590031821962E-15,-2.8590031821962E-15,1.));
#4313=AXIS2_PLACEMENT_3D('',#4310,#4312,#4311);
#4314=CIRCLE('',#4313,1.5);
#4315=EDGE_CURVE('',#3510,#3502,#4314,.T.);
#4316=ORIENTED_EDGE('',*,*,#4315,.T.);
#4317=EDGE_LOOP('',(#4301,#4308,#4309,#4316));
#4318=FACE_OUTER_BOUND('',#4317,.T.);
#4319=ADVANCED_FACE('',(#4318),#4300,.F.);
#4320=CARTESIAN_POINT('',(48.921571289367,18.953871498697,32.975945519562));
#4321=DIRECTION('',(-1.,5.368493797656E-08,-2.3684757858668E-15));
#4322=DIRECTION('',(-2.0301221021717E-15,-5.0753052554293E-16,1.));
#4323=AXIS2_PLACEMENT_3D('',#4320,#4322,#4321);
#4324=CYLINDRICAL_SURFACE('',#4323,3.0000000000003);
#4325=CARTESIAN_POINT('',(45.921571289366,18.953871498697,32.975945519562));
#4326=VERTEX_POINT('',#4325);
#4327=CARTESIAN_POINT('',(48.921571289366,18.953871498697,32.975945519562));
#4328=DIRECTION('',(-0.8,-0.6,-2.368475785867E-15));
#4329=DIRECTION('',(-6.8415025424521E-16,-2.280500847484E-16,-1.));
#4330=AXIS2_PLACEMENT_3D('',#4327,#4329,#4328);
#4331=CIRCLE('',#4330,3.);
#4332=EDGE_CURVE('',#4246,#4326,#4331,.T.);
#4333=ORIENTED_EDGE('',*,*,#4332,.T.);
#4334=CARTESIAN_POINT('',(45.921571289366,18.953871498697,39.975945519562));
#4335=VERTEX_POINT('',#4334);
#4336=CARTESIAN_POINT('',(45.921571289366,18.953871498697,32.975945519562));
#4337=DIRECTION('',(0.,0.,1.));
#4338=VECTOR('',#4337,7.);
#4339=LINE('',#4336,#4338);
#4340=EDGE_CURVE('',#4326,#4335,#4339,.T.);
#4341=ORIENTED_EDGE('',*,*,#4340,.T.);
#4342=CARTESIAN_POINT('',(48.921571289366,18.953871498697,39.975945519562));
#4343=DIRECTION('',(-1.,-2.368475785867E-15,-3.3158661002138E-14));
#4344=DIRECTION('',(-3.147091169528E-14,-1.0490303898427E-14,1.));
#4345=AXIS2_PLACEMENT_3D('',#4342,#4344,#4343);
#4346=CIRCLE('',#4345,3.);
#4347=EDGE_CURVE('',#4335,#4255,#4346,.T.);
#4348=ORIENTED_EDGE('',*,*,#4347,.T.);
#4349=ORIENTED_EDGE('',*,*,#4260,.F.);
#4350=EDGE_LOOP('',(#4333,#4341,#4348,#4349));
#4351=FACE_OUTER_BOUND('',#4350,.T.);
#4352=ADVANCED_FACE('',(#4351),#4324,.F.);
#4353=CARTESIAN_POINT('',(5.9215712893665,29.153871498697,15.975945519562));
#4354=DIRECTION('',(-1.,0.,0.));
#4355=DIRECTION('',(0.,1.,-0.));
#4356=AXIS2_PLACEMENT_3D('',#4353,#4355,#4354);
#4357=PLANE('',#4356);
#4358=CARTESIAN_POINT('',(45.921571289366,29.153871498697,39.975945519562));
#4359=VERTEX_POINT('',#4358);
#4360=CARTESIAN_POINT('',(45.921571289366,29.153871498698,15.975945519562));
#4361=VERTEX_POINT('',#4360);
#4362=CARTESIAN_POINT('',(45.921571289366,29.153871498697,39.975945519562));
#4363=DIRECTION('',(0.,4.1596355989289E-14,-1.));
#4364=VECTOR('',#4363,24.);
#4365=LINE('',#4362,#4364);
#4366=EDGE_CURVE('',#4359,#4361,#4365,.T.);
#4367=ORIENTED_EDGE('',*,*,#4366,.T.);
#4368=CARTESIAN_POINT('',(5.9215712893665,29.153871498697,15.975945519562));
#4369=VERTEX_POINT('',#4368);
#4370=CARTESIAN_POINT('',(45.921571289366,29.153871498698,15.975945519562));
#4371=DIRECTION('',(-1.,-2.4957813593574E-14,0.));
#4372=VECTOR('',#4371,40.);
#4373=LINE('',#4370,#4372);
#4374=EDGE_CURVE('',#4361,#4369,#4373,.T.);
#4375=ORIENTED_EDGE('',*,*,#4374,.T.);
#4376=CARTESIAN_POINT('',(5.9215712893665,29.153871498697,39.975945519562));
#4377=VERTEX_POINT('',#4376);
#4378=CARTESIAN_POINT('',(5.9215712893665,29.153871498697,15.975945519562));
#4379=DIRECTION('',(0.,0.,1.));
#4380=VECTOR('',#4379,24.);
#4381=LINE('',#4378,#4380);
#4382=EDGE_CURVE('',#4369,#4377,#4381,.T.);
#4383=ORIENTED_EDGE('',*,*,#4382,.T.);
#4384=CARTESIAN_POINT('',(5.9215712893665,29.153871498697,39.975945519562));
#4385=DIRECTION('',(1.,0.,0.));
#4386=VECTOR('',#4385,40.);
#4387=LINE('',#4384,#4386);
#4388=EDGE_CURVE('',#4377,#4359,#4387,.T.);
#4389=ORIENTED_EDGE('',*,*,#4388,.T.);
#4390=EDGE_LOOP('',(#4367,#4375,#4383,#4389));
#4391=FACE_OUTER_BOUND('',#4390,.T.);
#4392=ADVANCED_FACE('',(#4391),#4357,.T.);
#4393=CARTESIAN_POINT('',(8.9215712893665,19.809230153532,15.975945519562));
#4394=DIRECTION('',(-1.,0.,0.));
#4395=DIRECTION('',(0.,0.,-1.));
#4396=AXIS2_PLACEMENT_3D('',#4393,#4395,#4394);
#4397=PLANE('',#4396);
#4398=ORIENTED_EDGE('',*,*,#3959,.F.);
#4399=ORIENTED_EDGE('',*,*,#3992,.F.);
#4400=CARTESIAN_POINT('',(5.9215712893665,19.809230153532,15.975945519562));
#4401=DIRECTION('',(0.,1.,0.));
#4402=VECTOR('',#4401,9.344641345165);
#4403=LINE('',#4400,#4402);
#4404=EDGE_CURVE('',#3980,#4369,#4403,.T.);
#4405=ORIENTED_EDGE('',*,*,#4404,.T.);
#4406=ORIENTED_EDGE('',*,*,#4374,.F.);
#4407=CARTESIAN_POINT('',(45.921571289366,29.153871498698,15.975945519562));
#4408=DIRECTION('',(0.,-1.,0.));
#4409=VECTOR('',#4408,10.200000000001);
#4410=LINE('',#4407,#4409);
#4411=EDGE_CURVE('',#4361,#3762,#4410,.T.);
#4412=ORIENTED_EDGE('',*,*,#4411,.T.);
#4413=ORIENTED_EDGE('',*,*,#3768,.F.);
#4414=ORIENTED_EDGE('',*,*,#3790,.F.);
#4415=ORIENTED_EDGE('',*,*,#3709,.F.);
#4416=ORIENTED_EDGE('',*,*,#3830,.F.);
#4417=ORIENTED_EDGE('',*,*,#3862,.F.);
#4418=ORIENTED_EDGE('',*,*,#3894,.F.);
#4419=ORIENTED_EDGE('',*,*,#3928,.F.);
#4420=EDGE_LOOP('',(#4398,#4399,#4405,#4406,#4412,#4413,#4414,#4415,#4416,#4417,#4418,#4419));
#4421=FACE_OUTER_BOUND('',#4420,.T.);
#4422=ORIENTED_EDGE('',*,*,#4032,.F.);
#4423=ORIENTED_EDGE('',*,*,#3625,.F.);
#4424=EDGE_LOOP('',(#4422,#4423));
#4425=FACE_BOUND('',#4424,.T.);
#4426=ORIENTED_EDGE('',*,*,#4008,.F.);
#4427=ORIENTED_EDGE('',*,*,#3667,.F.);
#4428=EDGE_LOOP('',(#4426,#4427));
#4429=FACE_BOUND('',#4428,.T.);
#4430=ADVANCED_FACE('',(#4421,#4425,#4429),#4397,.T.);
#4431=CARTESIAN_POINT('',(45.921571289366,29.153871498697,15.975945519562));
#4432=DIRECTION('',(0.,0.,-1.));
#4433=DIRECTION('',(1.,-0.,0.));
#4434=AXIS2_PLACEMENT_3D('',#4431,#4433,#4432);
#4435=PLANE('',#4434);
#4436=CARTESIAN_POINT('',(45.921571289366,20.453871498697,32.975945519562));
#4437=VERTEX_POINT('',#4436);
#4438=CARTESIAN_POINT('',(45.921571289366,20.453871498697,22.975945519562));
#4439=VERTEX_POINT('',#4438);
#4440=CARTESIAN_POINT('',(45.921571289366,20.453871498697,32.975945519562));
#4441=DIRECTION('',(0.,0.,-1.));
#4442=VECTOR('',#4441,10.);
#4443=LINE('',#4440,#4442);
#4444=EDGE_CURVE('',#4437,#4439,#4443,.T.);
#4445=ORIENTED_EDGE('',*,*,#4444,.T.);
#4446=CARTESIAN_POINT('',(45.921571289366,20.453871498697,22.975945519562));
#4447=DIRECTION('',(0.,-1.,0.));
#4448=VECTOR('',#4447,1.5);
#4449=LINE('',#4446,#4448);
#4450=EDGE_CURVE('',#4439,#3743,#4449,.T.);
#4451=ORIENTED_EDGE('',*,*,#4450,.T.);
#4452=ORIENTED_EDGE('',*,*,#3774,.F.);
#4453=ORIENTED_EDGE('',*,*,#4411,.F.);
#4454=ORIENTED_EDGE('',*,*,#4366,.F.);
#4455=CARTESIAN_POINT('',(45.921571289366,29.153871498697,39.975945519562));
#4456=DIRECTION('',(0.,-1.,0.));
#4457=VECTOR('',#4456,10.2);
#4458=LINE('',#4455,#4457);
#4459=EDGE_CURVE('',#4359,#4335,#4458,.T.);
#4460=ORIENTED_EDGE('',*,*,#4459,.T.);
#4461=ORIENTED_EDGE('',*,*,#4340,.F.);
#4462=CARTESIAN_POINT('',(45.921571289366,18.953871498697,32.975945519562));
#4463=DIRECTION('',(0.,1.,0.));
#4464=VECTOR('',#4463,1.5);
#4465=LINE('',#4462,#4464);
#4466=EDGE_CURVE('',#4326,#4437,#4465,.T.);
#4467=ORIENTED_EDGE('',*,*,#4466,.T.);
#4468=EDGE_LOOP('',(#4445,#4451,#4452,#4453,#4454,#4460,#4461,#4467));
#4469=FACE_OUTER_BOUND('',#4468,.T.);
#4470=ADVANCED_FACE('',(#4469),#4435,.T.);
#4471=CARTESIAN_POINT('',(8.9215712893665,19.809230153532,39.975945519562));
#4472=DIRECTION('',(1.,0.,0.));
#4473=DIRECTION('',(0.,0.,1.));
#4474=AXIS2_PLACEMENT_3D('',#4471,#4473,#4472);
#4475=PLANE('',#4474);
#4476=ORIENTED_EDGE('',*,*,#4459,.F.);
#4477=ORIENTED_EDGE('',*,*,#4388,.F.);
#4478=CARTESIAN_POINT('',(5.9215712893665,29.153871498697,39.975945519562));
#4479=DIRECTION('',(0.,-1.,0.));
#4480=VECTOR('',#4479,9.344641345165);
#4481=LINE('',#4478,#4480);
#4482=EDGE_CURVE('',#4377,#4051,#4481,.T.);
#4483=ORIENTED_EDGE('',*,*,#4482,.T.);
#4484=ORIENTED_EDGE('',*,*,#4082,.F.);
#4485=ORIENTED_EDGE('',*,*,#4113,.F.);
#4486=ORIENTED_EDGE('',*,*,#4146,.F.);
#4487=ORIENTED_EDGE('',*,*,#4178,.F.);
#4488=ORIENTED_EDGE('',*,*,#4210,.F.);
#4489=ORIENTED_EDGE('',*,*,#4233,.F.);
#4490=ORIENTED_EDGE('',*,*,#3600,.F.);
#4491=ORIENTED_EDGE('',*,*,#4267,.F.);
#4492=ORIENTED_EDGE('',*,*,#4347,.F.);
#4493=EDGE_LOOP('',(#4476,#4477,#4483,#4484,#4485,#4486,#4487,#4488,#4489,#4490,#4491,#4492));
#4494=FACE_OUTER_BOUND('',#4493,.T.);
#4495=ORIENTED_EDGE('',*,*,#3516,.F.);
#4496=ORIENTED_EDGE('',*,*,#4315,.F.);
#4497=EDGE_LOOP('',(#4495,#4496));
#4498=FACE_BOUND('',#4497,.T.);
#4499=ORIENTED_EDGE('',*,*,#3558,.F.);
#4500=ORIENTED_EDGE('',*,*,#4291,.F.);
#4501=EDGE_LOOP('',(#4499,#4500));
#4502=FACE_BOUND('',#4501,.T.);
#4503=ADVANCED_FACE('',(#4494,#4498,#4502),#4475,.T.);
#4504=CARTESIAN_POINT('',(5.9215712893665,29.153871498697,15.975945519562));
#4505=DIRECTION('',(1.9009363482092E-16,-1.,0.));
#4506=DIRECTION('',(-1.,-1.9009363482092E-16,0.));
#4507=AXIS2_PLACEMENT_3D('',#4504,#4506,#4505);
#4508=PLANE('',#4507);
#4509=CARTESIAN_POINT('',(5.9215712893665,20.453871498697,22.975945519562));
#4510=VERTEX_POINT('',#4509);
#4511=CARTESIAN_POINT('',(5.9215712893665,19.809230153532,22.975945519562));
#4512=DIRECTION('',(0.,1.,0.));
#4513=VECTOR('',#4512,0.644641345165);
#4514=LINE('',#4511,#4513);
#4515=EDGE_CURVE('',#3971,#4510,#4514,.T.);
#4516=ORIENTED_EDGE('',*,*,#4515,.T.);
#4517=CARTESIAN_POINT('',(5.9215712893665,20.453871498697,32.975945519562));
#4518=VERTEX_POINT('',#4517);
#4519=CARTESIAN_POINT('',(5.9215712893665,20.453871498697,22.975945519562));
#4520=DIRECTION('',(0.,0.,1.));
#4521=VECTOR('',#4520,10.);
#4522=LINE('',#4519,#4521);
#4523=EDGE_CURVE('',#4510,#4518,#4522,.T.);
#4524=ORIENTED_EDGE('',*,*,#4523,.T.);
#4525=CARTESIAN_POINT('',(5.9215712893665,20.453871498697,32.975945519562));
#4526=DIRECTION('',(0.,-1.,0.));
#4527=VECTOR('',#4526,0.644641345165);
#4528=LINE('',#4525,#4527);
#4529=EDGE_CURVE('',#4518,#4053,#4528,.T.);
#4530=ORIENTED_EDGE('',*,*,#4529,.T.);
#4531=ORIENTED_EDGE('',*,*,#4058,.F.);
#4532=ORIENTED_EDGE('',*,*,#4482,.F.);
#4533=ORIENTED_EDGE('',*,*,#4382,.F.);
#4534=ORIENTED_EDGE('',*,*,#4404,.F.);
#4535=ORIENTED_EDGE('',*,*,#3985,.F.);
#4536=EDGE_LOOP('',(#4516,#4524,#4530,#4531,#4532,#4533,#4534,#4535));
#4537=FACE_OUTER_BOUND('',#4536,.T.);
#4538=ADVANCED_FACE('',(#4537),#4508,.T.);
#4539=CARTESIAN_POINT('',(-2.3296313851996,20.453871498697,31.975945519562));
#4540=DIRECTION('',(-1.,1.4725907259813E-16,0.));
#4541=DIRECTION('',(-1.4725907259813E-16,-1.,-0.));
#4542=AXIS2_PLACEMENT_3D('',#4539,#4541,#4540);
#4543=PLANE('',#4542);
#4544=ORIENTED_EDGE('',*,*,#4523,.F.);
#4545=CARTESIAN_POINT('',(5.9215712893665,20.453871498697,22.975945519562));
#4546=DIRECTION('',(1.,0.,0.));
#4547=VECTOR('',#4546,40.);
#4548=LINE('',#4545,#4547);
#4549=EDGE_CURVE('',#4510,#4439,#4548,.T.);
#4550=ORIENTED_EDGE('',*,*,#4549,.T.);
#4551=ORIENTED_EDGE('',*,*,#4444,.F.);
#4552=CARTESIAN_POINT('',(45.921571289366,20.453871498697,32.975945519562));
#4553=DIRECTION('',(-1.,0.,0.));
#4554=VECTOR('',#4553,40.);
#4555=LINE('',#4552,#4554);
#4556=EDGE_CURVE('',#4437,#4518,#4555,.T.);
#4557=ORIENTED_EDGE('',*,*,#4556,.T.);
#4558=EDGE_LOOP('',(#4544,#4550,#4551,#4557));
#4559=FACE_OUTER_BOUND('',#4558,.T.);
#4560=ADVANCED_FACE('',(#4559),#4543,.T.);
#4561=CARTESIAN_POINT('',(48.921571289366,18.953871498697,32.975945519562));
#4562=DIRECTION('',(-1.,0.,0.));
#4563=DIRECTION('',(0.,0.,-1.));
#4564=AXIS2_PLACEMENT_3D('',#4561,#4563,#4562);
#4565=PLANE('',#4564);
#4566=ORIENTED_EDGE('',*,*,#4332,.F.);
#4567=ORIENTED_EDGE('',*,*,#4252,.F.);
#4568=ORIENTED_EDGE('',*,*,#3583,.F.);
#4569=ORIENTED_EDGE('',*,*,#4225,.F.);
#4570=ORIENTED_EDGE('',*,*,#4196,.F.);
#4571=ORIENTED_EDGE('',*,*,#4163,.F.);
#4572=ORIENTED_EDGE('',*,*,#4131,.F.);
#4573=ORIENTED_EDGE('',*,*,#4099,.F.);
#4574=ORIENTED_EDGE('',*,*,#4067,.F.);
#4575=ORIENTED_EDGE('',*,*,#4529,.F.);
#4576=ORIENTED_EDGE('',*,*,#4556,.F.);
#4577=ORIENTED_EDGE('',*,*,#4466,.F.);
#4578=EDGE_LOOP('',(#4566,#4567,#4568,#4569,#4570,#4571,#4572,#4573,#4574,#4575,#4576,#4577));
#4579=FACE_OUTER_BOUND('',#4578,.T.);
#4580=ORIENTED_EDGE('',*,*,#4307,.F.);
#4581=ORIENTED_EDGE('',*,*,#3499,.F.);
#4582=EDGE_LOOP('',(#4580,#4581));
#4583=FACE_BOUND('',#4582,.T.);
#4584=ORIENTED_EDGE('',*,*,#4283,.F.);
#4585=ORIENTED_EDGE('',*,*,#3541,.F.);
#4586=EDGE_LOOP('',(#4584,#4585));
#4587=FACE_BOUND('',#4586,.T.);
#4588=ADVANCED_FACE('',(#4579,#4583,#4587),#4565,.T.);
#4589=CARTESIAN_POINT('',(29.666447134583,9.2789190513515,22.975945519562));
#4590=DIRECTION('',(1.,0.,0.));
#4591=DIRECTION('',(0.,0.,1.));
#4592=AXIS2_PLACEMENT_3D('',#4589,#4591,#4590);
#4593=PLANE('',#4592);
#4594=ORIENTED_EDGE('',*,*,#3879,.F.);
#4595=ORIENTED_EDGE('',*,*,#3848,.F.);
#4596=ORIENTED_EDGE('',*,*,#3815,.F.);
#4597=ORIENTED_EDGE('',*,*,#3726,.F.);
#4598=ORIENTED_EDGE('',*,*,#3798,.F.);
#4599=ORIENTED_EDGE('',*,*,#3751,.F.);
#4600=ORIENTED_EDGE('',*,*,#4450,.F.);
#4601=ORIENTED_EDGE('',*,*,#4549,.F.);
#4602=ORIENTED_EDGE('',*,*,#4515,.F.);
#4603=ORIENTED_EDGE('',*,*,#3977,.F.);
#4604=ORIENTED_EDGE('',*,*,#3945,.F.);
#4605=ORIENTED_EDGE('',*,*,#3913,.F.);
#4606=EDGE_LOOP('',(#4594,#4595,#4596,#4597,#4598,#4599,#4600,#4601,#4602,#4603,#4604,#4605));
#4607=FACE_OUTER_BOUND('',#4606,.T.);
#4608=ORIENTED_EDGE('',*,*,#3642,.F.);
#4609=ORIENTED_EDGE('',*,*,#4040,.F.);
#4610=EDGE_LOOP('',(#4608,#4609));
#4611=FACE_BOUND('',#4610,.T.);
#4612=ORIENTED_EDGE('',*,*,#3684,.F.);
#4613=ORIENTED_EDGE('',*,*,#4016,.F.);
#4614=EDGE_LOOP('',(#4612,#4613));
#4615=FACE_BOUND('',#4614,.T.);
#4616=ADVANCED_FACE('',(#4607,#4611,#4615),#4593,.T.);
#4617=CLOSED_SHELL('',(#3526,#3568,#3610,#3652,#3694,#3736,#3778,#3802,#3835,#3866,#3899,#3932,#3963,#3996,#4020,#4044,#4086,#4117,#4150,#4183,#4214,#4238,#4271,#4295,#4319,#4352,#4392,#4430,#4470,#4503,#4538,#4560,#4588,#4616));
#4618=COLOUR_RGB('',1.,1.,1.000000);
#4619=FILL_AREA_STYLE_COLOUR('',#4618);
#4620=FILL_AREA_STYLE('',(#4619));
#4621=SURFACE_STYLE_FILL_AREA(#4620);
#4622=SURFACE_SIDE_STYLE('',(#4621));
#4623=SURFACE_STYLE_USAGE(.BOTH.,#4622);
#4624=PRESENTATION_STYLE_ASSIGNMENT((#4623));
#4625=OVER_RIDING_STYLED_ITEM('',(#4624),#3526,#4617);
#4626=OVER_RIDING_STYLED_ITEM('',(#4624),#3568,#4617);
#4627=OVER_RIDING_STYLED_ITEM('',(#4624),#3610,#4617);
#4628=OVER_RIDING_STYLED_ITEM('',(#4624),#3652,#4617);
#4629=OVER_RIDING_STYLED_ITEM('',(#4624),#3694,#4617);
#4630=OVER_RIDING_STYLED_ITEM('',(#4624),#3736,#4617);
#4631=OVER_RIDING_STYLED_ITEM('',(#4624),#3778,#4617);
#4632=OVER_RIDING_STYLED_ITEM('',(#4624),#3802,#4617);
#4633=OVER_RIDING_STYLED_ITEM('',(#4624),#3835,#4617);
#4634=OVER_RIDING_STYLED_ITEM('',(#4624),#3866,#4617);
#4635=OVER_RIDING_STYLED_ITEM('',(#4624),#3899,#4617);
#4636=OVER_RIDING_STYLED_ITEM('',(#4624),#3932,#4617);
#4637=OVER_RIDING_STYLED_ITEM('',(#4624),#3963,#4617);
#4638=OVER_RIDING_STYLED_ITEM('',(#4624),#3996,#4617);
#4639=OVER_RIDING_STYLED_ITEM('',(#4624),#4020,#4617);
#4640=OVER_RIDING_STYLED_ITEM('',(#4624),#4044,#4617);
#4641=OVER_RIDING_STYLED_ITEM('',(#4624),#4086,#4617);
#4642=OVER_RIDING_STYLED_ITEM('',(#4624),#4117,#4617);
#4643=OVER_RIDING_STYLED_ITEM('',(#4624),#4150,#4617);
#4644=OVER_RIDING_STYLED_ITEM('',(#4624),#4183,#4617);
#4645=OVER_RIDING_STYLED_ITEM('',(#4624),#4214,#4617);
#4646=OVER_RIDING_STYLED_ITEM('',(#4624),#4238,#4617);
#4647=OVER_RIDING_STYLED_ITEM('',(#4624),#4271,#4617);
#4648=OVER_RIDING_STYLED_ITEM('',(#4624),#4295,#4617);
#4649=OVER_RIDING_STYLED_ITEM('',(#4624),#4319,#4617);
#4650=OVER_RIDING_STYLED_ITEM('',(#4624),#4352,#4617);
#4651=OVER_RIDING_STYLED_ITEM('',(#4624),#4392,#4617);
#4652=OVER_RIDING_STYLED_ITEM('',(#4624),#4430,#4617);
#4653=OVER_RIDING_STYLED_ITEM('',(#4624),#4470,#4617);
#4654=OVER_RIDING_STYLED_ITEM('',(#4624),#4503,#4617);
#4655=OVER_RIDING_STYLED_ITEM('',(#4624),#4538,#4617);
#4656=OVER_RIDING_STYLED_ITEM('',(#4624),#4560,#4617);
#4657=OVER_RIDING_STYLED_ITEM('',(#4624),#4588,#4617);
#4658=OVER_RIDING_STYLED_ITEM('',(#4624),#4616,#4617);
#4659=MANIFOLD_SOLID_BREP('FA100-摆动固定-1-solid1',#4617);
#4660=ADVANCED_BREP_SHAPE_REPRESENTATION('',(#3484,#4659),#5);
#4661=SHAPE_REPRESENTATION_RELATIONSHIP('NONE', 'NONE', #44, #4660);
#4662=PRESENTATION_LAYER_ASSIGNMENT('图层000','',(#3484,#4659));
#4663=CARTESIAN_POINT('',(0.,0.,0.));
#4664=DIRECTION('',(0.,0.,1.));
#4665=DIRECTION('',(1.,0.,0.));
#4666=AXIS2_PLACEMENT_3D('',#4663,#4664,#4665);
#4667=CARTESIAN_POINT('',(0.49134612186735,78.523298549022,37.434650763787));
#4668=DIRECTION('',(0.,-0.,1.));
#4669=DIRECTION('',(0.97878579042203,0.20488625251083,0.));
#4670=AXIS2_PLACEMENT_3D('',#4667,#4668,#4669);
#4671 = ITEM_DEFINED_TRANSFORMATION('', '', #4666, #4670);
#4672 = (REPRESENTATION_RELATIONSHIP('','',#44,#28)REPRESENTATION_RELATIONSHIP_WITH_TRANSFORMATION(#4671)SHAPE_REPRESENTATION_RELATIONSHIP());
#4673 = NEXT_ASSEMBLY_USAGE_OCCURRENCE('', '', '', #26, #42,$ );
#4674 = PRODUCT_DEFINITION_SHAPE('', '', #4673);
#4675 = CONTEXT_DEPENDENT_SHAPE_REPRESENTATION(#4672,#4674);
#4676=CARTESIAN_POINT('',(0.,0.,0.));
#4677=DIRECTION('',(0.,0.,1.));
#4678=DIRECTION('',(1.,0.,0.));
#4679=AXIS2_PLACEMENT_3D('',#4676,#4677,#4678);
#4680=APPLICATION_CONTEXT('part');
#4681=MECHANICAL_CONTEXT('none',#4680,'component');
#4682=PRODUCT('FA-连杆部分','FA-连杆部分','',(#4681));
#4683=PRODUCT_RELATED_PRODUCT_CATEGORY('detail','',(#4682));
#4684=PRODUCT_DEFINITION_FORMATION_WITH_SPECIFIED_SOURCE('ANY','UNSPECIFIED',#4682,.NOT_KNOWN.);
#4685=APPLICATION_CONTEXT('part');
#4686=APPLICATION_PROTOCOL_DEFINITION('international standard','config_control_design',1994,#4685);
#4687=DESIGN_CONTEXT('detailed',#4685,'design');
#4688=PRODUCT_DEFINITION('','UNSPECIFIED',#4684,#4687);
#4689=PRODUCT_DEFINITION_SHAPE('NONE','NONE',#4688);
#4690=SHAPE_REPRESENTATION('FA-连杆部分',(#4679),#5);
#4691=SHAPE_DEFINITION_REPRESENTATION(#4689,#4690);
#4692=CARTESIAN_POINT('',(-4.7961634663807E-14,32.,3.));
#4693=DIRECTION('',(0.99999999999985,5.4988065040115E-07,-9.0630450989808E-17));
#4694=DIRECTION('',(0.,0.,1.));
#4695=AXIS2_PLACEMENT_3D('',#4692,#4694,#4693);
#4696=CYLINDRICAL_SURFACE('',#4695,4.9);
#4697=CARTESIAN_POINT('',(2.4189873417722,27.738720821121,3.));
#4698=VERTEX_POINT('',#4697);
#4699=CARTESIAN_POINT('',(4.9,32.,3.));
#4700=VERTEX_POINT('',#4699);
#4701=CARTESIAN_POINT('',(-5.3290705182008E-15,32.,3.));
#4702=DIRECTION('',(0.49367088607594,-0.86964881201609,-9.0630450989805E-17));
#4703=DIRECTION('',(1.4418343702054E-16,-8.3946842564979E-17,1.));
#4704=AXIS2_PLACEMENT_3D('',#4701,#4703,#4702);
#4705=CIRCLE('',#4704,4.9000000000002);
#4706=EDGE_CURVE('',#4698,#4700,#4705,.T.);
#4707=ORIENTED_EDGE('',*,*,#4706,.T.);
#4708=CARTESIAN_POINT('',(4.9,32.,13.));
#4709=VERTEX_POINT('',#4708);
#4710=CARTESIAN_POINT('',(4.9,32.,3.));
#4711=DIRECTION('',(0.,0.,1.));
#4712=VECTOR('',#4711,10.);
#4713=LINE('',#4710,#4712);
#4714=EDGE_CURVE('',#4700,#4709,#4713,.T.);
#4715=ORIENTED_EDGE('',*,*,#4714,.T.);
#4716=CARTESIAN_POINT('',(2.4189873417722,27.738720821121,13.));
#4717=VERTEX_POINT('',#4716);
#4718=CARTESIAN_POINT('',(-4.4408920985006E-15,32.,13.));
#4719=DIRECTION('',(1.,0.,0.));
#4720=DIRECTION('',(-1.4418343702055E-16,8.3946842564982E-17,-1.));
#4721=AXIS2_PLACEMENT_3D('',#4718,#4720,#4719);
#4722=CIRCLE('',#4721,4.9);
#4723=EDGE_CURVE('',#4709,#4717,#4722,.T.);
#4724=ORIENTED_EDGE('',*,*,#4723,.T.);
#4725=CARTESIAN_POINT('',(2.4189873417722,27.738720821121,13.));
#4726=DIRECTION('',(0.,0.,-1.));
#4727=VECTOR('',#4726,10.);
#4728=LINE('',#4725,#4727);
#4729=EDGE_CURVE('',#4717,#4698,#4728,.T.);
#4730=ORIENTED_EDGE('',*,*,#4729,.T.);
#4731=EDGE_LOOP('',(#4707,#4715,#4724,#4730));
#4732=FACE_OUTER_BOUND('',#4731,.T.);
#4733=ADVANCED_FACE('',(#4732),#4696,.T.);
#4734=CARTESIAN_POINT('',(-1.3322676295502E-15,32.,3.));
#4735=DIRECTION('',(-1.,-4.736951571734E-15,-2.9605947323337E-16));
#4736=DIRECTION('',(0.,4.2632564145606E-15,1.));
#4737=AXIS2_PLACEMENT_3D('',#4734,#4736,#4735);
#4738=CYLINDRICAL_SURFACE('',#4737,1.5);
#4739=CARTESIAN_POINT('',(1.5,32.,3.));
#4740=VERTEX_POINT('',#4739);
#4741=CARTESIAN_POINT('',(-1.5,32.,3.));
#4742=VERTEX_POINT('',#4741);
#4743=CARTESIAN_POINT('',(8.8817841970013E-16,32.,3.));
#4744=DIRECTION('',(1.,0.,0.));
#4745=DIRECTION('',(1.7868769888726E-16,-1.7868769888726E-16,-1.));
#4746=AXIS2_PLACEMENT_3D('',#4743,#4745,#4744);
#4747=CIRCLE('',#4746,1.5);
#4748=EDGE_CURVE('',#4740,#4742,#4747,.T.);
#4749=ORIENTED_EDGE('',*,*,#4748,.T.);
#4750=CARTESIAN_POINT('',(-1.5,32.,13.));
#4751=VERTEX_POINT('',#4750);
#4752=CARTESIAN_POINT('',(-1.5,32.,3.));
#4753=DIRECTION('',(0.,0.,1.));
#4754=VECTOR('',#4753,10.);
#4755=LINE('',#4752,#4754);
#4756=EDGE_CURVE('',#4742,#4751,#4755,.T.);
#4757=ORIENTED_EDGE('',*,*,#4756,.T.);
#4758=CARTESIAN_POINT('',(1.5,32.,13.));
#4759=VERTEX_POINT('',#4758);
#4760=CARTESIAN_POINT('',(-3.3306690738755E-15,32.,13.));
#4761=DIRECTION('',(-1.,0.,0.));
#4762=DIRECTION('',(1.0721261933236E-15,1.0721261933236E-15,1.));
#4763=AXIS2_PLACEMENT_3D('',#4760,#4762,#4761);
#4764=CIRCLE('',#4763,1.5);
#4765=EDGE_CURVE('',#4751,#4759,#4764,.T.);
#4766=ORIENTED_EDGE('',*,*,#4765,.T.);
#4767=CARTESIAN_POINT('',(1.5,32.,13.));
#4768=DIRECTION('',(0.,0.,-1.));
#4769=VECTOR('',#4768,10.);
#4770=LINE('',#4767,#4769);
#4771=EDGE_CURVE('',#4759,#4740,#4770,.T.);
#4772=ORIENTED_EDGE('',*,*,#4771,.T.);
#4773=EDGE_LOOP('',(#4749,#4757,#4766,#4772));
#4774=FACE_OUTER_BOUND('',#4773,.T.);
#4775=ADVANCED_FACE('',(#4774),#4738,.F.);
#4776=CARTESIAN_POINT('',(-1.3322676295502E-15,9.0150109599563E-14,11.000000000014));
#4777=DIRECTION('',(-1.,-1.1294550407774E-15,0.));
#4778=DIRECTION('',(0.,2.3684757858667E-15,1.));
#4779=AXIS2_PLACEMENT_3D('',#4776,#4778,#4777);
#4780=CYLINDRICAL_SURFACE('',#4779,1.5);
#4781=CARTESIAN_POINT('',(1.5,0.,11.000000000014));
#4782=VERTEX_POINT('',#4781);
#4783=CARTESIAN_POINT('',(-1.5,1.836970198721E-16,11.000000000014));
#4784=VERTEX_POINT('',#4783);
#4785=CARTESIAN_POINT('',(2.2204460492503E-16,0.,11.000000000014));
#4786=DIRECTION('',(1.,1.277171749345E-31,0.));
#4787=DIRECTION('',(3.5737539777452E-16,-3.5737539777452E-16,-1.));
#4788=AXIS2_PLACEMENT_3D('',#4785,#4787,#4786);
#4789=CIRCLE('',#4788,1.5);
#4790=EDGE_CURVE('',#4782,#4784,#4789,.T.);
#4791=ORIENTED_EDGE('',*,*,#4790,.T.);
#4792=CARTESIAN_POINT('',(-1.5,1.836970198721E-16,15.));
#4793=VERTEX_POINT('',#4792);
#4794=CARTESIAN_POINT('',(-1.5,1.836970198721E-16,11.000000000014));
#4795=DIRECTION('',(0.,0.,1.));
#4796=VECTOR('',#4795,3.999999999986);
#4797=LINE('',#4794,#4796);
#4798=EDGE_CURVE('',#4784,#4793,#4797,.T.);
#4799=ORIENTED_EDGE('',*,*,#4798,.T.);
#4800=CARTESIAN_POINT('',(1.5,0.,15.));
#4801=VERTEX_POINT('',#4800);
#4802=CARTESIAN_POINT('',(0.,-4.4408920985006E-16,15.));
#4803=DIRECTION('',(-1.,4.1852415314811E-16,0.));
#4804=DIRECTION('',(-0.,0.,1.));
#4805=AXIS2_PLACEMENT_3D('',#4802,#4804,#4803);
#4806=CIRCLE('',#4805,1.5);
#4807=EDGE_CURVE('',#4793,#4801,#4806,.T.);
#4808=ORIENTED_EDGE('',*,*,#4807,.T.);
#4809=CARTESIAN_POINT('',(1.5,0.,15.));
#4810=DIRECTION('',(0.,0.,-1.));
#4811=VECTOR('',#4810,3.999999999986);
#4812=LINE('',#4809,#4811);
#4813=EDGE_CURVE('',#4801,#4782,#4812,.T.);
#4814=ORIENTED_EDGE('',*,*,#4813,.T.);
#4815=EDGE_LOOP('',(#4791,#4799,#4808,#4814));
#4816=FACE_OUTER_BOUND('',#4815,.T.);
#4817=ADVANCED_FACE('',(#4816),#4780,.F.);
#4818=CARTESIAN_POINT('',(-8.8817841970013E-16,3.5527136788005E-15,1.));
#4819=DIRECTION('',(-1.,8.7358084662657E-15,4.4408920985006E-16));
#4820=DIRECTION('',(0.,5.9211894646675E-16,1.));
#4821=AXIS2_PLACEMENT_3D('',#4818,#4820,#4819);
#4822=CYLINDRICAL_SURFACE('',#4821,1.5);
#4823=CARTESIAN_POINT('',(1.5,0.,1.));
#4824=VERTEX_POINT('',#4823);
#4825=CARTESIAN_POINT('',(-1.5,1.836970198721E-16,1.));
#4826=VERTEX_POINT('',#4825);
#4827=CARTESIAN_POINT('',(-4.4408920985006E-16,2.2204460492503E-16,1.));
#4828=DIRECTION('',(1.,-1.4802973661669E-16,0.));
#4829=DIRECTION('',(-4.4671924721816E-17,4.4671924721816E-17,-1.));
#4830=AXIS2_PLACEMENT_3D('',#4827,#4829,#4828);
#4831=CIRCLE('',#4830,1.5);
#4832=EDGE_CURVE('',#4824,#4826,#4831,.T.);
#4833=ORIENTED_EDGE('',*,*,#4832,.T.);
#4834=CARTESIAN_POINT('',(-1.5,1.836970198721E-16,5.0000000000138));
#4835=VERTEX_POINT('',#4834);
#4836=CARTESIAN_POINT('',(-1.5,1.836970198721E-16,1.));
#4837=DIRECTION('',(0.,0.,1.));
#4838=VECTOR('',#4837,4.0000000000138);
#4839=LINE('',#4836,#4838);
#4840=EDGE_CURVE('',#4826,#4835,#4839,.T.);
#4841=ORIENTED_EDGE('',*,*,#4840,.T.);
#4842=CARTESIAN_POINT('',(1.5,0.,5.0000000000138));
#4843=VERTEX_POINT('',#4842);
#4844=CARTESIAN_POINT('',(-6.6613381477509E-16,-6.6613381477509E-16,5.0000000000138));
#4845=DIRECTION('',(-1.,5.665538897648E-16,-5.9211894646675E-16));
#4846=DIRECTION('',(1.7868769888726E-16,1.7868769888726E-16,1.));
#4847=AXIS2_PLACEMENT_3D('',#4844,#4846,#4845);
#4848=CIRCLE('',#4847,1.5);
#4849=EDGE_CURVE('',#4835,#4843,#4848,.T.);
#4850=ORIENTED_EDGE('',*,*,#4849,.T.);
#4851=CARTESIAN_POINT('',(1.5,0.,5.0000000000138));
#4852=DIRECTION('',(0.,0.,-1.));
#4853=VECTOR('',#4852,4.0000000000138);
#4854=LINE('',#4851,#4853);
#4855=EDGE_CURVE('',#4843,#4824,#4854,.T.);
#4856=ORIENTED_EDGE('',*,*,#4855,.T.);
#4857=EDGE_LOOP('',(#4833,#4841,#4850,#4856));
#4858=FACE_OUTER_BOUND('',#4857,.T.);
#4859=ADVANCED_FACE('',(#4858),#4822,.F.);
#4860=CARTESIAN_POINT('',(-4.9,36.5,22.));
#4861=DIRECTION('',(0.,0.,1.));
#4862=DIRECTION('',(-1.,0.,0.));
#4863=AXIS2_PLACEMENT_3D('',#4860,#4862,#4861);
#4864=PLANE('',#4863);
#4865=CARTESIAN_POINT('',(-4.9000000000051,22.5,1.5000000000053));
#4866=VERTEX_POINT('',#4865);
#4867=CARTESIAN_POINT('',(-4.9000000000123,0.,1.5000000000124));
#4868=VERTEX_POINT('',#4867);
#4869=CARTESIAN_POINT('',(-4.9000000000051,22.5,1.5000000000053));
#4870=DIRECTION('',(-3.1998107867063E-13,-1.,3.1555992387035E-13));
#4871=VECTOR('',#4870,22.5);
#4872=LINE('',#4869,#4871);
#4873=EDGE_CURVE('',#4866,#4868,#4872,.T.);
#4874=ORIENTED_EDGE('',*,*,#4873,.T.);
#4875=CARTESIAN_POINT('',(-4.9,0.,5.0000000000138));
#4876=VERTEX_POINT('',#4875);
#4877=CARTESIAN_POINT('',(-4.9000000000123,0.,1.5000000000124));
#4878=DIRECTION('',(3.5141413588578E-12,0.,1.));
#4879=VECTOR('',#4878,3.5000000000014);
#4880=LINE('',#4877,#4879);
#4881=EDGE_CURVE('',#4868,#4876,#4880,.T.);
#4882=ORIENTED_EDGE('',*,*,#4881,.T.);
#4883=CARTESIAN_POINT('',(-4.9,12.,5.0000000000138));
#4884=VERTEX_POINT('',#4883);
#4885=CARTESIAN_POINT('',(-4.9,0.,5.0000000000138));
#4886=DIRECTION('',(0.,1.,0.));
#4887=VECTOR('',#4886,12.);
#4888=LINE('',#4885,#4887);
#4889=EDGE_CURVE('',#4876,#4884,#4888,.T.);
#4890=ORIENTED_EDGE('',*,*,#4889,.T.);
#4891=CARTESIAN_POINT('',(-4.9,12.,11.000000000014));
#4892=VERTEX_POINT('',#4891);
#4893=CARTESIAN_POINT('',(-4.9,12.,5.0000000000138));
#4894=DIRECTION('',(0.,0.,1.));
#4895=VECTOR('',#4894,6.0000000000002);
#4896=LINE('',#4893,#4895);
#4897=EDGE_CURVE('',#4884,#4892,#4896,.T.);
#4898=ORIENTED_EDGE('',*,*,#4897,.T.);
#4899=CARTESIAN_POINT('',(-4.9,0.,11.000000000014));
#4900=VERTEX_POINT('',#4899);
#4901=CARTESIAN_POINT('',(-4.9,12.,11.000000000014));
#4902=DIRECTION('',(0.,-1.,0.));
#4903=VECTOR('',#4902,12.);
#4904=LINE('',#4901,#4903);
#4905=EDGE_CURVE('',#4892,#4900,#4904,.T.);
#4906=ORIENTED_EDGE('',*,*,#4905,.T.);
#4907=CARTESIAN_POINT('',(-4.8999999999767,0.,14.50000000003));
#4908=VERTEX_POINT('',#4907);
#4909=CARTESIAN_POINT('',(-4.9,0.,11.000000000014));
#4910=DIRECTION('',(6.6572779035162E-12,0.,1.));
#4911=VECTOR('',#4910,3.500000000016);
#4912=LINE('',#4909,#4911);
#4913=EDGE_CURVE('',#4900,#4908,#4912,.T.);
#4914=ORIENTED_EDGE('',*,*,#4913,.T.);
#4915=CARTESIAN_POINT('',(-4.8999999999909,22.5,14.500000000017));
#4916=VERTEX_POINT('',#4915);
#4917=CARTESIAN_POINT('',(-4.8999999999767,0.,14.50000000003));
#4918=DIRECTION('',(-6.3111984774069E-13,1.,-5.7775019336582E-13));
#4919=VECTOR('',#4918,22.5);
#4920=LINE('',#4917,#4919);
#4921=EDGE_CURVE('',#4908,#4916,#4920,.T.);
#4922=ORIENTED_EDGE('',*,*,#4921,.T.);
#4923=CARTESIAN_POINT('',(-4.9,22.5,13.));
#4924=VERTEX_POINT('',#4923);
#4925=CARTESIAN_POINT('',(-4.8999999999909,22.5,14.500000000017));
#4926=DIRECTION('',(-6.0668507254296E-12,0.,-1.));
#4927=VECTOR('',#4926,1.500000000017);
#4928=LINE('',#4925,#4927);
#4929=EDGE_CURVE('',#4916,#4924,#4928,.T.);
#4930=ORIENTED_EDGE('',*,*,#4929,.T.);
#4931=CARTESIAN_POINT('',(-4.9,32.,13.));
#4932=VERTEX_POINT('',#4931);
#4933=CARTESIAN_POINT('',(-4.9,22.5,13.));
#4934=DIRECTION('',(0.,1.,0.));
#4935=VECTOR('',#4934,9.5);
#4936=LINE('',#4933,#4935);
#4937=EDGE_CURVE('',#4924,#4932,#4936,.T.);
#4938=ORIENTED_EDGE('',*,*,#4937,.T.);
#4939=CARTESIAN_POINT('',(-4.9,32.,3.));
#4940=VERTEX_POINT('',#4939);
#4941=CARTESIAN_POINT('',(-4.9,32.,13.));
#4942=DIRECTION('',(0.,0.,-1.));
#4943=VECTOR('',#4942,10.);
#4944=LINE('',#4941,#4943);
#4945=EDGE_CURVE('',#4932,#4940,#4944,.T.);
#4946=ORIENTED_EDGE('',*,*,#4945,.T.);
#4947=CARTESIAN_POINT('',(-4.9,22.5,3.));
#4948=VERTEX_POINT('',#4947);
#4949=CARTESIAN_POINT('',(-4.9,32.,3.));
#4950=DIRECTION('',(0.,-1.,0.));
#4951=VECTOR('',#4950,9.5);
#4952=LINE('',#4949,#4951);
#4953=EDGE_CURVE('',#4940,#4948,#4952,.T.);
#4954=ORIENTED_EDGE('',*,*,#4953,.T.);
#4955=CARTESIAN_POINT('',(-4.9,22.5,3.));
#4956=DIRECTION('',(-3.3999469906241E-12,0.,-1.));
#4957=VECTOR('',#4956,1.4999999999947);
#4958=LINE('',#4955,#4957);
#4959=EDGE_CURVE('',#4948,#4866,#4958,.T.);
#4960=ORIENTED_EDGE('',*,*,#4959,.T.);
#4961=EDGE_LOOP('',(#4874,#4882,#4890,#4898,#4906,#4914,#4922,#4930,#4938,#4946,#4954,#4960));
#4962=FACE_OUTER_BOUND('',#4961,.T.);
#4963=ADVANCED_FACE('',(#4962),#4864,.T.);
#4964=CARTESIAN_POINT('',(-3.3750779948605E-14,6.4837024638109E-14,5.0000000000138));
#4965=DIRECTION('',(-1.,8.0418622878785E-09,3.6252180395923E-16));
#4966=DIRECTION('',(-7.612957883085E-16,1.1403113554385E-15,-1.));
#4967=AXIS2_PLACEMENT_3D('',#4964,#4966,#4965);
#4968=CYLINDRICAL_SURFACE('',#4967,4.9);
#4969=CARTESIAN_POINT('',(1.5001923289464E-16,-4.9000000000258,1.5000000000071));
#4970=VERTEX_POINT('',#4969);
#4971=CARTESIAN_POINT('',(2.418987341762,4.2612791788655,1.4999999999867));
#4972=VERTEX_POINT('',#4971);
#4973=CARTESIAN_POINT('',(8.8817841970013E-16,-4.4408920985006E-16,1.5));
#4974=DIRECTION('',(-1.5064473200035E-16,-1.,-9.0630450989331E-17));
#4975=DIRECTION('',(4.9910852175846E-17,-6.48001187154E-17,1.));
#4976=AXIS2_PLACEMENT_3D('',#4973,#4975,#4974);
#4977=CIRCLE('',#4976,4.9000000000258);
#4978=EDGE_CURVE('',#4970,#4972,#4977,.T.);
#4979=ORIENTED_EDGE('',*,*,#4978,.T.);
#4980=CARTESIAN_POINT('',(2.4189873417697,4.2612791788802,5.0000000000138));
#4981=VERTEX_POINT('',#4980);
#4982=CARTESIAN_POINT('',(2.418987341762,4.2612791788655,1.4999999999867));
#4983=DIRECTION('',(2.2000179455802E-12,4.1998150988352E-12,1.));
#4984=VECTOR('',#4983,3.5000000000271);
#4985=LINE('',#4982,#4984);
#4986=EDGE_CURVE('',#4972,#4981,#4985,.T.);
#4987=ORIENTED_EDGE('',*,*,#4986,.T.);
#4988=CARTESIAN_POINT('',(-3.1086244689504E-15,-2.6645352591004E-15,5.0000000000138));
#4989=DIRECTION('',(0.49367088607545,0.86964881201637,-1.8126090197962E-16));
#4990=DIRECTION('',(-4.0905499548397E-16,-3.1342290050986E-16,-1.));
#4991=AXIS2_PLACEMENT_3D('',#4988,#4990,#4989);
#4992=CIRCLE('',#4991,4.9);
#4993=EDGE_CURVE('',#4981,#4876,#4992,.T.);
#4994=ORIENTED_EDGE('',*,*,#4993,.T.);
#4995=ORIENTED_EDGE('',*,*,#4881,.F.);
#4996=CARTESIAN_POINT('',(8.8817841970013E-16,8.8817841970013E-16,1.5));
#4997=DIRECTION('',(-1.,-1.8126090197913E-16,0.));
#4998=DIRECTION('',(-1.367507899644E-17,-1.367507899644E-17,1.));
#4999=AXIS2_PLACEMENT_3D('',#4996,#4998,#4997);
#5000=CIRCLE('',#4999,4.9000000000123);
#5001=EDGE_CURVE('',#4868,#4970,#5000,.T.);
#5002=ORIENTED_EDGE('',*,*,#5001,.T.);
#5003=EDGE_LOOP('',(#4979,#4987,#4994,#4995,#5002));
#5004=FACE_OUTER_BOUND('',#5003,.T.);
#5005=ADVANCED_FACE('',(#5004),#4968,.T.);
#5006=CARTESIAN_POINT('',(-4.4,0.,1.));
#5007=DIRECTION('',(0.70710678118655,0.,-0.70710678118655));
#5008=DIRECTION('',(-0.70710678118655,-0.,-0.70710678118655));
#5009=AXIS2_PLACEMENT_3D('',#5006,#5008,#5007);
#5010=PLANE('',#5009);
#5011=CARTESIAN_POINT('',(-4.4000000000048,22.5,0.99999999997635));
#5012=VERTEX_POINT('',#5011);
#5013=CARTESIAN_POINT('',(-4.3999999999823,0.,0.99999999998227));
#5014=VERTEX_POINT('',#5013);
#5015=CARTESIAN_POINT('',(-4.4000000000048,22.5,0.99999999997635));
#5016=DIRECTION('',(1.0000099513895E-12,-1.,2.631080538625E-13));
#5017=VECTOR('',#5016,22.5);
#5018=LINE('',#5015,#5017);
#5019=EDGE_CURVE('',#5012,#5014,#5018,.T.);
#5020=ORIENTED_EDGE('',*,*,#5019,.T.);
#5021=CARTESIAN_POINT('',(-4.3999999999823,0.,0.99999999998227));
#5022=DIRECTION('',(-0.70710678118646,0.,0.70710678118664));
#5023=VECTOR('',#5022,0.70710678122907);
#5024=LINE('',#5021,#5023);
#5025=EDGE_CURVE('',#5014,#4868,#5024,.T.);
#5026=ORIENTED_EDGE('',*,*,#5025,.T.);
#5027=ORIENTED_EDGE('',*,*,#4873,.F.);
#5028=CARTESIAN_POINT('',(-4.9000000000051,22.5,1.5000000000053));
#5029=DIRECTION('',(0.70710678116629,0.,-0.70710678120681));
#5030=VECTOR('',#5029,0.70710678120723);
#5031=LINE('',#5028,#5030);
#5032=EDGE_CURVE('',#4866,#5012,#5031,.T.);
#5033=ORIENTED_EDGE('',*,*,#5032,.T.);
#5034=EDGE_LOOP('',(#5020,#5026,#5027,#5033));
#5035=FACE_OUTER_BOUND('',#5034,.T.);
#5036=ADVANCED_FACE('',(#5035),#5010,.T.);
#5037=CARTESIAN_POINT('',(0.,0.,3.));
#5038=DIRECTION('',(-1.,0.,0.));
#5039=DIRECTION('',(0.,0.,-1.));
#5040=AXIS2_PLACEMENT_3D('',#5037,#5039,#5038);
#5041=PLANE('',#5040);
#5042=CARTESIAN_POINT('',(0.9,22.5,3.));
#5043=VERTEX_POINT('',#5042);
#5044=CARTESIAN_POINT('',(-1.1,24.5,3.));
#5045=VERTEX_POINT('',#5044);
#5046=CARTESIAN_POINT('',(-1.1,22.5,3.));
#5047=DIRECTION('',(1.,0.,0.));
#5048=DIRECTION('',(-1.3401577416545E-16,-1.3401577416545E-16,1.));
#5049=AXIS2_PLACEMENT_3D('',#5046,#5048,#5047);
#5050=CIRCLE('',#5049,2.);
#5051=EDGE_CURVE('',#5043,#5045,#5050,.T.);
#5052=ORIENTED_EDGE('',*,*,#5051,.T.);
#5053=CARTESIAN_POINT('',(-2.9,24.5,3.));
#5054=VERTEX_POINT('',#5053);
#5055=CARTESIAN_POINT('',(-1.1,24.5,3.));
#5056=DIRECTION('',(-1.,0.,0.));
#5057=VECTOR('',#5056,1.8);
#5058=LINE('',#5055,#5057);
#5059=EDGE_CURVE('',#5045,#5054,#5058,.T.);
#5060=ORIENTED_EDGE('',*,*,#5059,.T.);
#5061=CARTESIAN_POINT('',(-2.9,22.5,3.));
#5062=DIRECTION('',(2.2204460492503E-16,1.,0.));
#5063=DIRECTION('',(2.0102366124817E-16,-2.0102366124817E-16,1.));
#5064=AXIS2_PLACEMENT_3D('',#5061,#5063,#5062);
#5065=CIRCLE('',#5064,2.);
#5066=EDGE_CURVE('',#5054,#4948,#5065,.T.);
#5067=ORIENTED_EDGE('',*,*,#5066,.T.);
#5068=ORIENTED_EDGE('',*,*,#4953,.F.);
#5069=CARTESIAN_POINT('',(1.7763568394003E-15,32.,3.));
#5070=DIRECTION('',(-1.,7.2504360791847E-16,9.0630450989809E-17));
#5071=DIRECTION('',(2.7350157992948E-17,-2.7350157992948E-17,-1.));
#5072=AXIS2_PLACEMENT_3D('',#5069,#5071,#5070);
#5073=CIRCLE('',#5072,4.9);
#5074=EDGE_CURVE('',#4940,#4700,#5073,.T.);
#5075=ORIENTED_EDGE('',*,*,#5074,.T.);
#5076=ORIENTED_EDGE('',*,*,#4706,.F.);
#5077=CARTESIAN_POINT('',(0.9,25.129774385073,3.));
#5078=VERTEX_POINT('',#5077);
#5079=CARTESIAN_POINT('',(3.9,25.129774385073,3.));
#5080=DIRECTION('',(-0.49367088607597,0.86964881201607,0.));
#5081=DIRECTION('',(1.766247103502E-16,-1.0283488214212E-16,1.));
#5082=AXIS2_PLACEMENT_3D('',#5079,#5081,#5080);
#5083=CIRCLE('',#5082,2.9999999999998);
#5084=EDGE_CURVE('',#4698,#5078,#5083,.T.);
#5085=ORIENTED_EDGE('',*,*,#5084,.T.);
#5086=CARTESIAN_POINT('',(0.9,25.129774385073,3.));
#5087=DIRECTION('',(0.,-1.,0.));
#5088=VECTOR('',#5087,2.629774385073);
#5089=LINE('',#5086,#5088);
#5090=EDGE_CURVE('',#5078,#5043,#5089,.T.);
#5091=ORIENTED_EDGE('',*,*,#5090,.T.);
#5092=EDGE_LOOP('',(#5052,#5060,#5067,#5068,#5075,#5076,#5085,#5091));
#5093=FACE_OUTER_BOUND('',#5092,.T.);
#5094=CARTESIAN_POINT('',(-2.2204460492503E-15,32.,3.));
#5095=DIRECTION('',(1.,0.,0.));
#5096=DIRECTION('',(-1.7868769888726E-16,-1.7868769888726E-16,1.));
#5097=AXIS2_PLACEMENT_3D('',#5094,#5096,#5095);
#5098=CIRCLE('',#5097,1.5);
#5099=EDGE_CURVE('',#4740,#4742,#5098,.T.);
#5100=ORIENTED_EDGE('',*,*,#5099,.T.);
#5101=ORIENTED_EDGE('',*,*,#4748,.F.);
#5102=EDGE_LOOP('',(#5100,#5101));
#5103=FACE_BOUND('',#5102,.T.);
#5104=ADVANCED_FACE('',(#5093,#5103),#5041,.T.);
#5105=CARTESIAN_POINT('',(7.105427357601E-15,32.,3.));
#5106=DIRECTION('',(-1.,-7.2504360791847E-15,2.7189135296943E-16));
#5107=DIRECTION('',(0.,0.,1.));
#5108=AXIS2_PLACEMENT_3D('',#5105,#5107,#5106);
#5109=CYLINDRICAL_SURFACE('',#5108,4.9);
#5110=ORIENTED_EDGE('',*,*,#4714,.F.);
#5111=ORIENTED_EDGE('',*,*,#5074,.F.);
#5112=ORIENTED_EDGE('',*,*,#4945,.F.);
#5113=CARTESIAN_POINT('',(1.7763568394003E-15,32.,13.));
#5114=DIRECTION('',(-1.,7.2504360791847E-16,3.6252180395923E-16));
#5115=DIRECTION('',(-2.1880126394359E-16,2.1880126394359E-16,-1.));
#5116=AXIS2_PLACEMENT_3D('',#5113,#5115,#5114);
#5117=CIRCLE('',#5116,4.9);
#5118=EDGE_CURVE('',#4932,#4709,#5117,.T.);
#5119=ORIENTED_EDGE('',*,*,#5118,.T.);
#5120=EDGE_LOOP('',(#5110,#5111,#5112,#5119));
#5121=FACE_OUTER_BOUND('',#5120,.T.);
#5122=ADVANCED_FACE('',(#5121),#5109,.T.);
#5123=CARTESIAN_POINT('',(0.,0.,13.));
#5124=DIRECTION('',(1.,0.,0.));
#5125=DIRECTION('',(0.,0.,1.));
#5126=AXIS2_PLACEMENT_3D('',#5123,#5125,#5124);
#5127=PLANE('',#5126);
#5128=CARTESIAN_POINT('',(-2.9,24.5,13.));
#5129=VERTEX_POINT('',#5128);
#5130=CARTESIAN_POINT('',(-1.1,24.5,13.));
#5131=VERTEX_POINT('',#5130);
#5132=CARTESIAN_POINT('',(-2.9,24.5,13.));
#5133=DIRECTION('',(1.,0.,0.));
#5134=VECTOR('',#5133,1.8);
#5135=LINE('',#5132,#5134);
#5136=EDGE_CURVE('',#5129,#5131,#5135,.T.);
#5137=ORIENTED_EDGE('',*,*,#5136,.T.);
#5138=CARTESIAN_POINT('',(0.9,22.5,13.));
#5139=VERTEX_POINT('',#5138);
#5140=CARTESIAN_POINT('',(-1.1,22.5,13.));
#5141=DIRECTION('',(-1.1102230246252E-16,1.,8.8817841970013E-16));
#5142=DIRECTION('',(8.0409464499268E-16,8.0409464499268E-16,-1.));
#5143=AXIS2_PLACEMENT_3D('',#5140,#5142,#5141);
#5144=CIRCLE('',#5143,2.);
#5145=EDGE_CURVE('',#5131,#5139,#5144,.T.);
#5146=ORIENTED_EDGE('',*,*,#5145,.T.);
#5147=CARTESIAN_POINT('',(0.9,25.129774385073,13.));
#5148=VERTEX_POINT('',#5147);
#5149=CARTESIAN_POINT('',(0.9,22.5,13.));
#5150=DIRECTION('',(0.,1.,0.));
#5151=VECTOR('',#5150,2.629774385073);
#5152=LINE('',#5149,#5151);
#5153=EDGE_CURVE('',#5139,#5148,#5152,.T.);
#5154=ORIENTED_EDGE('',*,*,#5153,.T.);
#5155=CARTESIAN_POINT('',(3.9,25.129774385073,13.));
#5156=DIRECTION('',(-1.,2.368475785867E-15,-5.9211894646675E-16));
#5157=DIRECTION('',(7.0649884140073E-16,-4.1133952856843E-16,-1.));
#5158=AXIS2_PLACEMENT_3D('',#5155,#5157,#5156);
#5159=CIRCLE('',#5158,3.);
#5160=EDGE_CURVE('',#5148,#4717,#5159,.T.);
#5161=ORIENTED_EDGE('',*,*,#5160,.T.);
#5162=ORIENTED_EDGE('',*,*,#4723,.F.);
#5163=ORIENTED_EDGE('',*,*,#5118,.F.);
#5164=ORIENTED_EDGE('',*,*,#4937,.F.);
#5165=CARTESIAN_POINT('',(-2.9,22.5,13.));
#5166=DIRECTION('',(-1.,0.,8.8817841970013E-16));
#5167=DIRECTION('',(-8.0409464499268E-16,8.0409464499268E-16,-1.));
#5168=AXIS2_PLACEMENT_3D('',#5165,#5167,#5166);
#5169=CIRCLE('',#5168,2.);
#5170=EDGE_CURVE('',#4924,#5129,#5169,.T.);
#5171=ORIENTED_EDGE('',*,*,#5170,.T.);
#5172=EDGE_LOOP('',(#5137,#5146,#5154,#5161,#5162,#5163,#5164,#5171));
#5173=FACE_OUTER_BOUND('',#5172,.T.);
#5174=ORIENTED_EDGE('',*,*,#4765,.F.);
#5175=CARTESIAN_POINT('',(1.7763568394003E-15,32.,13.));
#5176=DIRECTION('',(-1.,0.,0.));
#5177=DIRECTION('',(-1.0721261933236E-15,1.0721261933236E-15,-1.));
#5178=AXIS2_PLACEMENT_3D('',#5175,#5177,#5176);
#5179=CIRCLE('',#5178,1.5);
#5180=EDGE_CURVE('',#4751,#4759,#5179,.T.);
#5181=ORIENTED_EDGE('',*,*,#5180,.T.);
#5182=EDGE_LOOP('',(#5174,#5181));
#5183=FACE_BOUND('',#5182,.T.);
#5184=ADVANCED_FACE('',(#5173,#5183),#5127,.T.);
#5185=CARTESIAN_POINT('',(-4.4,0.,15.));
#5186=DIRECTION('',(-0.70710678118655,0.,-0.70710678118655));
#5187=DIRECTION('',(-0.70710678118655,0.,0.70710678118655));
#5188=AXIS2_PLACEMENT_3D('',#5185,#5187,#5186);
#5189=PLANE('',#5188);
#5190=CARTESIAN_POINT('',(-4.4000000000046,22.5,14.999999999981));
#5191=VERTEX_POINT('',#5190);
#5192=CARTESIAN_POINT('',(-4.4000000000046,22.5,14.999999999981));
#5193=DIRECTION('',(-0.70710678120232,0.,-0.70710678117078));
#5194=VECTOR('',#5193,0.7071067811514);
#5195=LINE('',#5192,#5194);
#5196=EDGE_CURVE('',#5191,#4916,#5195,.T.);
#5197=ORIENTED_EDGE('',*,*,#5196,.T.);
#5198=ORIENTED_EDGE('',*,*,#4921,.F.);
#5199=CARTESIAN_POINT('',(-4.4000000000243,0.,14.999999999947));
#5200=VERTEX_POINT('',#5199);
#5201=CARTESIAN_POINT('',(-4.8999999999767,0.,14.50000000003));
#5202=DIRECTION('',(0.70710678121158,0.,0.70710678116152));
#5203=VECTOR('',#5202,0.7071067810942);
#5204=LINE('',#5201,#5203);
#5205=EDGE_CURVE('',#4908,#5200,#5204,.T.);
#5206=ORIENTED_EDGE('',*,*,#5205,.T.);
#5207=CARTESIAN_POINT('',(-4.4000000000243,0.,14.999999999947));
#5208=DIRECTION('',(8.7554654884217E-13,1.,1.5110875513831E-12));
#5209=VECTOR('',#5208,22.5);
#5210=LINE('',#5207,#5209);
#5211=EDGE_CURVE('',#5200,#5191,#5210,.T.);
#5212=ORIENTED_EDGE('',*,*,#5211,.T.);
#5213=EDGE_LOOP('',(#5197,#5198,#5206,#5212));
#5214=FACE_OUTER_BOUND('',#5213,.T.);
#5215=ADVANCED_FACE('',(#5214),#5189,.T.);
#5216=CARTESIAN_POINT('',(-3.6415315207705E-14,3.8191672047105E-14,14.500000000033));
#5217=DIRECTION('',(-0.99999999999997,2.3662529113732E-07,1.4500872158369E-15));
#5218=DIRECTION('',(-1.7763568393906E-15,1.571535257895E-15,-1.));
#5219=AXIS2_PLACEMENT_3D('',#5216,#5218,#5217);
#5220=CYLINDRICAL_SURFACE('',#5219,4.9);
#5221=CARTESIAN_POINT('',(2.4189873417579,4.2612791788496,14.500000000033));
#5222=VERTEX_POINT('',#5221);
#5223=CARTESIAN_POINT('',(-1.3322676295502E-15,4.4408920985006E-16,14.500000000028));
#5224=DIRECTION('',(0.49367088607631,0.86964881201588,7.2504360792327E-16));
#5225=DIRECTION('',(-6.6754872213368E-17,8.7907329536513E-16,-1.));
#5226=AXIS2_PLACEMENT_3D('',#5223,#5225,#5224);
#5227=CIRCLE('',#5226,4.8999999999676);
#5228=EDGE_CURVE('',#5222,#4908,#5227,.T.);
#5229=ORIENTED_EDGE('',*,*,#5228,.T.);
#5230=ORIENTED_EDGE('',*,*,#4913,.F.);
#5231=CARTESIAN_POINT('',(2.4189873417721,4.2612791788788,11.000000000014));
#5232=VERTEX_POINT('',#5231);
#5233=CARTESIAN_POINT('',(5.3290705182008E-15,6.6613381477509E-16,11.000000000014));
#5234=DIRECTION('',(-1.,-1.3594567648471E-16,-3.6252180395923E-16));
#5235=DIRECTION('',(1.0247491716399E-15,-2.9568563417657E-16,1.));
#5236=AXIS2_PLACEMENT_3D('',#5233,#5235,#5234);
#5237=CIRCLE('',#5236,4.9);
#5238=EDGE_CURVE('',#4900,#5232,#5237,.T.);
#5239=ORIENTED_EDGE('',*,*,#5238,.T.);
#5240=CARTESIAN_POINT('',(2.4189873417721,4.2612791788788,11.000000000014));
#5241=DIRECTION('',(-4.0570721385368E-12,-8.3427867788294E-12,1.));
#5242=VECTOR('',#5241,3.500000000019);
#5243=LINE('',#5240,#5242);
#5244=EDGE_CURVE('',#5232,#5222,#5243,.T.);
#5245=ORIENTED_EDGE('',*,*,#5244,.T.);
#5246=EDGE_LOOP('',(#5229,#5230,#5239,#5245));
#5247=FACE_OUTER_BOUND('',#5246,.T.);
#5248=ADVANCED_FACE('',(#5247),#5220,.T.);
#5249=CARTESIAN_POINT('',(11.1,12.,11.000000000014));
#5250=DIRECTION('',(0.,-1.,1.0131230080696E-16));
#5251=DIRECTION('',(-0.,-1.0131230080696E-16,-1.));
#5252=AXIS2_PLACEMENT_3D('',#5249,#5251,#5250);
#5253=PLANE('',#5252);
#5254=CARTESIAN_POINT('',(0.9,6.8702256149271,11.000000000014));
#5255=VERTEX_POINT('',#5254);
#5256=CARTESIAN_POINT('',(3.9,6.8702256149271,11.000000000014));
#5257=DIRECTION('',(-1.,-2.9605947323337E-16,0.));
#5258=DIRECTION('',(-0.,0.,1.));
#5259=AXIS2_PLACEMENT_3D('',#5256,#5258,#5257);
#5260=CIRCLE('',#5259,3.);
#5261=EDGE_CURVE('',#5255,#5232,#5260,.T.);
#5262=ORIENTED_EDGE('',*,*,#5261,.T.);
#5263=ORIENTED_EDGE('',*,*,#5238,.F.);
#5264=ORIENTED_EDGE('',*,*,#4905,.F.);
#5265=CARTESIAN_POINT('',(0.9,12.,11.000000000014));
#5266=VERTEX_POINT('',#5265);
#5267=CARTESIAN_POINT('',(-4.9,12.,11.000000000014));
#5268=DIRECTION('',(1.,0.,0.));
#5269=VECTOR('',#5268,5.8);
#5270=LINE('',#5267,#5269);
#5271=EDGE_CURVE('',#4892,#5266,#5270,.T.);
#5272=ORIENTED_EDGE('',*,*,#5271,.T.);
#5273=CARTESIAN_POINT('',(0.9,12.,11.000000000014));
#5274=DIRECTION('',(0.,-1.,0.));
#5275=VECTOR('',#5274,5.1297743850729);
#5276=LINE('',#5273,#5275);
#5277=EDGE_CURVE('',#5266,#5255,#5276,.T.);
#5278=ORIENTED_EDGE('',*,*,#5277,.T.);
#5279=EDGE_LOOP('',(#5262,#5263,#5264,#5272,#5278));
#5280=FACE_OUTER_BOUND('',#5279,.T.);
#5281=ORIENTED_EDGE('',*,*,#4790,.F.);
#5282=CARTESIAN_POINT('',(2.2204460492503E-16,2.2204460492503E-16,11.000000000014));
#5283=DIRECTION('',(1.,-1.4802973661669E-16,0.));
#5284=DIRECTION('',(3.5737539777452E-16,3.5737539777452E-16,1.));
#5285=AXIS2_PLACEMENT_3D('',#5282,#5284,#5283);
#5286=CIRCLE('',#5285,1.5);
#5287=EDGE_CURVE('',#4782,#4784,#5286,.T.);
#5288=ORIENTED_EDGE('',*,*,#5287,.T.);
#5289=EDGE_LOOP('',(#5281,#5288));
#5290=FACE_BOUND('',#5289,.T.);
#5291=ADVANCED_FACE('',(#5280,#5290),#5253,.T.);
#5292=CARTESIAN_POINT('',(11.1,12.,5.0000000000138));
#5293=DIRECTION('',(0.,0.,1.));
#5294=DIRECTION('',(0.,-1.,0.));
#5295=AXIS2_PLACEMENT_3D('',#5292,#5294,#5293);
#5296=PLANE('',#5295);
#5297=ORIENTED_EDGE('',*,*,#5271,.F.);
#5298=ORIENTED_EDGE('',*,*,#4897,.F.);
#5299=CARTESIAN_POINT('',(0.9,12.,5.0000000000138));
#5300=VERTEX_POINT('',#5299);
#5301=CARTESIAN_POINT('',(-4.9,12.,5.0000000000138));
#5302=DIRECTION('',(1.,0.,0.));
#5303=VECTOR('',#5302,5.8);
#5304=LINE('',#5301,#5303);
#5305=EDGE_CURVE('',#4884,#5300,#5304,.T.);
#5306=ORIENTED_EDGE('',*,*,#5305,.T.);
#5307=CARTESIAN_POINT('',(0.9,12.,5.0000000000138));
#5308=DIRECTION('',(0.,0.,1.));
#5309=VECTOR('',#5308,6.0000000000002);
#5310=LINE('',#5307,#5309);
#5311=EDGE_CURVE('',#5300,#5266,#5310,.T.);
#5312=ORIENTED_EDGE('',*,*,#5311,.T.);
#5313=EDGE_LOOP('',(#5297,#5298,#5306,#5312));
#5314=FACE_OUTER_BOUND('',#5313,.T.);
#5315=ADVANCED_FACE('',(#5314),#5296,.T.);
#5316=CARTESIAN_POINT('',(11.1,12.,5.0000000000138));
#5317=DIRECTION('',(0.,1.,-1.5196845121044E-16));
#5318=DIRECTION('',(0.,1.5196845121044E-16,1.));
#5319=AXIS2_PLACEMENT_3D('',#5316,#5318,#5317);
#5320=PLANE('',#5319);
#5321=ORIENTED_EDGE('',*,*,#5305,.F.);
#5322=ORIENTED_EDGE('',*,*,#4889,.F.);
#5323=ORIENTED_EDGE('',*,*,#4993,.F.);
#5324=CARTESIAN_POINT('',(0.9,6.8702256149271,5.0000000000138));
#5325=VERTEX_POINT('',#5324);
#5326=CARTESIAN_POINT('',(3.9,6.8702256149271,5.0000000000138));
#5327=DIRECTION('',(-0.49367088607676,-0.86964881201562,0.));
#5328=DIRECTION('',(-1.1774980690035E-16,-6.8556588094799E-17,-1.));
#5329=AXIS2_PLACEMENT_3D('',#5326,#5328,#5327);
#5330=CIRCLE('',#5329,3.);
#5331=EDGE_CURVE('',#4981,#5325,#5330,.T.);
#5332=ORIENTED_EDGE('',*,*,#5331,.T.);
#5333=CARTESIAN_POINT('',(0.9,6.8702256149271,5.0000000000138));
#5334=DIRECTION('',(0.,1.,0.));
#5335=VECTOR('',#5334,5.1297743850729);
#5336=LINE('',#5333,#5335);
#5337=EDGE_CURVE('',#5325,#5300,#5336,.T.);
#5338=ORIENTED_EDGE('',*,*,#5337,.T.);
#5339=EDGE_LOOP('',(#5321,#5322,#5323,#5332,#5338));
#5340=FACE_OUTER_BOUND('',#5339,.T.);
#5341=CARTESIAN_POINT('',(-4.4408920985006E-16,4.4408920985006E-16,5.0000000000138));
#5342=DIRECTION('',(-1.,-1.7359479331864E-16,-5.9211894646675E-16));
#5343=DIRECTION('',(-1.7868769888726E-16,1.7868769888726E-16,-1.));
#5344=AXIS2_PLACEMENT_3D('',#5341,#5343,#5342);
#5345=CIRCLE('',#5344,1.5);
#5346=EDGE_CURVE('',#4835,#4843,#5345,.T.);
#5347=ORIENTED_EDGE('',*,*,#5346,.T.);
#5348=ORIENTED_EDGE('',*,*,#4849,.F.);
#5349=EDGE_LOOP('',(#5347,#5348));
#5350=FACE_BOUND('',#5349,.T.);
#5351=ADVANCED_FACE('',(#5340,#5350),#5320,.T.);
#5352=CARTESIAN_POINT('',(3.9000000000001,6.8702256149271,5.0000000000138));
#5353=DIRECTION('',(-0.4936704078735,-0.86964908347564,-2.0724163126336E-15));
#5354=DIRECTION('',(2.5376526277066E-15,1.0150610510826E-15,-1.));
#5355=AXIS2_PLACEMENT_3D('',#5352,#5354,#5353);
#5356=CYLINDRICAL_SURFACE('',#5355,3.);
#5357=ORIENTED_EDGE('',*,*,#5331,.F.);
#5358=ORIENTED_EDGE('',*,*,#4986,.F.);
#5359=CARTESIAN_POINT('',(0.90000000001457,6.8702256149271,1.5000000000053));
#5360=VERTEX_POINT('',#5359);
#5361=CARTESIAN_POINT('',(3.9,6.8702256149271,1.5));
#5362=DIRECTION('',(-0.4936708860766,-0.86964881201572,-7.4014868307934E-17));
#5363=DIRECTION('',(5.8874903449826E-17,3.4278294047204E-17,-1.));
#5364=AXIS2_PLACEMENT_3D('',#5361,#5363,#5362);
#5365=CIRCLE('',#5364,3.0000000000166);
#5366=EDGE_CURVE('',#4972,#5360,#5365,.T.);
#5367=ORIENTED_EDGE('',*,*,#5366,.T.);
#5368=CARTESIAN_POINT('',(0.90000000001457,6.8702256149271,1.5000000000053));
#5369=DIRECTION('',(-4.1628605324665E-12,0.,1.));
#5370=VECTOR('',#5369,3.5000000000085);
#5371=LINE('',#5368,#5370);
#5372=EDGE_CURVE('',#5360,#5325,#5371,.T.);
#5373=ORIENTED_EDGE('',*,*,#5372,.T.);
#5374=EDGE_LOOP('',(#5357,#5358,#5367,#5373));
#5375=FACE_OUTER_BOUND('',#5374,.T.);
#5376=ADVANCED_FACE('',(#5375),#5356,.F.);
#5377=CARTESIAN_POINT('',(0.,-2.168404344971E-16,-3.3999999999992));
#5378=DIRECTION('',(-0.9668631785357,0.25529511157061,0.));
#5379=DIRECTION('',(-0.,-0.,1.));
#5380=AXIS2_PLACEMENT_3D('',#5377,#5379,#5378);
#5381=CONICAL_SURFACE('',#5380,0.,0.78539816339745);
#5382=CARTESIAN_POINT('',(2.1721518987298,3.8264547728761,0.99999999999218));
#5383=VERTEX_POINT('',#5382);
#5384=CARTESIAN_POINT('',(2.1721518987298,3.8264547728761,0.99999999999218));
#5385=DIRECTION('',(0.34907803121908,0.61493457221613,0.70710678119615));
#5386=VECTOR('',#5385,0.70710678116919);
#5387=LINE('',#5384,#5386);
#5388=EDGE_CURVE('',#5383,#4972,#5387,.T.);
#5389=ORIENTED_EDGE('',*,*,#5388,.T.);
#5390=ORIENTED_EDGE('',*,*,#4978,.F.);
#5391=CARTESIAN_POINT('',(-4.0966508745396E-16,-4.3999999999755,0.99999999997635));
#5392=VERTEX_POINT('',#5391);
#5393=CARTESIAN_POINT('',(1.5001923289464E-16,-4.9000000000258,1.5000000000071));
#5394=DIRECTION('',(-7.9151315642041E-16,0.70710678120037,-0.70710678117272));
#5395=VECTOR('',#5394,0.70710678124386);
#5396=LINE('',#5393,#5395);
#5397=EDGE_CURVE('',#4970,#5392,#5396,.T.);
#5398=ORIENTED_EDGE('',*,*,#5397,.T.);
#5399=CARTESIAN_POINT('',(4.4408920985006E-16,-1.3322676295502E-15,0.99999999997635));
#5400=DIRECTION('',(-1.9403506757018E-16,-1.,1.0092936587558E-16));
#5401=DIRECTION('',(-2.2822956559118E-17,9.7396110039031E-17,1.));
#5402=AXIS2_PLACEMENT_3D('',#5399,#5401,#5400);
#5403=CIRCLE('',#5402,4.3999999999755);
#5404=EDGE_CURVE('',#5392,#5383,#5403,.T.);
#5405=ORIENTED_EDGE('',*,*,#5404,.T.);
#5406=EDGE_LOOP('',(#5389,#5390,#5398,#5405));
#5407=FACE_OUTER_BOUND('',#5406,.T.);
#5408=ADVANCED_FACE('',(#5407),#5381,.T.);
#5409=CARTESIAN_POINT('',(-1.0842021723622E-16,3.9443045261051E-31,-3.399999999499));
#5410=DIRECTION('',(0.70710678118648,0.70710678118661,2.7904746508735E-17));
#5411=DIRECTION('',(3.8587875353063E-17,-7.8051146320288E-17,1.));
#5412=AXIS2_PLACEMENT_3D('',#5409,#5411,#5410);
#5413=CONICAL_SURFACE('',#5412,0.,0.78539816345429);
#5414=ORIENTED_EDGE('',*,*,#5001,.F.);
#5415=ORIENTED_EDGE('',*,*,#5025,.F.);
#5416=CARTESIAN_POINT('',(1.7763568394003E-15,1.7763568394003E-15,0.99999999997635));
#5417=DIRECTION('',(-1.,-4.037174635017E-16,5.046468293771E-17));
#5418=DIRECTION('',(4.3074301226697E-17,1.7841959757842E-17,1.));
#5419=AXIS2_PLACEMENT_3D('',#5416,#5418,#5417);
#5420=CIRCLE('',#5419,4.3999999999823);
#5421=EDGE_CURVE('',#5014,#5392,#5420,.T.);
#5422=ORIENTED_EDGE('',*,*,#5421,.T.);
#5423=ORIENTED_EDGE('',*,*,#5397,.F.);
#5424=EDGE_LOOP('',(#5414,#5415,#5422,#5423));
#5425=FACE_OUTER_BOUND('',#5424,.T.);
#5426=ADVANCED_FACE('',(#5425),#5413,.T.);
#5427=CARTESIAN_POINT('',(0.,-7.105427357601E-15,1.));
#5428=DIRECTION('',(-1.,0.,0.));
#5429=DIRECTION('',(0.,0.,-1.));
#5430=AXIS2_PLACEMENT_3D('',#5427,#5429,#5428);
#5431=PLANE('',#5430);
#5432=ORIENTED_EDGE('',*,*,#5404,.F.);
#5433=ORIENTED_EDGE('',*,*,#5421,.F.);
#5434=ORIENTED_EDGE('',*,*,#5019,.F.);
#5435=CARTESIAN_POINT('',(-2.9,23.999999999988,0.99999999998818));
#5436=VERTEX_POINT('',#5435);
#5437=CARTESIAN_POINT('',(-2.9,22.5,0.99999999997635));
#5438=DIRECTION('',(-1.,0.,-7.4014868308107E-17));
#5439=DIRECTION('',(7.6644905676191E-18,-8.1679358875726E-17,-1.));
#5440=AXIS2_PLACEMENT_3D('',#5437,#5439,#5438);
#5441=CIRCLE('',#5440,1.5000000000048);
#5442=EDGE_CURVE('',#5012,#5436,#5441,.T.);
#5443=ORIENTED_EDGE('',*,*,#5442,.T.);
#5444=CARTESIAN_POINT('',(-1.1,23.999999999997,0.99999999996805));
#5445=VERTEX_POINT('',#5444);
#5446=CARTESIAN_POINT('',(-2.9,23.999999999988,0.99999999998818));
#5447=DIRECTION('',(1.,5.0014313678225E-12,-1.1183338206106E-11));
#5448=VECTOR('',#5447,1.8);
#5449=LINE('',#5446,#5448);
#5450=EDGE_CURVE('',#5436,#5445,#5449,.T.);
#5451=ORIENTED_EDGE('',*,*,#5450,.T.);
#5452=CARTESIAN_POINT('',(0.39999999999128,22.5,0.99999999998921));
#5453=VERTEX_POINT('',#5452);
#5454=CARTESIAN_POINT('',(-1.1,22.5,0.99999999997635));
#5455=DIRECTION('',(-2.9605947323397E-16,1.,0.));
#5456=DIRECTION('',(0.,-0.,-1.));
#5457=AXIS2_PLACEMENT_3D('',#5454,#5456,#5455);
#5458=CIRCLE('',#5457,1.499999999997);
#5459=EDGE_CURVE('',#5445,#5453,#5458,.T.);
#5460=ORIENTED_EDGE('',*,*,#5459,.T.);
#5461=CARTESIAN_POINT('',(0.40000000003256,6.8702256149271,0.99999999999648));
#5462=VERTEX_POINT('',#5461);
#5463=CARTESIAN_POINT('',(0.39999999999128,22.5,0.99999999998921));
#5464=DIRECTION('',(2.6411116640384E-12,-1.,4.6514257039412E-13));
#5465=VECTOR('',#5464,15.629774385073);
#5466=LINE('',#5463,#5465);
#5467=EDGE_CURVE('',#5453,#5462,#5466,.T.);
#5468=ORIENTED_EDGE('',*,*,#5467,.T.);
#5469=CARTESIAN_POINT('',(3.9,6.8702256149271,1.0000000000332));
#5470=DIRECTION('',(-1.,5.0753052554765E-16,6.3441315693456E-17));
#5471=DIRECTION('',(7.569630443679E-17,4.4072092347106E-17,1.));
#5472=AXIS2_PLACEMENT_3D('',#5469,#5471,#5470);
#5473=CIRCLE('',#5472,3.4999999999674);
#5474=EDGE_CURVE('',#5462,#5383,#5473,.T.);
#5475=ORIENTED_EDGE('',*,*,#5474,.T.);
#5476=EDGE_LOOP('',(#5432,#5433,#5434,#5443,#5451,#5460,#5468,#5475));
#5477=FACE_OUTER_BOUND('',#5476,.T.);
#5478=CARTESIAN_POINT('',(2.2204460492503E-16,0.,1.));
#5479=DIRECTION('',(1.,0.,0.));
#5480=DIRECTION('',(0.,0.,1.));
#5481=AXIS2_PLACEMENT_3D('',#5478,#5480,#5479);
#5482=CIRCLE('',#5481,1.5);
#5483=EDGE_CURVE('',#4824,#4826,#5482,.T.);
#5484=ORIENTED_EDGE('',*,*,#5483,.T.);
#5485=ORIENTED_EDGE('',*,*,#4832,.F.);
#5486=EDGE_LOOP('',(#5484,#5485));
#5487=FACE_BOUND('',#5486,.T.);
#5488=ADVANCED_FACE('',(#5477,#5487),#5431,.T.);
#5489=CARTESIAN_POINT('',(-1.4876988529977E-14,32.,3.));
#5490=DIRECTION('',(0.99999999999966,8.2763873384312E-07,1.1842378929335E-15));
#5491=DIRECTION('',(0.,-5.6843418860808E-15,1.));
#5492=AXIS2_PLACEMENT_3D('',#5489,#5491,#5490);
#5493=CYLINDRICAL_SURFACE('',#5492,1.5);
#5494=ORIENTED_EDGE('',*,*,#4756,.F.);
#5495=ORIENTED_EDGE('',*,*,#5099,.F.);
#5496=ORIENTED_EDGE('',*,*,#4771,.F.);
#5497=ORIENTED_EDGE('',*,*,#5180,.F.);
#5498=EDGE_LOOP('',(#5494,#5495,#5496,#5497));
#5499=FACE_OUTER_BOUND('',#5498,.T.);
#5500=ADVANCED_FACE('',(#5499),#5493,.F.);
#5501=CARTESIAN_POINT('',(0.9,24.5,-5.1351446600712));
#5502=DIRECTION('',(0.,0.,-1.));
#5503=DIRECTION('',(0.,1.,0.));
#5504=AXIS2_PLACEMENT_3D('',#5501,#5503,#5502);
#5505=PLANE('',#5504);
#5506=CARTESIAN_POINT('',(-1.1,24.499999999983,1.4999999999769));
#5507=VERTEX_POINT('',#5506);
#5508=CARTESIAN_POINT('',(-2.9,24.5,1.5));
#5509=VERTEX_POINT('',#5508);
#5510=CARTESIAN_POINT('',(-1.1,24.499999999983,1.4999999999769));
#5511=DIRECTION('',(-1.,9.4442971961447E-12,1.283331465787E-11));
#5512=VECTOR('',#5511,1.8);
#5513=LINE('',#5510,#5512);
#5514=EDGE_CURVE('',#5507,#5509,#5513,.T.);
#5515=ORIENTED_EDGE('',*,*,#5514,.T.);
#5516=CARTESIAN_POINT('',(-2.9,24.5,1.5));
#5517=DIRECTION('',(0.,0.,1.));
#5518=VECTOR('',#5517,1.5);
#5519=LINE('',#5516,#5518);
#5520=EDGE_CURVE('',#5509,#5054,#5519,.T.);
#5521=ORIENTED_EDGE('',*,*,#5520,.T.);
#5522=ORIENTED_EDGE('',*,*,#5059,.F.);
#5523=CARTESIAN_POINT('',(-1.1,24.5,3.));
#5524=DIRECTION('',(0.,-1.1333156635199E-11,-1.));
#5525=VECTOR('',#5524,1.5000000000231);
#5526=LINE('',#5523,#5525);
#5527=EDGE_CURVE('',#5045,#5507,#5526,.T.);
#5528=ORIENTED_EDGE('',*,*,#5527,.T.);
#5529=EDGE_LOOP('',(#5515,#5521,#5522,#5528));
#5530=FACE_OUTER_BOUND('',#5529,.T.);
#5531=ADVANCED_FACE('',(#5530),#5505,.T.);
#5532=CARTESIAN_POINT('',(-1.1,22.5,3.));
#5533=DIRECTION('',(1.,1.0125233984581E-12,0.));
#5534=DIRECTION('',(1.4802973661669E-16,2.368475785867E-15,-1.));
#5535=AXIS2_PLACEMENT_3D('',#5532,#5534,#5533);
#5536=CYLINDRICAL_SURFACE('',#5535,2.);
#5537=ORIENTED_EDGE('',*,*,#5527,.F.);
#5538=ORIENTED_EDGE('',*,*,#5051,.F.);
#5539=CARTESIAN_POINT('',(0.9,22.5,1.5));
#5540=VERTEX_POINT('',#5539);
#5541=CARTESIAN_POINT('',(0.9,22.5,3.));
#5542=DIRECTION('',(0.,0.,-1.));
#5543=VECTOR('',#5542,1.5);
#5544=LINE('',#5541,#5543);
#5545=EDGE_CURVE('',#5043,#5540,#5544,.T.);
#5546=ORIENTED_EDGE('',*,*,#5545,.T.);
#5547=CARTESIAN_POINT('',(-1.1,22.5,1.5));
#5548=DIRECTION('',(1.,0.,0.));
#5549=DIRECTION('',(-6.7007887082723E-17,-6.7007887082723E-17,1.));
#5550=AXIS2_PLACEMENT_3D('',#5547,#5549,#5548);
#5551=CIRCLE('',#5550,2.);
#5552=EDGE_CURVE('',#5540,#5507,#5551,.T.);
#5553=ORIENTED_EDGE('',*,*,#5552,.T.);
#5554=EDGE_LOOP('',(#5537,#5538,#5546,#5553));
#5555=FACE_OUTER_BOUND('',#5554,.T.);
#5556=ADVANCED_FACE('',(#5555),#5536,.T.);
#5557=CARTESIAN_POINT('',(0.9,29.629774385073,22.));
#5558=DIRECTION('',(1.268293977696E-16,1.,0.));
#5559=DIRECTION('',(1.,-1.268293977696E-16,0.));
#5560=AXIS2_PLACEMENT_3D('',#5557,#5559,#5558);
#5561=PLANE('',#5560);
#5562=ORIENTED_EDGE('',*,*,#5277,.F.);
#5563=ORIENTED_EDGE('',*,*,#5311,.F.);
#5564=ORIENTED_EDGE('',*,*,#5337,.F.);
#5565=ORIENTED_EDGE('',*,*,#5372,.F.);
#5566=CARTESIAN_POINT('',(0.90000000001457,6.8702256149271,1.5000000000053));
#5567=DIRECTION('',(-9.3219591688945E-13,1.,-3.3909527702571E-13));
#5568=VECTOR('',#5567,15.629774385073);
#5569=LINE('',#5566,#5568);
#5570=EDGE_CURVE('',#5360,#5540,#5569,.T.);
#5571=ORIENTED_EDGE('',*,*,#5570,.T.);
#5572=ORIENTED_EDGE('',*,*,#5545,.F.);
#5573=ORIENTED_EDGE('',*,*,#5090,.F.);
#5574=CARTESIAN_POINT('',(0.9,25.129774385073,3.));
#5575=DIRECTION('',(0.,0.,1.));
#5576=VECTOR('',#5575,10.);
#5577=LINE('',#5574,#5576);
#5578=EDGE_CURVE('',#5078,#5148,#5577,.T.);
#5579=ORIENTED_EDGE('',*,*,#5578,.T.);
#5580=ORIENTED_EDGE('',*,*,#5153,.F.);
#5581=CARTESIAN_POINT('',(0.9,22.5,14.5));
#5582=VERTEX_POINT('',#5581);
#5583=CARTESIAN_POINT('',(0.9,22.5,13.));
#5584=DIRECTION('',(0.,0.,1.));
#5585=VECTOR('',#5584,1.5);
#5586=LINE('',#5583,#5585);
#5587=EDGE_CURVE('',#5139,#5582,#5586,.T.);
#5588=ORIENTED_EDGE('',*,*,#5587,.T.);
#5589=CARTESIAN_POINT('',(0.9,6.8702256149271,14.500000000007));
#5590=VERTEX_POINT('',#5589);
#5591=CARTESIAN_POINT('',(0.9,22.5,14.5));
#5592=DIRECTION('',(0.,-1.,4.4790296594187E-13));
#5593=VECTOR('',#5592,15.629774385073);
#5594=LINE('',#5591,#5593);
#5595=EDGE_CURVE('',#5582,#5590,#5594,.T.);
#5596=ORIENTED_EDGE('',*,*,#5595,.T.);
#5597=CARTESIAN_POINT('',(0.9,6.8702256149271,14.500000000007));
#5598=DIRECTION('',(0.,0.,-1.));
#5599=VECTOR('',#5598,3.499999999993);
#5600=LINE('',#5597,#5599);
#5601=EDGE_CURVE('',#5590,#5255,#5600,.T.);
#5602=ORIENTED_EDGE('',*,*,#5601,.T.);
#5603=EDGE_LOOP('',(#5562,#5563,#5564,#5565,#5571,#5572,#5573,#5579,#5580,#5588,#5596,#5602));
#5604=FACE_OUTER_BOUND('',#5603,.T.);
#5605=ADVANCED_FACE('',(#5604),#5561,.T.);
#5606=CARTESIAN_POINT('',(3.9000000000001,25.129774385073,3.));
#5607=DIRECTION('',(-0.49367088362867,0.86964881340532,7.4014868308342E-16));
#5608=DIRECTION('',(1.3322676295502E-15,0.,1.));
#5609=AXIS2_PLACEMENT_3D('',#5606,#5608,#5607);
#5610=CYLINDRICAL_SURFACE('',#5609,3.0000000000001);
#5611=ORIENTED_EDGE('',*,*,#5578,.F.);
#5612=ORIENTED_EDGE('',*,*,#5084,.F.);
#5613=ORIENTED_EDGE('',*,*,#4729,.F.);
#5614=ORIENTED_EDGE('',*,*,#5160,.F.);
#5615=EDGE_LOOP('',(#5611,#5612,#5613,#5614));
#5616=FACE_OUTER_BOUND('',#5615,.T.);
#5617=ADVANCED_FACE('',(#5616),#5610,.F.);
#5618=CARTESIAN_POINT('',(-2.9,22.5,3.));
#5619=DIRECTION('',(-1.0147438445074E-12,1.,2.2204460492503E-16));
#5620=DIRECTION('',(0.,0.,-1.));
#5621=AXIS2_PLACEMENT_3D('',#5618,#5620,#5619);
#5622=CYLINDRICAL_SURFACE('',#5621,2.);
#5623=ORIENTED_EDGE('',*,*,#4959,.F.);
#5624=ORIENTED_EDGE('',*,*,#5066,.F.);
#5625=ORIENTED_EDGE('',*,*,#5520,.F.);
#5626=CARTESIAN_POINT('',(-2.9,22.5,1.5));
#5627=DIRECTION('',(2.2204460492503E-16,1.,0.));
#5628=DIRECTION('',(6.7007887082723E-17,-6.7007887082723E-17,1.));
#5629=AXIS2_PLACEMENT_3D('',#5626,#5628,#5627);
#5630=CIRCLE('',#5629,2.);
#5631=EDGE_CURVE('',#5509,#4866,#5630,.T.);
#5632=ORIENTED_EDGE('',*,*,#5631,.T.);
#5633=EDGE_LOOP('',(#5623,#5624,#5625,#5632));
#5634=FACE_OUTER_BOUND('',#5633,.T.);
#5635=ADVANCED_FACE('',(#5634),#5622,.T.);
#5636=CARTESIAN_POINT('',(-1.1,22.5,13.));
#5637=DIRECTION('',(1.0076384171498E-12,1.,0.));
#5638=DIRECTION('',(0.,0.,1.));
#5639=AXIS2_PLACEMENT_3D('',#5636,#5638,#5637);
#5640=CYLINDRICAL_SURFACE('',#5639,2.);
#5641=ORIENTED_EDGE('',*,*,#5587,.F.);
#5642=ORIENTED_EDGE('',*,*,#5145,.F.);
#5643=CARTESIAN_POINT('',(-1.1,24.499999999997,14.5));
#5644=VERTEX_POINT('',#5643);
#5645=CARTESIAN_POINT('',(-1.1,24.5,13.));
#5646=DIRECTION('',(0.,-1.9989935632717E-12,1.));
#5647=VECTOR('',#5646,1.5);
#5648=LINE('',#5645,#5647);
#5649=EDGE_CURVE('',#5131,#5644,#5648,.T.);
#5650=ORIENTED_EDGE('',*,*,#5649,.T.);
#5651=CARTESIAN_POINT('',(-1.1,22.5,14.5));
#5652=DIRECTION('',(3.3306690738805E-16,1.,2.6645352591044E-15));
#5653=DIRECTION('',(1.164100080137E-15,2.0522784998385E-15,-1.));
#5654=AXIS2_PLACEMENT_3D('',#5651,#5653,#5652);
#5655=CIRCLE('',#5654,1.999999999997);
#5656=EDGE_CURVE('',#5644,#5582,#5655,.T.);
#5657=ORIENTED_EDGE('',*,*,#5656,.T.);
#5658=EDGE_LOOP('',(#5641,#5642,#5650,#5657));
#5659=FACE_OUTER_BOUND('',#5658,.T.);
#5660=ADVANCED_FACE('',(#5659),#5640,.T.);
#5661=CARTESIAN_POINT('',(-4.9,24.5,21.135144660071));
#5662=DIRECTION('',(0.,0.,-1.));
#5663=DIRECTION('',(0.,1.,0.));
#5664=AXIS2_PLACEMENT_3D('',#5661,#5663,#5662);
#5665=PLANE('',#5664);
#5666=CARTESIAN_POINT('',(-2.9,24.5,14.5));
#5667=VERTEX_POINT('',#5666);
#5668=CARTESIAN_POINT('',(-2.9,24.5,14.5));
#5669=DIRECTION('',(1.,-1.6658279693931E-12,0.));
#5670=VECTOR('',#5669,1.8);
#5671=LINE('',#5668,#5670);
#5672=EDGE_CURVE('',#5667,#5644,#5671,.T.);
#5673=ORIENTED_EDGE('',*,*,#5672,.T.);
#5674=ORIENTED_EDGE('',*,*,#5649,.F.);
#5675=ORIENTED_EDGE('',*,*,#5136,.F.);
#5676=CARTESIAN_POINT('',(-2.9,24.5,13.));
#5677=DIRECTION('',(0.,0.,1.));
#5678=VECTOR('',#5677,1.5);
#5679=LINE('',#5676,#5678);
#5680=EDGE_CURVE('',#5129,#5667,#5679,.T.);
#5681=ORIENTED_EDGE('',*,*,#5680,.T.);
#5682=EDGE_LOOP('',(#5673,#5674,#5675,#5681));
#5683=FACE_OUTER_BOUND('',#5682,.T.);
#5684=ADVANCED_FACE('',(#5683),#5665,.T.);
#5685=CARTESIAN_POINT('',(-2.9,22.5,13.));
#5686=DIRECTION('',(-1.,1.0142997552975E-12,-8.8817841970012E-16));
#5687=DIRECTION('',(0.,0.,1.));
#5688=AXIS2_PLACEMENT_3D('',#5685,#5687,#5686);
#5689=CYLINDRICAL_SURFACE('',#5688,2.);
#5690=ORIENTED_EDGE('',*,*,#5680,.F.);
#5691=ORIENTED_EDGE('',*,*,#5170,.F.);
#5692=ORIENTED_EDGE('',*,*,#4929,.F.);
#5693=CARTESIAN_POINT('',(-2.9,22.5,14.5));
#5694=DIRECTION('',(-1.,-3.5527136788167E-15,8.8817841970417E-16));
#5695=DIRECTION('',(-1.0721261933284E-15,1.0721261933284E-15,-1.));
#5696=AXIS2_PLACEMENT_3D('',#5693,#5695,#5694);
#5697=CIRCLE('',#5696,1.9999999999909);
#5698=EDGE_CURVE('',#4916,#5667,#5697,.T.);
#5699=ORIENTED_EDGE('',*,*,#5698,.T.);
#5700=EDGE_LOOP('',(#5690,#5691,#5692,#5699));
#5701=FACE_OUTER_BOUND('',#5700,.T.);
#5702=ADVANCED_FACE('',(#5701),#5689,.T.);
#5703=CARTESIAN_POINT('',(0.,0.,15.));
#5704=DIRECTION('',(1.,0.,0.));
#5705=DIRECTION('',(0.,0.,1.));
#5706=AXIS2_PLACEMENT_3D('',#5703,#5705,#5704);
#5707=PLANE('',#5706);
#5708=CARTESIAN_POINT('',(2.1721518987285,3.8264547728351,14.999999999986));
#5709=VERTEX_POINT('',#5708);
#5710=CARTESIAN_POINT('',(1.7763568394003E-15,-2.2204460492503E-16,14.999999999986));
#5711=DIRECTION('',(-1.,5.0464682935679E-17,-1.2111523904935E-15));
#5712=DIRECTION('',(1.700847274816E-16,9.0950125308861E-17,1.));
#5713=AXIS2_PLACEMENT_3D('',#5710,#5712,#5711);
#5714=CIRCLE('',#5713,4.4000000000243);
#5715=EDGE_CURVE('',#5200,#5709,#5714,.T.);
#5716=ORIENTED_EDGE('',*,*,#5715,.T.);
#5717=CARTESIAN_POINT('',(0.40000000002443,6.8702256149271,14.999999999986));
#5718=VERTEX_POINT('',#5717);
#5719=CARTESIAN_POINT('',(3.9,6.8702256149271,14.999999999986));
#5720=DIRECTION('',(-0.4936708860728,-0.86964881201787,1.015061051076E-15));
#5721=DIRECTION('',(-8.0742724730099E-16,-4.7010231835766E-16,-1.));
#5722=AXIS2_PLACEMENT_3D('',#5719,#5721,#5720);
#5723=CIRCLE('',#5722,3.5000000000339);
#5724=EDGE_CURVE('',#5709,#5718,#5723,.T.);
#5725=ORIENTED_EDGE('',*,*,#5724,.T.);
#5726=CARTESIAN_POINT('',(0.4000000000444,22.5,14.999999999964));
#5727=VERTEX_POINT('',#5726);
#5728=CARTESIAN_POINT('',(0.40000000002443,6.8702256149271,14.999999999986));
#5729=DIRECTION('',(1.2776912283657E-12,1.,-1.4075813837072E-12));
#5730=VECTOR('',#5729,15.629774385073);
#5731=LINE('',#5728,#5730);
#5732=EDGE_CURVE('',#5718,#5727,#5731,.T.);
#5733=ORIENTED_EDGE('',*,*,#5732,.T.);
#5734=CARTESIAN_POINT('',(-1.1,24.000000000039,14.999999999965));
#5735=VERTEX_POINT('',#5734);
#5736=CARTESIAN_POINT('',(-1.1,22.5,14.999999999938));
#5737=DIRECTION('',(1.,0.,-1.1842378928984E-15));
#5738=DIRECTION('',(0.,0.,1.));
#5739=AXIS2_PLACEMENT_3D('',#5736,#5738,#5737);
#5740=CIRCLE('',#5739,1.5000000000444);
#5741=EDGE_CURVE('',#5727,#5735,#5740,.T.);
#5742=ORIENTED_EDGE('',*,*,#5741,.T.);
#5743=CARTESIAN_POINT('',(-2.9,23.999999999973,15.000000000027));
#5744=VERTEX_POINT('',#5743);
#5745=CARTESIAN_POINT('',(-1.1,24.000000000039,14.999999999965));
#5746=DIRECTION('',(-1.,-3.6667952624864E-11,3.4444545980882E-11));
#5747=VECTOR('',#5746,1.8);
#5748=LINE('',#5745,#5747);
#5749=EDGE_CURVE('',#5735,#5744,#5748,.T.);
#5750=ORIENTED_EDGE('',*,*,#5749,.T.);
#5751=CARTESIAN_POINT('',(-2.9,22.5,15.000000000054));
#5752=DIRECTION('',(5.9211894647741E-16,1.,2.3684757859096E-15));
#5753=DIRECTION('',(1.4295015911238E-15,-1.4295015911238E-15,1.));
#5754=AXIS2_PLACEMENT_3D('',#5751,#5753,#5752);
#5755=CIRCLE('',#5754,1.499999999973);
#5756=EDGE_CURVE('',#5744,#5191,#5755,.T.);
#5757=ORIENTED_EDGE('',*,*,#5756,.T.);
#5758=ORIENTED_EDGE('',*,*,#5211,.F.);
#5759=EDGE_LOOP('',(#5716,#5725,#5733,#5742,#5750,#5757,#5758));
#5760=FACE_OUTER_BOUND('',#5759,.T.);
#5761=ORIENTED_EDGE('',*,*,#4807,.F.);
#5762=CARTESIAN_POINT('',(-2.2204460492503E-16,2.2204460492503E-16,15.));
#5763=DIRECTION('',(-1.,-2.5565056701954E-17,0.));
#5764=DIRECTION('',(0.,0.,-1.));
#5765=AXIS2_PLACEMENT_3D('',#5762,#5764,#5763);
#5766=CIRCLE('',#5765,1.5);
#5767=EDGE_CURVE('',#4793,#4801,#5766,.T.);
#5768=ORIENTED_EDGE('',*,*,#5767,.T.);
#5769=EDGE_LOOP('',(#5761,#5768));
#5770=FACE_BOUND('',#5769,.T.);
#5771=ADVANCED_FACE('',(#5760,#5770),#5707,.T.);
#5772=CARTESIAN_POINT('',(-1.9721522630525E-31,-1.9721522630525E-31,19.399999999962));
#5773=DIRECTION('',(-1.,-3.456570521441E-17,-4.6786527491212E-17));
#5774=DIRECTION('',(4.6786527491212E-17,3.456570521441E-17,-1.));
#5775=AXIS2_PLACEMENT_3D('',#5772,#5774,#5773);
#5776=CONICAL_SURFACE('',#5775,0.,0.78539816339745);
#5777=CARTESIAN_POINT('',(2.4189873417579,4.2612791788496,14.500000000033));
#5778=DIRECTION('',(-0.34907803122247,-0.61493457226458,0.70710678115234));
#5779=VECTOR('',#5778,0.70710678115429);
#5780=LINE('',#5777,#5779);
#5781=EDGE_CURVE('',#5222,#5709,#5780,.T.);
#5782=ORIENTED_EDGE('',*,*,#5781,.T.);
#5783=ORIENTED_EDGE('',*,*,#5715,.F.);
#5784=ORIENTED_EDGE('',*,*,#5205,.F.);
#5785=ORIENTED_EDGE('',*,*,#5228,.F.);
#5786=EDGE_LOOP('',(#5782,#5783,#5784,#5785));
#5787=FACE_OUTER_BOUND('',#5786,.T.);
#5788=ADVANCED_FACE('',(#5787),#5776,.T.);
#5789=CARTESIAN_POINT('',(3.9,6.8702256149271,14.500000000033));
#5790=DIRECTION('',(-0.49367070348558,-0.86964891566657,-2.368475785867E-15));
#5791=DIRECTION('',(2.2838873649308E-15,1.5225915766205E-15,-1.));
#5792=AXIS2_PLACEMENT_3D('',#5789,#5791,#5790);
#5793=CYLINDRICAL_SURFACE('',#5792,3.);
#5794=ORIENTED_EDGE('',*,*,#5261,.F.);
#5795=ORIENTED_EDGE('',*,*,#5601,.F.);
#5796=CARTESIAN_POINT('',(3.9,6.8702256149271,14.500000000028));
#5797=DIRECTION('',(-1.,-2.9605947323337E-16,5.9211894646675E-16));
#5798=DIRECTION('',(2.3549961379989E-16,1.3711317618938E-16,1.));
#5799=AXIS2_PLACEMENT_3D('',#5796,#5798,#5797);
#5800=CIRCLE('',#5799,3.);
#5801=EDGE_CURVE('',#5590,#5222,#5800,.T.);
#5802=ORIENTED_EDGE('',*,*,#5801,.T.);
#5803=ORIENTED_EDGE('',*,*,#5244,.F.);
#5804=EDGE_LOOP('',(#5794,#5795,#5802,#5803));
#5805=FACE_OUTER_BOUND('',#5804,.T.);
#5806=ADVANCED_FACE('',(#5805),#5793,.F.);
#5807=CARTESIAN_POINT('',(1.9984014443253E-15,-9.1149310321725E-14,11.000000000014));
#5808=DIRECTION('',(0.99999999999979,6.4617371185619E-07,0.));
#5809=DIRECTION('',(0.,-2.3684741623955E-15,1.));
#5810=AXIS2_PLACEMENT_3D('',#5807,#5809,#5808);
#5811=CYLINDRICAL_SURFACE('',#5810,1.5);
#5812=ORIENTED_EDGE('',*,*,#4798,.F.);
#5813=ORIENTED_EDGE('',*,*,#5287,.F.);
#5814=ORIENTED_EDGE('',*,*,#4813,.F.);
#5815=ORIENTED_EDGE('',*,*,#5767,.F.);
#5816=EDGE_LOOP('',(#5812,#5813,#5814,#5815));
#5817=FACE_OUTER_BOUND('',#5816,.T.);
#5818=ADVANCED_FACE('',(#5817),#5811,.F.);
#5819=CARTESIAN_POINT('',(-4.4408920985006E-16,-3.219646771413E-15,1.));
#5820=DIRECTION('',(0.99999999999979,6.4617365063479E-07,8.1416355139178E-16));
#5821=DIRECTION('',(0.,-5.9211901705079E-16,1.));
#5822=AXIS2_PLACEMENT_3D('',#5819,#5821,#5820);
#5823=CYLINDRICAL_SURFACE('',#5822,1.5);
#5824=ORIENTED_EDGE('',*,*,#4840,.F.);
#5825=ORIENTED_EDGE('',*,*,#5483,.F.);
#5826=ORIENTED_EDGE('',*,*,#4855,.F.);
#5827=ORIENTED_EDGE('',*,*,#5346,.F.);
#5828=EDGE_LOOP('',(#5824,#5825,#5826,#5827));
#5829=FACE_OUTER_BOUND('',#5828,.T.);
#5830=ADVANCED_FACE('',(#5829),#5823,.F.);
#5831=CARTESIAN_POINT('',(3.9,6.8702256149271,4.4999999999631));
#5832=DIRECTION('',(0.86419641461757,0.50315460542674,-5.5852233233819E-17));
#5833=DIRECTION('',(1.1695597699865E-16,-3.1188260532974E-16,-1.));
#5834=AXIS2_PLACEMENT_3D('',#5831,#5833,#5832);
#5835=CONICAL_SURFACE('',#5834,0.,0.78539816339745);
#5836=CARTESIAN_POINT('',(0.40000000003256,6.8702256149271,0.99999999999648));
#5837=DIRECTION('',(0.70710678116759,0.,0.7071067812055));
#5838=VECTOR('',#5837,0.70710678118006);
#5839=LINE('',#5836,#5838);
#5840=EDGE_CURVE('',#5462,#5360,#5839,.T.);
#5841=ORIENTED_EDGE('',*,*,#5840,.T.);
#5842=ORIENTED_EDGE('',*,*,#5366,.F.);
#5843=ORIENTED_EDGE('',*,*,#5388,.F.);
#5844=ORIENTED_EDGE('',*,*,#5474,.F.);
#5845=EDGE_LOOP('',(#5841,#5842,#5843,#5844));
#5846=FACE_OUTER_BOUND('',#5845,.T.);
#5847=ADVANCED_FACE('',(#5846),#5835,.F.);
#5848=CARTESIAN_POINT('',(0.39999999999999,7.105427357601E-15,1.));
#5849=DIRECTION('',(0.70710678118655,0.,0.70710678118655));
#5850=DIRECTION('',(0.70710678118655,-9.0716453168396E-17,-0.70710678118655));
#5851=AXIS2_PLACEMENT_3D('',#5848,#5850,#5849);
#5852=PLANE('',#5851);
#5853=ORIENTED_EDGE('',*,*,#5570,.F.);
#5854=ORIENTED_EDGE('',*,*,#5840,.F.);
#5855=ORIENTED_EDGE('',*,*,#5467,.F.);
#5856=CARTESIAN_POINT('',(0.39999999999128,22.5,0.99999999998921));
#5857=DIRECTION('',(0.70710678118508,0.,0.70710678118801));
#5858=VECTOR('',#5857,0.70710678120034);
#5859=LINE('',#5856,#5858);
#5860=EDGE_CURVE('',#5453,#5540,#5859,.T.);
#5861=ORIENTED_EDGE('',*,*,#5860,.T.);
#5862=EDGE_LOOP('',(#5853,#5854,#5855,#5861));
#5863=FACE_OUTER_BOUND('',#5862,.T.);
#5864=ADVANCED_FACE('',(#5863),#5852,.T.);
#5865=CARTESIAN_POINT('',(-1.1,22.5,-0.50000000003693));
#5866=DIRECTION('',(-0.70710678118685,-0.70710678118625,1.9506947375571E-16));
#5867=DIRECTION('',(2.7586989539019E-16,-0.,1.));
#5868=AXIS2_PLACEMENT_3D('',#5865,#5867,#5866);
#5869=CONICAL_SURFACE('',#5868,0.,0.78539816339745);
#5870=CARTESIAN_POINT('',(-1.1,23.999999999997,0.99999999996805));
#5871=DIRECTION('',(0.,0.70710678117039,0.70710678120271));
#5872=VECTOR('',#5871,0.70710678118291);
#5873=LINE('',#5870,#5872);
#5874=EDGE_CURVE('',#5445,#5507,#5873,.T.);
#5875=ORIENTED_EDGE('',*,*,#5874,.T.);
#5876=ORIENTED_EDGE('',*,*,#5552,.F.);
#5877=ORIENTED_EDGE('',*,*,#5860,.F.);
#5878=ORIENTED_EDGE('',*,*,#5459,.F.);
#5879=EDGE_LOOP('',(#5875,#5876,#5877,#5878));
#5880=FACE_OUTER_BOUND('',#5879,.T.);
#5881=ADVANCED_FACE('',(#5880),#5869,.T.);
#5882=CARTESIAN_POINT('',(0.,24.,1.));
#5883=DIRECTION('',(0.,0.70710678118655,0.70710678118655));
#5884=DIRECTION('',(0.,0.70710678118655,-0.70710678118655));
#5885=AXIS2_PLACEMENT_3D('',#5882,#5884,#5883);
#5886=PLANE('',#5885);
#5887=CARTESIAN_POINT('',(-2.9,23.999999999988,0.99999999998818));
#5888=DIRECTION('',(0.,0.70710678118668,0.70710678118642));
#5889=VECTOR('',#5888,0.70710678120339);
#5890=LINE('',#5887,#5889);
#5891=EDGE_CURVE('',#5436,#5509,#5890,.T.);
#5892=ORIENTED_EDGE('',*,*,#5891,.T.);
#5893=ORIENTED_EDGE('',*,*,#5514,.F.);
#5894=ORIENTED_EDGE('',*,*,#5874,.F.);
#5895=ORIENTED_EDGE('',*,*,#5450,.F.);
#5896=EDGE_LOOP('',(#5892,#5893,#5894,#5895));
#5897=FACE_OUTER_BOUND('',#5896,.T.);
#5898=ADVANCED_FACE('',(#5897),#5886,.T.);
#5899=CARTESIAN_POINT('',(-2.9,22.5,-0.50000000020454));
#5900=DIRECTION('',(0.70710678118713,-0.70710678118596,-2.1674385971042E-16));
#5901=DIRECTION('',(3.0652210596331E-16,-0.,1.));
#5902=AXIS2_PLACEMENT_3D('',#5899,#5901,#5900);
#5903=CONICAL_SURFACE('',#5902,0.,0.7853981633406);
#5904=ORIENTED_EDGE('',*,*,#5891,.F.);
#5905=ORIENTED_EDGE('',*,*,#5442,.F.);
#5906=ORIENTED_EDGE('',*,*,#5032,.F.);
#5907=ORIENTED_EDGE('',*,*,#5631,.F.);
#5908=EDGE_LOOP('',(#5904,#5905,#5906,#5907));
#5909=FACE_OUTER_BOUND('',#5908,.T.);
#5910=ADVANCED_FACE('',(#5909),#5903,.T.);
#5911=CARTESIAN_POINT('',(0.39999999999999,7.105427357601E-15,15.));
#5912=DIRECTION('',(-0.70710678118655,0.,0.70710678118655));
#5913=DIRECTION('',(0.70710678118655,-1.0816192493155E-16,0.70710678118655));
#5914=AXIS2_PLACEMENT_3D('',#5911,#5913,#5912);
#5915=PLANE('',#5914);
#5916=CARTESIAN_POINT('',(0.9,22.5,14.5));
#5917=DIRECTION('',(-0.70710678118061,0.,0.70710678119249));
#5918=VECTOR('',#5917,0.7071067811297);
#5919=LINE('',#5916,#5918);
#5920=EDGE_CURVE('',#5582,#5727,#5919,.T.);
#5921=ORIENTED_EDGE('',*,*,#5920,.T.);
#5922=ORIENTED_EDGE('',*,*,#5732,.F.);
#5923=CARTESIAN_POINT('',(0.40000000002443,6.8702256149271,14.999999999986));
#5924=DIRECTION('',(0.70710678118412,0.,-0.70710678118897));
#5925=VECTOR('',#5924,0.70710678115442);
#5926=LINE('',#5923,#5925);
#5927=EDGE_CURVE('',#5718,#5590,#5926,.T.);
#5928=ORIENTED_EDGE('',*,*,#5927,.T.);
#5929=ORIENTED_EDGE('',*,*,#5595,.F.);
#5930=EDGE_LOOP('',(#5921,#5922,#5928,#5929));
#5931=FACE_OUTER_BOUND('',#5930,.T.);
#5932=ADVANCED_FACE('',(#5931),#5915,.T.);
#5933=CARTESIAN_POINT('',(-1.1,22.5,16.499999999959));
#5934=DIRECTION('',(-0.70710678118677,-0.70710678118632,6.5023157919408E-17));
#5935=DIRECTION('',(-5.8239200138487E-16,4.9043536958726E-16,-1.));
#5936=AXIS2_PLACEMENT_3D('',#5933,#5935,#5934);
#5937=CONICAL_SURFACE('',#5936,0.,0.78539816339745);
#5938=CARTESIAN_POINT('',(-1.1,24.499999999997,14.5));
#5939=DIRECTION('',(0.,-0.7071067811816,0.7071067811915));
#5940=VECTOR('',#5939,0.7071067811321);
#5941=LINE('',#5938,#5940);
#5942=EDGE_CURVE('',#5644,#5735,#5941,.T.);
#5943=ORIENTED_EDGE('',*,*,#5942,.T.);
#5944=ORIENTED_EDGE('',*,*,#5741,.F.);
#5945=ORIENTED_EDGE('',*,*,#5920,.F.);
#5946=ORIENTED_EDGE('',*,*,#5656,.F.);
#5947=EDGE_LOOP('',(#5943,#5944,#5945,#5946));
#5948=FACE_OUTER_BOUND('',#5947,.T.);
#5949=ADVANCED_FACE('',(#5948),#5937,.T.);
#5950=CARTESIAN_POINT('',(0.,24.,15.));
#5951=DIRECTION('',(0.,-0.70710678118655,0.70710678118654));
#5952=DIRECTION('',(-0.,0.70710678118654,0.70710678118655));
#5953=AXIS2_PLACEMENT_3D('',#5950,#5952,#5951);
#5954=PLANE('',#5953);
#5955=ORIENTED_EDGE('',*,*,#5942,.F.);
#5956=ORIENTED_EDGE('',*,*,#5672,.F.);
#5957=CARTESIAN_POINT('',(-2.9,24.5,14.5));
#5958=DIRECTION('',(0.,-0.70710678118655,0.70710678118655));
#5959=VECTOR('',#5958,0.70710678122473);
#5960=LINE('',#5957,#5959);
#5961=EDGE_CURVE('',#5667,#5744,#5960,.T.);
#5962=ORIENTED_EDGE('',*,*,#5961,.T.);
#5963=ORIENTED_EDGE('',*,*,#5749,.F.);
#5964=EDGE_LOOP('',(#5955,#5956,#5962,#5963));
#5965=FACE_OUTER_BOUND('',#5964,.T.);
#5966=ADVANCED_FACE('',(#5965),#5954,.T.);
#5967=CARTESIAN_POINT('',(-2.9,22.5,16.499999999791));
#5968=DIRECTION('',(0.70710678118715,-0.70710678118595,0.));
#5969=DIRECTION('',(-0.,-0.,-1.));
#5970=AXIS2_PLACEMENT_3D('',#5967,#5969,#5968);
#5971=CONICAL_SURFACE('',#5970,0.,0.78539816345429);
#5972=ORIENTED_EDGE('',*,*,#5961,.F.);
#5973=ORIENTED_EDGE('',*,*,#5698,.F.);
#5974=ORIENTED_EDGE('',*,*,#5196,.F.);
#5975=ORIENTED_EDGE('',*,*,#5756,.F.);
#5976=EDGE_LOOP('',(#5972,#5973,#5974,#5975));
#5977=FACE_OUTER_BOUND('',#5976,.T.);
#5978=ADVANCED_FACE('',(#5977),#5971,.T.);
#5979=CARTESIAN_POINT('',(3.9,6.8702256149271,11.499999999968));
#5980=DIRECTION('',(0.86419641461647,0.50315460542862,1.744443037634E-16));
#5981=DIRECTION('',(-4.2883858232081E-16,3.8985325665528E-16,1.));
#5982=AXIS2_PLACEMENT_3D('',#5979,#5981,#5980);
#5983=CONICAL_SURFACE('',#5982,0.,0.78539816339745);
#5984=ORIENTED_EDGE('',*,*,#5927,.F.);
#5985=ORIENTED_EDGE('',*,*,#5724,.F.);
#5986=ORIENTED_EDGE('',*,*,#5781,.F.);
#5987=ORIENTED_EDGE('',*,*,#5801,.F.);
#5988=EDGE_LOOP('',(#5984,#5985,#5986,#5987));
#5989=FACE_OUTER_BOUND('',#5988,.T.);
#5990=ADVANCED_FACE('',(#5989),#5983,.F.);
#5991=CLOSED_SHELL('',(#4733,#4775,#4817,#4859,#4963,#5005,#5036,#5104,#5122,#5184,#5215,#5248,#5291,#5315,#5351,#5376,#5408,#5426,#5488,#5500,#5531,#5556,#5605,#5617,#5635,#5660,#5684,#5702,#5771,#5788,#5806,#5818,#5830,#5847,#5864,#5881,#5898,#5910,#5932,#5949,#5966,#5978,#5990));
#5992=COLOUR_RGB('',0.376471,0.376471,0.376471);
#5993=FILL_AREA_STYLE_COLOUR('',#5992);
#5994=FILL_AREA_STYLE('',(#5993));
#5995=SURFACE_STYLE_FILL_AREA(#5994);
#5996=SURFACE_SIDE_STYLE('',(#5995));
#5997=SURFACE_STYLE_USAGE(.BOTH.,#5996);
#5998=PRESENTATION_STYLE_ASSIGNMENT((#5997));
#5999=OVER_RIDING_STYLED_ITEM('',(#5998),#4733,#5991);
#6000=OVER_RIDING_STYLED_ITEM('',(#5998),#4775,#5991);
#6001=OVER_RIDING_STYLED_ITEM('',(#5998),#4817,#5991);
#6002=OVER_RIDING_STYLED_ITEM('',(#5998),#4859,#5991);
#6003=OVER_RIDING_STYLED_ITEM('',(#5998),#4963,#5991);
#6004=OVER_RIDING_STYLED_ITEM('',(#5998),#5005,#5991);
#6005=OVER_RIDING_STYLED_ITEM('',(#5998),#5036,#5991);
#6006=OVER_RIDING_STYLED_ITEM('',(#5998),#5104,#5991);
#6007=OVER_RIDING_STYLED_ITEM('',(#5998),#5122,#5991);
#6008=OVER_RIDING_STYLED_ITEM('',(#5998),#5184,#5991);
#6009=OVER_RIDING_STYLED_ITEM('',(#5998),#5215,#5991);
#6010=OVER_RIDING_STYLED_ITEM('',(#5998),#5248,#5991);
#6011=OVER_RIDING_STYLED_ITEM('',(#5998),#5291,#5991);
#6012=OVER_RIDING_STYLED_ITEM('',(#5998),#5315,#5991);
#6013=OVER_RIDING_STYLED_ITEM('',(#5998),#5351,#5991);
#6014=OVER_RIDING_STYLED_ITEM('',(#5998),#5376,#5991);
#6015=OVER_RIDING_STYLED_ITEM('',(#5998),#5408,#5991);
#6016=OVER_RIDING_STYLED_ITEM('',(#5998),#5426,#5991);
#6017=OVER_RIDING_STYLED_ITEM('',(#5998),#5488,#5991);
#6018=OVER_RIDING_STYLED_ITEM('',(#5998),#5500,#5991);
#6019=OVER_RIDING_STYLED_ITEM('',(#5998),#5531,#5991);
#6020=OVER_RIDING_STYLED_ITEM('',(#5998),#5556,#5991);
#6021=OVER_RIDING_STYLED_ITEM('',(#5998),#5605,#5991);
#6022=OVER_RIDING_STYLED_ITEM('',(#5998),#5617,#5991);
#6023=OVER_RIDING_STYLED_ITEM('',(#5998),#5635,#5991);
#6024=OVER_RIDING_STYLED_ITEM('',(#5998),#5660,#5991);
#6025=OVER_RIDING_STYLED_ITEM('',(#5998),#5684,#5991);
#6026=OVER_RIDING_STYLED_ITEM('',(#5998),#5702,#5991);
#6027=OVER_RIDING_STYLED_ITEM('',(#5998),#5771,#5991);
#6028=OVER_RIDING_STYLED_ITEM('',(#5998),#5788,#5991);
#6029=OVER_RIDING_STYLED_ITEM('',(#5998),#5806,#5991);
#6030=OVER_RIDING_STYLED_ITEM('',(#5998),#5818,#5991);
#6031=OVER_RIDING_STYLED_ITEM('',(#5998),#5830,#5991);
#6032=OVER_RIDING_STYLED_ITEM('',(#5998),#5847,#5991);
#6033=OVER_RIDING_STYLED_ITEM('',(#5998),#5864,#5991);
#6034=OVER_RIDING_STYLED_ITEM('',(#5998),#5881,#5991);
#6035=OVER_RIDING_STYLED_ITEM('',(#5998),#5898,#5991);
#6036=OVER_RIDING_STYLED_ITEM('',(#5998),#5910,#5991);
#6037=OVER_RIDING_STYLED_ITEM('',(#5998),#5932,#5991);
#6038=OVER_RIDING_STYLED_ITEM('',(#5998),#5949,#5991);
#6039=OVER_RIDING_STYLED_ITEM('',(#5998),#5966,#5991);
#6040=OVER_RIDING_STYLED_ITEM('',(#5998),#5978,#5991);
#6041=OVER_RIDING_STYLED_ITEM('',(#5998),#5990,#5991);
#6042=MANIFOLD_SOLID_BREP('倒角3',#5991);
#6043=ADVANCED_BREP_SHAPE_REPRESENTATION('',(#6042),#5);
#6044=SHAPE_REPRESENTATION_RELATIONSHIP('NONE', 'NONE', #4690, #6043);
#6045=PRESENTATION_LAYER_ASSIGNMENT('图层000','',(#6042));
#6046=CARTESIAN_POINT('',(0.,0.,0.));
#6047=DIRECTION('',(0.,0.,1.));
#6048=DIRECTION('',(1.,0.,0.));
#6049=AXIS2_PLACEMENT_3D('',#6046,#6047,#6048);
#6050=CARTESIAN_POINT('',(112.54097063687,63.676638841358,73.410596283348));
#6051=DIRECTION('',(0.,0.,-1.));
#6052=DIRECTION('',(-0.99998986312854,0.0045026259189448,0.));
#6053=AXIS2_PLACEMENT_3D('',#6050,#6051,#6052);
#6054 = ITEM_DEFINED_TRANSFORMATION('', '', #6049, #6053);
#6055 = (REPRESENTATION_RELATIONSHIP('','',#4690,#28)REPRESENTATION_RELATIONSHIP_WITH_TRANSFORMATION(#6054)SHAPE_REPRESENTATION_RELATIONSHIP());
#6056 = NEXT_ASSEMBLY_USAGE_OCCURRENCE('', '', '', #26, #4688,$ );
#6057 = PRODUCT_DEFINITION_SHAPE('', '', #6056);
#6058 = CONTEXT_DEPENDENT_SHAPE_REPRESENTATION(#6055,#6057);
#6059=CARTESIAN_POINT('',(0.,0.,0.));
#6060=DIRECTION('',(0.,0.,1.));
#6061=DIRECTION('',(1.,0.,0.));
#6062=AXIS2_PLACEMENT_3D('',#6059,#6060,#6061);
#6063=CARTESIAN_POINT('',(132.59059515183,78.523298548998,93.38654180291));
#6064=DIRECTION('',(0.,0.,-1.));
#6065=DIRECTION('',(-0.97878579042198,0.20488625251103,0.));
#6066=AXIS2_PLACEMENT_3D('',#6063,#6064,#6065);
#6067 = ITEM_DEFINED_TRANSFORMATION('', '', #6062, #6066);
#6068 = (REPRESENTATION_RELATIONSHIP('','',#44,#28)REPRESENTATION_RELATIONSHIP_WITH_TRANSFORMATION(#6067)SHAPE_REPRESENTATION_RELATIONSHIP());
#6069 = NEXT_ASSEMBLY_USAGE_OCCURRENCE('', '', '', #26, #42,$ );
#6070 = PRODUCT_DEFINITION_SHAPE('', '', #6069);
#6071 = CONTEXT_DEPENDENT_SHAPE_REPRESENTATION(#6068,#6070);
#6072=CARTESIAN_POINT('',(0.,0.,0.));
#6073=DIRECTION('',(0.,0.,1.));
#6074=DIRECTION('',(1.,0.,0.));
#6075=AXIS2_PLACEMENT_3D('',#6072,#6073,#6074);
#6076=APPLICATION_CONTEXT('part');
#6077=MECHANICAL_CONTEXT('none',#6076,'component');
#6078=PRODUCT('FA2-固定部分','FA2-固定部分','',(#6077));
#6079=PRODUCT_RELATED_PRODUCT_CATEGORY('detail','',(#6078));
#6080=PRODUCT_DEFINITION_FORMATION_WITH_SPECIFIED_SOURCE('ANY','UNSPECIFIED',#6078,.NOT_KNOWN.);
#6081=APPLICATION_CONTEXT('part');
#6082=APPLICATION_PROTOCOL_DEFINITION('international standard','config_control_design',1994,#6081);
#6083=DESIGN_CONTEXT('detailed',#6081,'design');
#6084=PRODUCT_DEFINITION('','UNSPECIFIED',#6080,#6083);
#6085=PRODUCT_DEFINITION_SHAPE('NONE','NONE',#6084);
#6086=SHAPE_REPRESENTATION('FA2-固定部分',(#6075),#5);
#6087=SHAPE_DEFINITION_REPRESENTATION(#6085,#6086);
#6088=CARTESIAN_POINT('',(23.,17.,-6.));
#6089=DIRECTION('',(1.,0.,2.8421709430404E-15));
#6090=DIRECTION('',(0.,0.,-1.));
#6091=AXIS2_PLACEMENT_3D('',#6088,#6090,#6089);
#6092=CYLINDRICAL_SURFACE('',#6091,1.25);
#6093=CARTESIAN_POINT('',(21.75,17.,-6.));
#6094=VERTEX_POINT('',#6093);
#6095=CARTESIAN_POINT('',(24.25,17.,-6.));
#6096=VERTEX_POINT('',#6095);
#6097=CARTESIAN_POINT('',(23.,17.,-6.));
#6098=DIRECTION('',(-1.,0.,0.));
#6099=DIRECTION('',(-4.2885047732943E-16,-4.2885047732943E-16,1.));
#6100=AXIS2_PLACEMENT_3D('',#6097,#6099,#6098);
#6101=CIRCLE('',#6100,1.25);
#6102=EDGE_CURVE('',#6094,#6096,#6101,.T.);
#6103=ORIENTED_EDGE('',*,*,#6102,.T.);
#6104=CARTESIAN_POINT('',(24.25,17.,-10.));
#6105=VERTEX_POINT('',#6104);
#6106=CARTESIAN_POINT('',(24.25,17.,-6.));
#6107=DIRECTION('',(0.,0.,-1.));
#6108=VECTOR('',#6107,4.);
#6109=LINE('',#6106,#6108);
#6110=EDGE_CURVE('',#6096,#6105,#6109,.T.);
#6111=ORIENTED_EDGE('',*,*,#6110,.T.);
#6112=CARTESIAN_POINT('',(21.75,17.,-10.));
#6113=VERTEX_POINT('',#6112);
#6114=CARTESIAN_POINT('',(23.,17.,-10.));
#6115=DIRECTION('',(1.,0.,0.));
#6116=DIRECTION('',(-0.,0.,-1.));
#6117=AXIS2_PLACEMENT_3D('',#6114,#6116,#6115);
#6118=CIRCLE('',#6117,1.25);
#6119=EDGE_CURVE('',#6105,#6113,#6118,.T.);
#6120=ORIENTED_EDGE('',*,*,#6119,.T.);
#6121=CARTESIAN_POINT('',(21.75,17.,-10.));
#6122=DIRECTION('',(0.,0.,1.));
#6123=VECTOR('',#6122,4.);
#6124=LINE('',#6121,#6123);
#6125=EDGE_CURVE('',#6113,#6094,#6124,.T.);
#6126=ORIENTED_EDGE('',*,*,#6125,.T.);
#6127=EDGE_LOOP('',(#6103,#6111,#6120,#6126));
#6128=FACE_OUTER_BOUND('',#6127,.T.);
#6129=ADVANCED_FACE('',(#6128),#6092,.F.);
#6130=CARTESIAN_POINT('',(23.,17.,-6.));
#6131=DIRECTION('',(-1.,0.,0.));
#6132=DIRECTION('',(0.,0.,-1.));
#6133=AXIS2_PLACEMENT_3D('',#6130,#6132,#6131);
#6134=PLANE('',#6133);
#6135=CARTESIAN_POINT('',(23.,17.,-6.));
#6136=DIRECTION('',(1.,-2.8421709430404E-15,-7.105427357601E-16));
#6137=DIRECTION('',(-2.1442523866471E-16,-2.1442523866471E-16,1.));
#6138=AXIS2_PLACEMENT_3D('',#6135,#6137,#6136);
#6139=CIRCLE('',#6138,1.25);
#6140=EDGE_CURVE('',#6096,#6094,#6139,.T.);
#6141=ORIENTED_EDGE('',*,*,#6140,.F.);
#6142=ORIENTED_EDGE('',*,*,#6102,.F.);
#6143=EDGE_LOOP('',(#6141,#6142));
#6144=FACE_OUTER_BOUND('',#6143,.T.);
#6145=ADVANCED_FACE('',(#6144),#6134,.T.);
#6146=CARTESIAN_POINT('',(23.,17.,-6.));
#6147=DIRECTION('',(-0.99999999999979,6.5528641641777E-07,7.105427357601E-16));
#6148=DIRECTION('',(0.,0.,-1.));
#6149=AXIS2_PLACEMENT_3D('',#6146,#6148,#6147);
#6150=CYLINDRICAL_SURFACE('',#6149,1.25);
#6151=ORIENTED_EDGE('',*,*,#6110,.F.);
#6152=ORIENTED_EDGE('',*,*,#6140,.T.);
#6153=ORIENTED_EDGE('',*,*,#6125,.F.);
#6154=CARTESIAN_POINT('',(23.,17.,-10.));
#6155=DIRECTION('',(1.,-2.8421709430404E-15,0.));
#6156=DIRECTION('',(0.,0.,1.));
#6157=AXIS2_PLACEMENT_3D('',#6154,#6156,#6155);
#6158=CIRCLE('',#6157,1.25);
#6159=EDGE_CURVE('',#6105,#6113,#6158,.T.);
#6160=ORIENTED_EDGE('',*,*,#6159,.F.);
#6161=EDGE_LOOP('',(#6151,#6152,#6153,#6160));
#6162=FACE_OUTER_BOUND('',#6161,.T.);
#6163=ADVANCED_FACE('',(#6162),#6150,.F.);
#6164=CARTESIAN_POINT('',(27.,33.,-10.));
#6165=DIRECTION('',(-1.,0.,0.));
#6166=DIRECTION('',(0.,0.,-1.));
#6167=AXIS2_PLACEMENT_3D('',#6164,#6166,#6165);
#6168=PLANE('',#6167);
#6169=CARTESIAN_POINT('',(20.584394027084,30.199999999999,-10.000000000019));
#6170=VERTEX_POINT('',#6169);
#6171=CARTESIAN_POINT('',(24.666666666661,26.400336708872,-10.000000000048));
#6172=VERTEX_POINT('',#6171);
#6173=CARTESIAN_POINT('',(27.,33.,-10.000000000048));
#6174=DIRECTION('',(-0.91651513899061,-0.40000000000128,2.2838873649497E-15));
#6175=DIRECTION('',(1.7625080941119E-15,1.8935989898367E-15,1.));
#6176=AXIS2_PLACEMENT_3D('',#6173,#6175,#6174);
#6177=CIRCLE('',#6176,6.9999999999801);
#6178=EDGE_CURVE('',#6170,#6172,#6177,.T.);
#6179=ORIENTED_EDGE('',*,*,#6178,.T.);
#6180=CARTESIAN_POINT('',(24.999999999976,25.928932188135,-10.000000000024));
#6181=VERTEX_POINT('',#6180);
#6182=CARTESIAN_POINT('',(24.5,25.928932188135,-10.000000000048));
#6183=DIRECTION('',(0.33333333335721,0.94280904157362,0.));
#6184=DIRECTION('',(-2.9639555766207E-15,-2.0958330873079E-15,-1.));
#6185=AXIS2_PLACEMENT_3D('',#6182,#6184,#6183);
#6186=CIRCLE('',#6185,0.49999999994717);
#6187=EDGE_CURVE('',#6172,#6181,#6186,.T.);
#6188=ORIENTED_EDGE('',*,*,#6187,.T.);
#6189=CARTESIAN_POINT('',(25.,-5.,-10.));
#6190=VERTEX_POINT('',#6189);
#6191=CARTESIAN_POINT('',(24.999999999976,25.928932188135,-10.000000000024));
#6192=DIRECTION('',(7.7592659049198E-13,-1.,7.7598402399239E-13));
#6193=VECTOR('',#6192,30.928932188135);
#6194=LINE('',#6191,#6193);
#6195=EDGE_CURVE('',#6181,#6190,#6194,.T.);
#6196=ORIENTED_EDGE('',*,*,#6195,.T.);
#6197=CARTESIAN_POINT('',(23.,-5.,-10.));
#6198=VERTEX_POINT('',#6197);
#6199=CARTESIAN_POINT('',(25.,-5.,-10.));
#6200=DIRECTION('',(-1.,0.,0.));
#6201=VECTOR('',#6200,1.9999999999997);
#6202=LINE('',#6199,#6201);
#6203=EDGE_CURVE('',#6190,#6198,#6202,.T.);
#6204=ORIENTED_EDGE('',*,*,#6203,.T.);
#6205=CARTESIAN_POINT('',(23.,-7.9936057773011E-15,-10.));
#6206=VERTEX_POINT('',#6205);
#6207=CARTESIAN_POINT('',(23.,-8.8817841970013E-15,-10.));
#6208=DIRECTION('',(-7.105427357601E-16,-1.,0.));
#6209=VECTOR('',#6208,5.);
#6210=LINE('',#6207,#6209);
#6211=EDGE_CURVE('',#6206,#6198,#6210,.T.);
#6212=ORIENTED_EDGE('',*,*,#6211,.F.);
#6213=CARTESIAN_POINT('',(-23.,3.9968028886506E-15,-10.));
#6214=VERTEX_POINT('',#6213);
#6215=CARTESIAN_POINT('',(-23.,0.,-10.));
#6216=DIRECTION('',(1.,0.,3.861645303044E-17));
#6217=VECTOR('',#6216,46.);
#6218=LINE('',#6215,#6217);
#6219=EDGE_CURVE('',#6214,#6206,#6218,.T.);
#6220=ORIENTED_EDGE('',*,*,#6219,.F.);
#6221=CARTESIAN_POINT('',(-23.,-5.,-10.));
#6222=VERTEX_POINT('',#6221);
#6223=CARTESIAN_POINT('',(-23.,-5.,-10.));
#6224=DIRECTION('',(0.,1.,0.));
#6225=VECTOR('',#6224,5.);
#6226=LINE('',#6223,#6225);
#6227=EDGE_CURVE('',#6222,#6214,#6226,.T.);
#6228=ORIENTED_EDGE('',*,*,#6227,.F.);
#6229=CARTESIAN_POINT('',(-25.,-5.,-10.));
#6230=VERTEX_POINT('',#6229);
#6231=CARTESIAN_POINT('',(-23.,-5.,-10.));
#6232=DIRECTION('',(-1.,0.,0.));
#6233=VECTOR('',#6232,2.);
#6234=LINE('',#6231,#6233);
#6235=EDGE_CURVE('',#6222,#6230,#6234,.T.);
#6236=ORIENTED_EDGE('',*,*,#6235,.T.);
#6237=CARTESIAN_POINT('',(-25.000000000033,25.928932188135,-9.999999999967));
#6238=VERTEX_POINT('',#6237);
#6239=CARTESIAN_POINT('',(-25.,-5.,-10.));
#6240=DIRECTION('',(-1.0669995705522E-12,1.,1.0669421370518E-12));
#6241=VECTOR('',#6240,30.928932188135);
#6242=LINE('',#6239,#6241);
#6243=EDGE_CURVE('',#6230,#6238,#6242,.T.);
#6244=ORIENTED_EDGE('',*,*,#6243,.T.);
#6245=CARTESIAN_POINT('',(-24.666666666702,26.400336709015,-9.9999999999625));
#6246=VERTEX_POINT('',#6245);
#6247=CARTESIAN_POINT('',(-24.5,25.928932188135,-9.9999999999341));
#6248=DIRECTION('',(-1.,7.1054273571319E-15,3.552713678566E-15));
#6249=DIRECTION('',(-6.9158963440209E-15,4.8902772028026E-15,-1.));
#6250=AXIS2_PLACEMENT_3D('',#6247,#6249,#6248);
#6251=CIRCLE('',#6250,0.50000000003301);
#6252=EDGE_CURVE('',#6238,#6246,#6251,.T.);
#6253=ORIENTED_EDGE('',*,*,#6252,.T.);
#6254=CARTESIAN_POINT('',(-20.584394027123,30.200000000017,-9.9999999999928));
#6255=VERTEX_POINT('',#6254);
#6256=CARTESIAN_POINT('',(-27.,33.,-10.000000000048));
#6257=DIRECTION('',(0.33333333333286,-0.94280904158223,7.6129578832485E-16));
#6258=DIRECTION('',(-4.569465429245E-16,4.9093307144553E-16,1.));
#6259=AXIS2_PLACEMENT_3D('',#6256,#6258,#6257);
#6260=CIRCLE('',#6259,6.9999999999039);
#6261=EDGE_CURVE('',#6246,#6255,#6260,.T.);
#6262=ORIENTED_EDGE('',*,*,#6261,.T.);
#6263=CARTESIAN_POINT('',(-20.126136457566,30.500000000004,-9.9999999999955));
#6264=VERTEX_POINT('',#6263);
#6265=CARTESIAN_POINT('',(-20.126136457566,30.,-9.9999999999909));
#6266=DIRECTION('',(-0.91651513899837,0.39999999998351,-3.5527136783523E-15));
#6267=DIRECTION('',(1.4891497322031E-15,-2.2747137896033E-15,-1.));
#6268=AXIS2_PLACEMENT_3D('',#6265,#6267,#6266);
#6269=CIRCLE('',#6268,0.50000000006308);
#6270=EDGE_CURVE('',#6255,#6264,#6269,.T.);
#6271=ORIENTED_EDGE('',*,*,#6270,.T.);
#6272=CARTESIAN_POINT('',(20.126136457566,30.500000000005,-9.9999999999955));
#6273=VERTEX_POINT('',#6272);
#6274=CARTESIAN_POINT('',(-20.126136457566,30.500000000004,-9.9999999999955));
#6275=DIRECTION('',(1.,2.4801395584488E-14,0.));
#6276=VECTOR('',#6275,40.252272915132);
#6277=LINE('',#6274,#6276);
#6278=EDGE_CURVE('',#6264,#6273,#6277,.T.);
#6279=ORIENTED_EDGE('',*,*,#6278,.T.);
#6280=CARTESIAN_POINT('',(20.126136457566,30.,-9.9999999999909));
#6281=DIRECTION('',(0.,1.,-3.552713678765E-15));
#6282=DIRECTION('',(-2.2337245985605E-15,-3.4120706847892E-15,-1.));
#6283=AXIS2_PLACEMENT_3D('',#6280,#6282,#6281);
#6284=CIRCLE('',#6283,0.500000000005);
#6285=EDGE_CURVE('',#6273,#6170,#6284,.T.);
#6286=ORIENTED_EDGE('',*,*,#6285,.T.);
#6287=EDGE_LOOP('',(#6179,#6188,#6196,#6204,#6212,#6220,#6228,#6236,#6244,#6253,#6262,#6271,#6279,#6286));
#6288=FACE_OUTER_BOUND('',#6287,.T.);
#6289=CARTESIAN_POINT('',(-21.75,17.,-10.));
#6290=VERTEX_POINT('',#6289);
#6291=CARTESIAN_POINT('',(-24.25,17.,-10.));
#6292=VERTEX_POINT('',#6291);
#6293=CARTESIAN_POINT('',(-23.,17.,-10.));
#6294=DIRECTION('',(1.,0.,0.));
#6295=DIRECTION('',(-0.,0.,-1.));
#6296=AXIS2_PLACEMENT_3D('',#6293,#6295,#6294);
#6297=CIRCLE('',#6296,1.25);
#6298=EDGE_CURVE('',#6290,#6292,#6297,.T.);
#6299=ORIENTED_EDGE('',*,*,#6298,.F.);
#6300=CARTESIAN_POINT('',(-23.,17.,-10.));
#6301=DIRECTION('',(1.,0.,0.));
#6302=DIRECTION('',(0.,0.,1.));
#6303=AXIS2_PLACEMENT_3D('',#6300,#6302,#6301);
#6304=CIRCLE('',#6303,1.25);
#6305=EDGE_CURVE('',#6290,#6292,#6304,.T.);
#6306=ORIENTED_EDGE('',*,*,#6305,.T.);
#6307=EDGE_LOOP('',(#6299,#6306));
#6308=FACE_BOUND('',#6307,.T.);
#6309=ORIENTED_EDGE('',*,*,#6119,.F.);
#6310=ORIENTED_EDGE('',*,*,#6159,.T.);
#6311=EDGE_LOOP('',(#6309,#6310));
#6312=FACE_BOUND('',#6311,.T.);
#6313=ADVANCED_FACE('',(#6288,#6308,#6312),#6168,.T.);
#6314=CARTESIAN_POINT('',(27.,33.,-2.9999999997907));
#6315=DIRECTION('',(0.68131542977244,0.73198994880667,-3.7100749900434E-16));
#6316=DIRECTION('',(1.651385082166E-16,-6.6055403286639E-16,-1.));
#6317=AXIS2_PLACEMENT_3D('',#6314,#6316,#6315);
#6318=CONICAL_SURFACE('',#6317,0.,0.7853981633785);
#6319=CARTESIAN_POINT('',(21.959166735612,30.800000000016,-8.4999999999487));
#6320=VERTEX_POINT('',#6319);
#6321=CARTESIAN_POINT('',(25.166666666695,27.814550271313,-8.4999999999837));
#6322=VERTEX_POINT('',#6321);
#6323=CARTESIAN_POINT('',(27.,33.,-8.4999999999695));
#6324=DIRECTION('',(-0.91651513899039,-0.40000000000178,-3.2297397080384E-16));
#6325=DIRECTION('',(-4.9848713773033E-16,-5.355633506642E-16,1.));
#6326=AXIS2_PLACEMENT_3D('',#6323,#6325,#6324);
#6327=CIRCLE('',#6326,5.4999999999355);
#6328=EDGE_CURVE('',#6320,#6322,#6327,.T.);
#6329=ORIENTED_EDGE('',*,*,#6328,.T.);
#6330=CARTESIAN_POINT('',(25.166666666695,27.814550271313,-8.4999999999837));
#6331=DIRECTION('',(-0.23570226040057,-0.66666666666764,-0.70710678118394));
#6332=VECTOR('',#6331,2.1213203436584);
#6333=LINE('',#6330,#6332);
#6334=EDGE_CURVE('',#6322,#6172,#6333,.T.);
#6335=ORIENTED_EDGE('',*,*,#6334,.T.);
#6336=ORIENTED_EDGE('',*,*,#6178,.F.);
#6337=CARTESIAN_POINT('',(20.584394027084,30.199999999999,-10.000000000019));
#6338=DIRECTION('',(0.64807406983541,0.2828427124718,0.7071067811926));
#6339=VECTOR('',#6338,2.1213203436409);
#6340=LINE('',#6337,#6339);
#6341=EDGE_CURVE('',#6170,#6320,#6340,.T.);
#6342=ORIENTED_EDGE('',*,*,#6341,.T.);
#6343=EDGE_LOOP('',(#6329,#6335,#6336,#6342));
#6344=FACE_OUTER_BOUND('',#6343,.T.);
#6345=ADVANCED_FACE('',(#6344),#6318,.F.);
#6346=CARTESIAN_POINT('',(24.5,25.928932188135,-10.49999999999));
#6347=DIRECTION('',(-0.81649658093201,-0.57735026918357,0.));
#6348=DIRECTION('',(-0.,-0.,1.));
#6349=AXIS2_PLACEMENT_3D('',#6346,#6348,#6347);
#6350=CONICAL_SURFACE('',#6349,0.,0.78539816339745);
#6351=CARTESIAN_POINT('',(26.500000000005,25.928932188135,-8.5000000000066));
#6352=VERTEX_POINT('',#6351);
#6353=CARTESIAN_POINT('',(24.999999999976,25.928932188135,-10.000000000024));
#6354=DIRECTION('',(0.70710678118928,0.,0.70710678118381));
#6355=VECTOR('',#6354,2.1213203435925);
#6356=LINE('',#6353,#6355);
#6357=EDGE_CURVE('',#6181,#6352,#6356,.T.);
#6358=ORIENTED_EDGE('',*,*,#6357,.F.);
#6359=ORIENTED_EDGE('',*,*,#6187,.F.);
#6360=ORIENTED_EDGE('',*,*,#6334,.F.);
#6361=CARTESIAN_POINT('',(24.5,25.928932188135,-8.5000000000264));
#6362=DIRECTION('',(0.33333333334374,0.94280904157838,8.8817841969013E-16));
#6363=DIRECTION('',(9.8798519206416E-16,6.9861102901228E-16,-1.));
#6364=AXIS2_PLACEMENT_3D('',#6361,#6363,#6362);
#6365=CIRCLE('',#6364,2.0000000000225);
#6366=EDGE_CURVE('',#6322,#6352,#6365,.T.);
#6367=ORIENTED_EDGE('',*,*,#6366,.T.);
#6368=EDGE_LOOP('',(#6358,#6359,#6360,#6367));
#6369=FACE_OUTER_BOUND('',#6368,.T.);
#6370=ADVANCED_FACE('',(#6369),#6350,.T.);
#6371=CARTESIAN_POINT('',(26.5,26.,-8.5));
#6372=DIRECTION('',(-0.70710678118655,0.,-0.70710678118655));
#6373=DIRECTION('',(0.70710678118655,0.,-0.70710678118655));
#6374=AXIS2_PLACEMENT_3D('',#6371,#6373,#6372);
#6375=PLANE('',#6374);
#6376=ORIENTED_EDGE('',*,*,#6195,.F.);
#6377=ORIENTED_EDGE('',*,*,#6357,.T.);
#6378=CARTESIAN_POINT('',(26.5,-5.,-8.5));
#6379=VERTEX_POINT('',#6378);
#6380=CARTESIAN_POINT('',(26.500000000005,25.928932188135,-8.5000000000066));
#6381=DIRECTION('',(-1.6161787014393E-13,-1.,2.1336545401019E-13));
#6382=VECTOR('',#6381,30.928932188135);
#6383=LINE('',#6380,#6382);
#6384=EDGE_CURVE('',#6352,#6379,#6383,.T.);
#6385=ORIENTED_EDGE('',*,*,#6384,.T.);
#6386=CARTESIAN_POINT('',(25.,-5.,-10.));
#6387=DIRECTION('',(0.70710678118655,0.,0.70710678118655));
#6388=VECTOR('',#6387,2.1213203435596);
#6389=LINE('',#6386,#6388);
#6390=EDGE_CURVE('',#6190,#6379,#6389,.T.);
#6391=ORIENTED_EDGE('',*,*,#6390,.F.);
#6392=EDGE_LOOP('',(#6376,#6377,#6385,#6391));
#6393=FACE_OUTER_BOUND('',#6392,.T.);
#6394=ADVANCED_FACE('',(#6393),#6375,.T.);
#6395=CARTESIAN_POINT('',(23.75,-5.,0.));
#6396=DIRECTION('',(0.,0.,1.));
#6397=DIRECTION('',(0.,-1.,0.));
#6398=AXIS2_PLACEMENT_3D('',#6395,#6397,#6396);
#6399=PLANE('',#6398);
#6400=ORIENTED_EDGE('',*,*,#6203,.F.);
#6401=ORIENTED_EDGE('',*,*,#6390,.T.);
#6402=CARTESIAN_POINT('',(26.5,-5.,8.5));
#6403=VERTEX_POINT('',#6402);
#6404=CARTESIAN_POINT('',(26.5,-5.,-8.5));
#6405=DIRECTION('',(0.,0.,1.));
#6406=VECTOR('',#6405,17.);
#6407=LINE('',#6404,#6406);
#6408=EDGE_CURVE('',#6379,#6403,#6407,.T.);
#6409=ORIENTED_EDGE('',*,*,#6408,.T.);
#6410=CARTESIAN_POINT('',(25.,-5.,10.));
#6411=VERTEX_POINT('',#6410);
#6412=CARTESIAN_POINT('',(26.5,-5.,8.5));
#6413=DIRECTION('',(-0.70710678118655,0.,0.70710678118655));
#6414=VECTOR('',#6413,2.1213203435596);
#6415=LINE('',#6412,#6414);
#6416=EDGE_CURVE('',#6403,#6411,#6415,.T.);
#6417=ORIENTED_EDGE('',*,*,#6416,.T.);
#6418=CARTESIAN_POINT('',(23.,-5.,10.));
#6419=VERTEX_POINT('',#6418);
#6420=CARTESIAN_POINT('',(25.,-5.,10.));
#6421=DIRECTION('',(-1.,0.,0.));
#6422=VECTOR('',#6421,2.);
#6423=LINE('',#6420,#6422);
#6424=EDGE_CURVE('',#6411,#6419,#6423,.T.);
#6425=ORIENTED_EDGE('',*,*,#6424,.T.);
#6426=CARTESIAN_POINT('',(21.,-5.,12.));
#6427=VERTEX_POINT('',#6426);
#6428=CARTESIAN_POINT('',(23.,-5.,12.));
#6429=DIRECTION('',(0.,2.6645352591004E-15,-1.));
#6430=DIRECTION('',(2.412283934978E-15,1.,2.412283934978E-15));
#6431=AXIS2_PLACEMENT_3D('',#6428,#6430,#6429);
#6432=CIRCLE('',#6431,2.);
#6433=EDGE_CURVE('',#6419,#6427,#6432,.T.);
#6434=ORIENTED_EDGE('',*,*,#6433,.T.);
#6435=CARTESIAN_POINT('',(21.,-5.,-12.));
#6436=VERTEX_POINT('',#6435);
#6437=CARTESIAN_POINT('',(21.,-5.,-12.));
#6438=DIRECTION('',(0.,3.7007434154172E-17,1.));
#6439=VECTOR('',#6438,24.);
#6440=LINE('',#6437,#6439);
#6441=EDGE_CURVE('',#6436,#6427,#6440,.T.);
#6442=ORIENTED_EDGE('',*,*,#6441,.F.);
#6443=CARTESIAN_POINT('',(23.,-5.,-12.));
#6444=DIRECTION('',(-3.5527136788005E-15,-4.8849813083507E-15,1.));
#6445=DIRECTION('',(-2.212555937146E-15,-1.,-4.892871420455E-15));
#6446=AXIS2_PLACEMENT_3D('',#6443,#6445,#6444);
#6447=CIRCLE('',#6446,2.);
#6448=EDGE_CURVE('',#6198,#6436,#6447,.T.);
#6449=ORIENTED_EDGE('',*,*,#6448,.F.);
#6450=EDGE_LOOP('',(#6400,#6401,#6409,#6417,#6425,#6434,#6442,#6449));
#6451=FACE_OUTER_BOUND('',#6450,.T.);
#6452=ADVANCED_FACE('',(#6451),#6399,.T.);
#6453=CARTESIAN_POINT('',(0.,0.,-15.5));
#6454=DIRECTION('',(0.,0.,1.));
#6455=DIRECTION('',(0.,1.,0.));
#6456=AXIS2_PLACEMENT_3D('',#6453,#6455,#6454);
#6457=PLANE('',#6456);
#6458=CARTESIAN_POINT('',(-21.,0.,-12.));
#6459=VERTEX_POINT('',#6458);
#6460=CARTESIAN_POINT('',(-21.,0.,-18.));
#6461=VERTEX_POINT('',#6460);
#6462=CARTESIAN_POINT('',(-21.,0.,-12.));
#6463=DIRECTION('',(0.,0.,-1.));
#6464=VECTOR('',#6463,6.);
#6465=LINE('',#6462,#6464);
#6466=EDGE_CURVE('',#6459,#6461,#6465,.T.);
#6467=ORIENTED_EDGE('',*,*,#6466,.F.);
#6468=CARTESIAN_POINT('',(-23.,1.2129723225389E-14,-12.));
#6469=DIRECTION('',(1.,-4.2885047732944E-15,5.3290705182007E-15));
#6470=DIRECTION('',(-4.2885047732943E-15,-1.,-4.2885047732943E-15));
#6471=AXIS2_PLACEMENT_3D('',#6468,#6470,#6469);
#6472=CIRCLE('',#6471,2.);
#6473=EDGE_CURVE('',#6459,#6214,#6472,.T.);
#6474=ORIENTED_EDGE('',*,*,#6473,.T.);
#6475=ORIENTED_EDGE('',*,*,#6219,.T.);
#6476=CARTESIAN_POINT('',(21.,-3.5527136788005E-15,-12.));
#6477=VERTEX_POINT('',#6476);
#6478=CARTESIAN_POINT('',(23.,-6.0954930082532E-16,-12.));
#6479=DIRECTION('',(-1.,3.0477465041266E-16,0.));
#6480=DIRECTION('',(3.0477465041266E-16,1.,5.0242958677881E-15));
#6481=AXIS2_PLACEMENT_3D('',#6478,#6480,#6479);
#6482=CIRCLE('',#6481,2.);
#6483=EDGE_CURVE('',#6477,#6206,#6482,.T.);
#6484=ORIENTED_EDGE('',*,*,#6483,.F.);
#6485=CARTESIAN_POINT('',(21.,0.,-18.));
#6486=VERTEX_POINT('',#6485);
#6487=CARTESIAN_POINT('',(21.,0.,-18.));
#6488=DIRECTION('',(0.,0.,1.));
#6489=VECTOR('',#6488,6.);
#6490=LINE('',#6487,#6489);
#6491=EDGE_CURVE('',#6486,#6477,#6490,.T.);
#6492=ORIENTED_EDGE('',*,*,#6491,.F.);
#6493=CARTESIAN_POINT('',(18.,0.,-21.));
#6494=VERTEX_POINT('',#6493);
#6495=CARTESIAN_POINT('',(18.,0.,-21.));
#6496=DIRECTION('',(0.70710678118655,0.,0.70710678118655));
#6497=VECTOR('',#6496,4.2426406871193);
#6498=LINE('',#6495,#6497);
#6499=EDGE_CURVE('',#6494,#6486,#6498,.T.);
#6500=ORIENTED_EDGE('',*,*,#6499,.F.);
#6501=CARTESIAN_POINT('',(-18.,0.,-21.));
#6502=VERTEX_POINT('',#6501);
#6503=CARTESIAN_POINT('',(-18.,0.,-21.));
#6504=DIRECTION('',(1.,0.,0.));
#6505=VECTOR('',#6504,36.);
#6506=LINE('',#6503,#6505);
#6507=EDGE_CURVE('',#6502,#6494,#6506,.T.);
#6508=ORIENTED_EDGE('',*,*,#6507,.F.);
#6509=CARTESIAN_POINT('',(-21.,0.,-18.));
#6510=DIRECTION('',(0.70710678118655,0.,-0.70710678118655));
#6511=VECTOR('',#6510,4.2426406871193);
#6512=LINE('',#6509,#6511);
#6513=EDGE_CURVE('',#6461,#6502,#6512,.T.);
#6514=ORIENTED_EDGE('',*,*,#6513,.F.);
#6515=EDGE_LOOP('',(#6467,#6474,#6475,#6484,#6492,#6500,#6508,#6514));
#6516=FACE_OUTER_BOUND('',#6515,.T.);
#6517=ADVANCED_FACE('',(#6516),#6457,.T.);
#6518=CARTESIAN_POINT('',(-23.75,-5.,-3.1456319031046E-15));
#6519=DIRECTION('',(1.4802973661669E-16,3.7007434154172E-17,1.));
#6520=DIRECTION('',(0.,-1.,3.7007434154172E-17));
#6521=AXIS2_PLACEMENT_3D('',#6518,#6520,#6519);
#6522=PLANE('',#6521);
#6523=CARTESIAN_POINT('',(-25.,-5.,10.));
#6524=VERTEX_POINT('',#6523);
#6525=CARTESIAN_POINT('',(-23.,-5.,10.));
#6526=VERTEX_POINT('',#6525);
#6527=CARTESIAN_POINT('',(-25.,-5.,10.));
#6528=DIRECTION('',(1.,0.,0.));
#6529=VECTOR('',#6528,1.9999999999997);
#6530=LINE('',#6527,#6529);
#6531=EDGE_CURVE('',#6524,#6526,#6530,.T.);
#6532=ORIENTED_EDGE('',*,*,#6531,.F.);
#6533=CARTESIAN_POINT('',(-26.5,-5.,8.5));
#6534=VERTEX_POINT('',#6533);
#6535=CARTESIAN_POINT('',(-25.,-5.,10.));
#6536=DIRECTION('',(-0.70710678118655,0.,-0.70710678118655));
#6537=VECTOR('',#6536,2.1213203435596);
#6538=LINE('',#6535,#6537);
#6539=EDGE_CURVE('',#6524,#6534,#6538,.T.);
#6540=ORIENTED_EDGE('',*,*,#6539,.T.);
#6541=CARTESIAN_POINT('',(-26.5,-5.,-8.5));
#6542=VERTEX_POINT('',#6541);
#6543=CARTESIAN_POINT('',(-26.5,-5.,8.5));
#6544=DIRECTION('',(0.,0.,-1.));
#6545=VECTOR('',#6544,17.);
#6546=LINE('',#6543,#6545);
#6547=EDGE_CURVE('',#6534,#6542,#6546,.T.);
#6548=ORIENTED_EDGE('',*,*,#6547,.T.);
#6549=CARTESIAN_POINT('',(-26.5,-5.,-8.5));
#6550=DIRECTION('',(0.70710678118655,0.,-0.70710678118655));
#6551=VECTOR('',#6550,2.1213203435596);
#6552=LINE('',#6549,#6551);
#6553=EDGE_CURVE('',#6542,#6230,#6552,.T.);
#6554=ORIENTED_EDGE('',*,*,#6553,.T.);
#6555=ORIENTED_EDGE('',*,*,#6235,.F.);
#6556=CARTESIAN_POINT('',(-21.,-5.,-12.));
#6557=VERTEX_POINT('',#6556);
#6558=CARTESIAN_POINT('',(-23.,-5.,-12.));
#6559=DIRECTION('',(-1.7763568394003E-15,-7.105427357601E-15,1.));
#6560=DIRECTION('',(6.7929318112365E-15,1.,7.3480433235491E-15));
#6561=AXIS2_PLACEMENT_3D('',#6558,#6560,#6559);
#6562=CIRCLE('',#6561,2.);
#6563=EDGE_CURVE('',#6222,#6557,#6562,.T.);
#6564=ORIENTED_EDGE('',*,*,#6563,.T.);
#6565=CARTESIAN_POINT('',(-21.,-5.,12.));
#6566=VERTEX_POINT('',#6565);
#6567=CARTESIAN_POINT('',(-21.,-5.,12.));
#6568=DIRECTION('',(2.9605947323338E-16,-7.4014868308344E-17,-1.));
#6569=VECTOR('',#6568,24.);
#6570=LINE('',#6567,#6569);
#6571=EDGE_CURVE('',#6566,#6557,#6570,.T.);
#6572=ORIENTED_EDGE('',*,*,#6571,.F.);
#6573=CARTESIAN_POINT('',(-23.,-5.,12.));
#6574=DIRECTION('',(-3.5527136788005E-15,-6.2172489379009E-15,-1.));
#6575=DIRECTION('',(1.4084612921534E-15,-1.,5.6969660654477E-15));
#6576=AXIS2_PLACEMENT_3D('',#6573,#6575,#6574);
#6577=CIRCLE('',#6576,2.);
#6578=EDGE_CURVE('',#6526,#6566,#6577,.T.);
#6579=ORIENTED_EDGE('',*,*,#6578,.F.);
#6580=EDGE_LOOP('',(#6532,#6540,#6548,#6554,#6555,#6564,#6572,#6579));
#6581=FACE_OUTER_BOUND('',#6580,.T.);
#6582=ADVANCED_FACE('',(#6581),#6522,.T.);
#6583=CARTESIAN_POINT('',(-25.,33.,-10.));
#6584=DIRECTION('',(-0.70710678118655,0.,0.70710678118655));
#6585=DIRECTION('',(-0.70710678118655,0.,-0.70710678118655));
#6586=AXIS2_PLACEMENT_3D('',#6583,#6585,#6584);
#6587=PLANE('',#6586);
#6588=CARTESIAN_POINT('',(-26.5,25.928932188135,-8.4999999999924));
#6589=VERTEX_POINT('',#6588);
#6590=CARTESIAN_POINT('',(-26.5,25.928932188135,-8.4999999999924));
#6591=DIRECTION('',(0.70710678118476,0.,-0.70710678118834));
#6592=VECTOR('',#6591,2.1213203435183);
#6593=LINE('',#6590,#6592);
#6594=EDGE_CURVE('',#6589,#6238,#6593,.T.);
#6595=ORIENTED_EDGE('',*,*,#6594,.T.);
#6596=ORIENTED_EDGE('',*,*,#6243,.F.);
#6597=ORIENTED_EDGE('',*,*,#6553,.F.);
#6598=CARTESIAN_POINT('',(-26.5,-5.,-8.5));
#6599=DIRECTION('',(0.,1.,2.4570051473906E-13));
#6600=VECTOR('',#6599,30.928932188135);
#6601=LINE('',#6598,#6600);
#6602=EDGE_CURVE('',#6542,#6589,#6601,.T.);
#6603=ORIENTED_EDGE('',*,*,#6602,.T.);
#6604=EDGE_LOOP('',(#6595,#6596,#6597,#6603));
#6605=FACE_OUTER_BOUND('',#6604,.T.);
#6606=ADVANCED_FACE('',(#6605),#6587,.T.);
#6607=CARTESIAN_POINT('',(-24.5,25.928932188135,-10.499999999911));
#6608=DIRECTION('',(0.8164965809268,-0.57735026919093,0.));
#6609=DIRECTION('',(-0.,-0.,1.));
#6610=AXIS2_PLACEMENT_3D('',#6607,#6609,#6608);
#6611=CONICAL_SURFACE('',#6610,0.,0.78539816339745);
#6612=CARTESIAN_POINT('',(-25.16666666668,27.81455027132,-8.4999999999914));
#6613=VERTEX_POINT('',#6612);
#6614=CARTESIAN_POINT('',(-24.666666666702,26.400336709015,-9.9999999999625));
#6615=DIRECTION('',(-0.23570226039304,0.66666666665689,0.7071067811966));
#6616=VECTOR('',#6615,2.1213203434886);
#6617=LINE('',#6614,#6616);
#6618=EDGE_CURVE('',#6246,#6613,#6617,.T.);
#6619=ORIENTED_EDGE('',*,*,#6618,.F.);
#6620=ORIENTED_EDGE('',*,*,#6252,.F.);
#6621=ORIENTED_EDGE('',*,*,#6594,.F.);
#6622=CARTESIAN_POINT('',(-24.5,25.928932188135,-8.4999999999695));
#6623=DIRECTION('',(-1.,1.7763568394003E-15,-1.7763568394003E-15));
#6624=DIRECTION('',(1.2349814900745E-15,-8.7326378626896E-16,-1.));
#6625=AXIS2_PLACEMENT_3D('',#6622,#6624,#6623);
#6626=CIRCLE('',#6625,2.);
#6627=EDGE_CURVE('',#6589,#6613,#6626,.T.);
#6628=ORIENTED_EDGE('',*,*,#6627,.T.);
#6629=EDGE_LOOP('',(#6619,#6620,#6621,#6628));
#6630=FACE_OUTER_BOUND('',#6629,.T.);
#6631=ADVANCED_FACE('',(#6630),#6611,.T.);
#6632=CARTESIAN_POINT('',(-27.,33.,-2.9999999998211));
#6633=DIRECTION('',(-0.68131542977328,0.73198994880589,-1.2924804265475E-16));
#6634=DIRECTION('',(-1.6513850821885E-16,-3.302770164377E-16,-1.));
#6635=AXIS2_PLACEMENT_3D('',#6632,#6634,#6633);
#6636=CONICAL_SURFACE('',#6635,0.,0.7853981633785);
#6637=CARTESIAN_POINT('',(-21.959166735601,30.799999999996,-8.5000000000051));
#6638=VERTEX_POINT('',#6637);
#6639=CARTESIAN_POINT('',(-27.,33.,-8.5000000000264));
#6640=DIRECTION('',(0.3333333333324,-0.94280904158239,-3.2297397080149E-16));
#6641=DIRECTION('',(0.,-0.,1.));
#6642=AXIS2_PLACEMENT_3D('',#6639,#6641,#6640);
#6643=CIRCLE('',#6642,5.4999999999754);
#6644=EDGE_CURVE('',#6613,#6638,#6643,.T.);
#6645=ORIENTED_EDGE('',*,*,#6644,.T.);
#6646=CARTESIAN_POINT('',(-21.959166735601,30.799999999996,-8.5000000000051));
#6647=DIRECTION('',(0.64807406984286,-0.28284271246743,-0.70710678118752));
#6648=VECTOR('',#6647,2.1213203435393);
#6649=LINE('',#6646,#6648);
#6650=EDGE_CURVE('',#6638,#6255,#6649,.T.);
#6651=ORIENTED_EDGE('',*,*,#6650,.T.);
#6652=ORIENTED_EDGE('',*,*,#6261,.F.);
#6653=ORIENTED_EDGE('',*,*,#6618,.T.);
#6654=EDGE_LOOP('',(#6645,#6651,#6652,#6653));
#6655=FACE_OUTER_BOUND('',#6654,.T.);
#6656=ADVANCED_FACE('',(#6655),#6636,.F.);
#6657=CARTESIAN_POINT('',(-20.126136457566,30.,-10.49999999999));
#6658=DIRECTION('',(0.54772255751396,-0.83666002652832,0.));
#6659=DIRECTION('',(-0.,-0.,1.));
#6660=AXIS2_PLACEMENT_3D('',#6657,#6659,#6658);
#6661=CONICAL_SURFACE('',#6660,0.,0.78539816339745);
#6662=CARTESIAN_POINT('',(-20.126136457566,32.000000000005,-8.5000000000066));
#6663=VERTEX_POINT('',#6662);
#6664=CARTESIAN_POINT('',(-20.126136457566,30.500000000004,-9.9999999999955));
#6665=DIRECTION('',(0.,0.7071067811894,0.7071067811837));
#6666=VECTOR('',#6665,2.1213203435525);
#6667=LINE('',#6664,#6666);
#6668=EDGE_CURVE('',#6264,#6663,#6667,.T.);
#6669=ORIENTED_EDGE('',*,*,#6668,.F.);
#6670=ORIENTED_EDGE('',*,*,#6270,.F.);
#6671=ORIENTED_EDGE('',*,*,#6650,.F.);
#6672=CARTESIAN_POINT('',(-20.126136457566,30.,-8.5000000000264));
#6673=DIRECTION('',(-0.91651513899611,0.39999999998867,1.7763568393588E-15));
#6674=DIRECTION('',(-7.4457486618194E-16,1.1373568949314E-15,-1.));
#6675=AXIS2_PLACEMENT_3D('',#6672,#6674,#6673);
#6676=CIRCLE('',#6675,2.0000000000467);
#6677=EDGE_CURVE('',#6638,#6663,#6676,.T.);
#6678=ORIENTED_EDGE('',*,*,#6677,.T.);
#6679=EDGE_LOOP('',(#6669,#6670,#6671,#6678));
#6680=FACE_OUTER_BOUND('',#6679,.T.);
#6681=ADVANCED_FACE('',(#6680),#6661,.T.);
#6682=CARTESIAN_POINT('',(27.,30.5,-10.));
#6683=DIRECTION('',(0.,0.70710678118655,0.70710678118655));
#6684=DIRECTION('',(-4.7976204086674E-16,0.70710678118655,-0.70710678118655));
#6685=AXIS2_PLACEMENT_3D('',#6682,#6684,#6683);
#6686=PLANE('',#6685);
#6687=CARTESIAN_POINT('',(20.126136457566,32.000000000014,-8.4999999999924));
#6688=VERTEX_POINT('',#6687);
#6689=CARTESIAN_POINT('',(20.126136457566,32.000000000014,-8.4999999999924));
#6690=DIRECTION('',(0.,-0.70710678118794,-0.70710678118516));
#6691=VECTOR('',#6690,2.1213203435682);
#6692=LINE('',#6689,#6691);
#6693=EDGE_CURVE('',#6688,#6273,#6692,.T.);
#6694=ORIENTED_EDGE('',*,*,#6693,.T.);
#6695=ORIENTED_EDGE('',*,*,#6278,.F.);
#6696=ORIENTED_EDGE('',*,*,#6668,.T.);
#6697=CARTESIAN_POINT('',(-20.126136457566,32.000000000005,-8.5000000000066));
#6698=DIRECTION('',(1.,2.2347734384314E-13,3.527358628235E-13));
#6699=VECTOR('',#6698,40.252272915132);
#6700=LINE('',#6697,#6699);
#6701=EDGE_CURVE('',#6663,#6688,#6700,.T.);
#6702=ORIENTED_EDGE('',*,*,#6701,.T.);
#6703=EDGE_LOOP('',(#6694,#6695,#6696,#6702));
#6704=FACE_OUTER_BOUND('',#6703,.T.);
#6705=ADVANCED_FACE('',(#6704),#6686,.T.);
#6706=CARTESIAN_POINT('',(20.126136457566,30.,-10.500000000025));
#6707=DIRECTION('',(-0.54772255751069,-0.83666002653046,0.));
#6708=DIRECTION('',(-0.,-0.,1.));
#6709=AXIS2_PLACEMENT_3D('',#6706,#6708,#6707);
#6710=CONICAL_SURFACE('',#6709,0.,0.78539816339745);
#6711=ORIENTED_EDGE('',*,*,#6341,.F.);
#6712=ORIENTED_EDGE('',*,*,#6285,.F.);
#6713=ORIENTED_EDGE('',*,*,#6693,.F.);
#6714=CARTESIAN_POINT('',(20.126136457566,30.,-8.4999999999695));
#6715=DIRECTION('',(0.,1.,0.));
#6716=DIRECTION('',(-1.8614371654971E-16,-2.8433922374147E-16,-1.));
#6717=AXIS2_PLACEMENT_3D('',#6714,#6716,#6715);
#6718=CIRCLE('',#6717,2.000000000014);
#6719=EDGE_CURVE('',#6688,#6320,#6718,.T.);
#6720=ORIENTED_EDGE('',*,*,#6719,.T.);
#6721=EDGE_LOOP('',(#6711,#6712,#6713,#6720));
#6722=FACE_OUTER_BOUND('',#6721,.T.);
#6723=ADVANCED_FACE('',(#6722),#6710,.T.);
#6724=CARTESIAN_POINT('',(-23.,17.,-6.));
#6725=DIRECTION('',(1.,2.8421709430404E-15,7.1054273576009E-16));
#6726=DIRECTION('',(-8.8817841970013E-16,0.,-1.));
#6727=AXIS2_PLACEMENT_3D('',#6724,#6726,#6725);
#6728=CYLINDRICAL_SURFACE('',#6727,1.25);
#6729=CARTESIAN_POINT('',(-24.25,17.,-6.));
#6730=VERTEX_POINT('',#6729);
#6731=CARTESIAN_POINT('',(-21.75,17.,-6.));
#6732=VERTEX_POINT('',#6731);
#6733=CARTESIAN_POINT('',(-23.,17.,-6.));
#6734=DIRECTION('',(-1.,0.,0.));
#6735=DIRECTION('',(-4.2885047732943E-16,-4.2885047732943E-16,1.));
#6736=AXIS2_PLACEMENT_3D('',#6733,#6735,#6734);
#6737=CIRCLE('',#6736,1.25);
#6738=EDGE_CURVE('',#6730,#6732,#6737,.T.);
#6739=ORIENTED_EDGE('',*,*,#6738,.T.);
#6740=CARTESIAN_POINT('',(-21.75,17.,-6.));
#6741=DIRECTION('',(0.,0.,-1.));
#6742=VECTOR('',#6741,4.);
#6743=LINE('',#6740,#6742);
#6744=EDGE_CURVE('',#6732,#6290,#6743,.T.);
#6745=ORIENTED_EDGE('',*,*,#6744,.T.);
#6746=ORIENTED_EDGE('',*,*,#6298,.T.);
#6747=CARTESIAN_POINT('',(-24.25,17.,-10.));
#6748=DIRECTION('',(0.,0.,1.));
#6749=VECTOR('',#6748,4.);
#6750=LINE('',#6747,#6749);
#6751=EDGE_CURVE('',#6292,#6730,#6750,.T.);
#6752=ORIENTED_EDGE('',*,*,#6751,.T.);
#6753=EDGE_LOOP('',(#6739,#6745,#6746,#6752));
#6754=FACE_OUTER_BOUND('',#6753,.T.);
#6755=ADVANCED_FACE('',(#6754),#6728,.F.);
#6756=CARTESIAN_POINT('',(-23.,17.,-6.));
#6757=DIRECTION('',(-0.99999999999979,6.5528641925994E-07,0.));
#6758=DIRECTION('',(0.,-8.8817841970013E-16,-1.));
#6759=AXIS2_PLACEMENT_3D('',#6756,#6758,#6757);
#6760=CYLINDRICAL_SURFACE('',#6759,1.25);
#6761=ORIENTED_EDGE('',*,*,#6744,.F.);
#6762=CARTESIAN_POINT('',(-23.,17.,-6.));
#6763=DIRECTION('',(1.,0.,0.));
#6764=DIRECTION('',(4.2885047732943E-16,4.2885047732943E-16,1.));
#6765=AXIS2_PLACEMENT_3D('',#6762,#6764,#6763);
#6766=CIRCLE('',#6765,1.25);
#6767=EDGE_CURVE('',#6732,#6730,#6766,.T.);
#6768=ORIENTED_EDGE('',*,*,#6767,.T.);
#6769=ORIENTED_EDGE('',*,*,#6751,.F.);
#6770=ORIENTED_EDGE('',*,*,#6305,.F.);
#6771=EDGE_LOOP('',(#6761,#6768,#6769,#6770));
#6772=FACE_OUTER_BOUND('',#6771,.T.);
#6773=ADVANCED_FACE('',(#6772),#6760,.F.);
#6774=CARTESIAN_POINT('',(27.,33.,-8.4999999999591));
#6775=DIRECTION('',(-0.91651516410908,-0.39999994244763,-6.4594794160009E-16));
#6776=DIRECTION('',(0.,-2.0301221021954E-15,1.));
#6777=AXIS2_PLACEMENT_3D('',#6774,#6776,#6775);
#6778=CYLINDRICAL_SURFACE('',#6777,5.5);
#6779=CARTESIAN_POINT('',(21.959166735549,30.8,-5.));
#6780=VERTEX_POINT('',#6779);
#6781=CARTESIAN_POINT('',(25.166666666667,27.814550271299,-5.));
#6782=VERTEX_POINT('',#6781);
#6783=CARTESIAN_POINT('',(27.,33.,-5.));
#6784=DIRECTION('',(-0.91651513899116,-0.40000000000003,-1.6148698540003E-16));
#6785=DIRECTION('',(-2.4924356886427E-16,-2.6778167532956E-16,1.));
#6786=AXIS2_PLACEMENT_3D('',#6783,#6785,#6784);
#6787=CIRCLE('',#6786,5.4999999999996);
#6788=EDGE_CURVE('',#6780,#6782,#6787,.T.);
#6789=ORIENTED_EDGE('',*,*,#6788,.T.);
#6790=CARTESIAN_POINT('',(25.166666666667,27.814550271299,-5.));
#6791=DIRECTION('',(8.000711204696E-12,3.9993405412969E-12,-1.));
#6792=VECTOR('',#6791,3.4999999999837);
#6793=LINE('',#6790,#6792);
#6794=EDGE_CURVE('',#6782,#6322,#6793,.T.);
#6795=ORIENTED_EDGE('',*,*,#6794,.T.);
#6796=ORIENTED_EDGE('',*,*,#6328,.F.);
#6797=CARTESIAN_POINT('',(21.959166735612,30.800000000016,-8.4999999999487));
#6798=DIRECTION('',(-1.8000077619169E-11,-4.5708199131066E-12,1.));
#6799=VECTOR('',#6798,3.4999999999487);
#6800=LINE('',#6797,#6799);
#6801=EDGE_CURVE('',#6320,#6780,#6800,.T.);
#6802=ORIENTED_EDGE('',*,*,#6801,.T.);
#6803=EDGE_LOOP('',(#6789,#6795,#6796,#6802));
#6804=FACE_OUTER_BOUND('',#6803,.T.);
#6805=ADVANCED_FACE('',(#6804),#6778,.F.);
#6806=CARTESIAN_POINT('',(24.5,25.928932188134,-5.));
#6807=DIRECTION('',(0.99999999999959,-9.099347888508E-07,-2.6645352591003E-15));
#6808=DIRECTION('',(-3.0451831532518E-15,0.,-1.));
#6809=AXIS2_PLACEMENT_3D('',#6806,#6808,#6807);
#6810=CYLINDRICAL_SURFACE('',#6809,2.);
#6811=CARTESIAN_POINT('',(26.5,25.928932188135,-5.));
#6812=VERTEX_POINT('',#6811);
#6813=CARTESIAN_POINT('',(26.500000000005,25.928932188135,-8.5000000000066));
#6814=DIRECTION('',(-1.4281908988751E-12,0.,1.));
#6815=VECTOR('',#6814,3.5000000000066);
#6816=LINE('',#6813,#6815);
#6817=EDGE_CURVE('',#6352,#6812,#6816,.T.);
#6818=ORIENTED_EDGE('',*,*,#6817,.F.);
#6819=ORIENTED_EDGE('',*,*,#6366,.F.);
#6820=ORIENTED_EDGE('',*,*,#6794,.F.);
#6821=CARTESIAN_POINT('',(24.5,25.928932188135,-5.));
#6822=DIRECTION('',(0.33333333333349,0.94280904158201,4.4408920985007E-16));
#6823=DIRECTION('',(2.4699629801365E-16,1.7465275725339E-16,-1.));
#6824=AXIS2_PLACEMENT_3D('',#6821,#6823,#6822);
#6825=CIRCLE('',#6824,2.);
#6826=EDGE_CURVE('',#6782,#6812,#6825,.T.);
#6827=ORIENTED_EDGE('',*,*,#6826,.T.);
#6828=EDGE_LOOP('',(#6818,#6819,#6820,#6827));
#6829=FACE_OUTER_BOUND('',#6828,.T.);
#6830=ADVANCED_FACE('',(#6829),#6810,.T.);
#6831=CARTESIAN_POINT('',(26.5,26.,10.));
#6832=DIRECTION('',(0.,0.,1.));
#6833=DIRECTION('',(1.,0.,-0.));
#6834=AXIS2_PLACEMENT_3D('',#6831,#6833,#6832);
#6835=PLANE('',#6834);
#6836=ORIENTED_EDGE('',*,*,#6384,.F.);
#6837=ORIENTED_EDGE('',*,*,#6817,.T.);
#6838=CARTESIAN_POINT('',(26.5,25.928932188135,5.));
#6839=VERTEX_POINT('',#6838);
#6840=CARTESIAN_POINT('',(26.5,25.928932188135,-5.));
#6841=DIRECTION('',(0.,0.,1.));
#6842=VECTOR('',#6841,10.);
#6843=LINE('',#6840,#6842);
#6844=EDGE_CURVE('',#6812,#6839,#6843,.T.);
#6845=ORIENTED_EDGE('',*,*,#6844,.T.);
#6846=CARTESIAN_POINT('',(26.5,25.928932188135,8.5));
#6847=VERTEX_POINT('',#6846);
#6848=CARTESIAN_POINT('',(26.5,25.928932188135,5.));
#6849=DIRECTION('',(0.,0.,1.));
#6850=VECTOR('',#6849,3.5);
#6851=LINE('',#6848,#6850);
#6852=EDGE_CURVE('',#6839,#6847,#6851,.T.);
#6853=ORIENTED_EDGE('',*,*,#6852,.T.);
#6854=CARTESIAN_POINT('',(26.5,25.928932188135,8.5));
#6855=DIRECTION('',(0.,-1.,0.));
#6856=VECTOR('',#6855,30.928932188135);
#6857=LINE('',#6854,#6856);
#6858=EDGE_CURVE('',#6847,#6403,#6857,.T.);
#6859=ORIENTED_EDGE('',*,*,#6858,.T.);
#6860=ORIENTED_EDGE('',*,*,#6408,.F.);
#6861=EDGE_LOOP('',(#6836,#6837,#6845,#6853,#6859,#6860));
#6862=FACE_OUTER_BOUND('',#6861,.T.);
#6863=CARTESIAN_POINT('',(26.5,0.,3.5));
#6864=VERTEX_POINT('',#6863);
#6865=CARTESIAN_POINT('',(26.5,24.,3.5));
#6866=VERTEX_POINT('',#6865);
#6867=CARTESIAN_POINT('',(26.5,0.,3.5));
#6868=DIRECTION('',(0.,1.,0.));
#6869=VECTOR('',#6868,24.);
#6870=LINE('',#6867,#6869);
#6871=EDGE_CURVE('',#6864,#6866,#6870,.T.);
#6872=ORIENTED_EDGE('',*,*,#6871,.T.);
#6873=CARTESIAN_POINT('',(26.5,24.,-3.5));
#6874=VERTEX_POINT('',#6873);
#6875=CARTESIAN_POINT('',(26.5,24.,3.5));
#6876=DIRECTION('',(0.,0.,-1.));
#6877=VECTOR('',#6876,7.);
#6878=LINE('',#6875,#6877);
#6879=EDGE_CURVE('',#6866,#6874,#6878,.T.);
#6880=ORIENTED_EDGE('',*,*,#6879,.T.);
#6881=CARTESIAN_POINT('',(26.5,0.,-3.5));
#6882=VERTEX_POINT('',#6881);
#6883=CARTESIAN_POINT('',(26.5,24.,-3.5));
#6884=DIRECTION('',(0.,-1.,0.));
#6885=VECTOR('',#6884,24.);
#6886=LINE('',#6883,#6885);
#6887=EDGE_CURVE('',#6874,#6882,#6886,.T.);
#6888=ORIENTED_EDGE('',*,*,#6887,.T.);
#6889=CARTESIAN_POINT('',(26.5,0.,-3.5));
#6890=DIRECTION('',(0.,0.,1.));
#6891=VECTOR('',#6890,7.);
#6892=LINE('',#6889,#6891);
#6893=EDGE_CURVE('',#6882,#6864,#6892,.T.);
#6894=ORIENTED_EDGE('',*,*,#6893,.T.);
#6895=EDGE_LOOP('',(#6872,#6880,#6888,#6894));
#6896=FACE_BOUND('',#6895,.T.);
#6897=ADVANCED_FACE('',(#6862,#6896),#6835,.T.);
#6898=CARTESIAN_POINT('',(25.,33.,10.));
#6899=DIRECTION('',(0.70710678118654,0.,-0.70710678118655));
#6900=DIRECTION('',(0.70710678118655,-0.,0.70710678118654));
#6901=AXIS2_PLACEMENT_3D('',#6898,#6900,#6899);
#6902=PLANE('',#6901);
#6903=ORIENTED_EDGE('',*,*,#6416,.F.);
#6904=ORIENTED_EDGE('',*,*,#6858,.F.);
#6905=CARTESIAN_POINT('',(24.999999999976,25.928932188135,10.000000000024));
#6906=VERTEX_POINT('',#6905);
#6907=CARTESIAN_POINT('',(26.5,25.928932188135,8.5));
#6908=DIRECTION('',(-0.70710678118655,0.,0.70710678118655));
#6909=VECTOR('',#6908,2.1213203435936);
#6910=LINE('',#6907,#6909);
#6911=EDGE_CURVE('',#6847,#6906,#6910,.T.);
#6912=ORIENTED_EDGE('',*,*,#6911,.T.);
#6913=CARTESIAN_POINT('',(25.,-5.,10.));
#6914=DIRECTION('',(-7.7592659049198E-13,1.,7.7598402399239E-13));
#6915=VECTOR('',#6914,30.928932188135);
#6916=LINE('',#6913,#6915);
#6917=EDGE_CURVE('',#6411,#6906,#6916,.T.);
#6918=ORIENTED_EDGE('',*,*,#6917,.F.);
#6919=EDGE_LOOP('',(#6903,#6904,#6912,#6918));
#6920=FACE_OUTER_BOUND('',#6919,.T.);
#6921=ADVANCED_FACE('',(#6920),#6902,.T.);
#6922=CARTESIAN_POINT('',(27.,33.,10.));
#6923=DIRECTION('',(1.,0.,0.));
#6924=DIRECTION('',(0.,0.,1.));
#6925=AXIS2_PLACEMENT_3D('',#6922,#6924,#6923);
#6926=PLANE('',#6925);
#6927=CARTESIAN_POINT('',(23.,3.9968028886506E-15,10.));
#6928=VERTEX_POINT('',#6927);
#6929=CARTESIAN_POINT('',(23.,-5.,10.));
#6930=DIRECTION('',(0.,1.,0.));
#6931=VECTOR('',#6930,5.);
#6932=LINE('',#6929,#6931);
#6933=EDGE_CURVE('',#6419,#6928,#6932,.T.);
#6934=ORIENTED_EDGE('',*,*,#6933,.F.);
#6935=ORIENTED_EDGE('',*,*,#6424,.F.);
#6936=ORIENTED_EDGE('',*,*,#6917,.T.);
#6937=CARTESIAN_POINT('',(24.666666666661,26.400336708872,10.000000000048));
#6938=VERTEX_POINT('',#6937);
#6939=CARTESIAN_POINT('',(24.5,25.928932188135,10.000000000048));
#6940=DIRECTION('',(1.,0.,-1.4210854715884E-14));
#6941=DIRECTION('',(1.3831792690099E-14,9.7805544068726E-15,1.));
#6942=AXIS2_PLACEMENT_3D('',#6939,#6941,#6940);
#6943=CIRCLE('',#6942,0.499999999976);
#6944=EDGE_CURVE('',#6906,#6938,#6943,.T.);
#6945=ORIENTED_EDGE('',*,*,#6944,.T.);
#6946=CARTESIAN_POINT('',(20.584394027066,30.200000000003,10.000000000021));
#6947=VERTEX_POINT('',#6946);
#6948=CARTESIAN_POINT('',(27.,33.,10.000000000048));
#6949=DIRECTION('',(-0.33333333333165,-0.94280904158266,-5.0753052553913E-16));
#6950=DIRECTION('',(2.6111231023535E-16,2.8053318367536E-16,-1.));
#6951=AXIS2_PLACEMENT_3D('',#6948,#6950,#6949);
#6952=CIRCLE('',#6951,7.0000000000524);
#6953=EDGE_CURVE('',#6938,#6947,#6952,.T.);
#6954=ORIENTED_EDGE('',*,*,#6953,.T.);
#6955=CARTESIAN_POINT('',(20.126136457566,30.500000000005,9.9999999999955));
#6956=VERTEX_POINT('',#6955);
#6957=CARTESIAN_POINT('',(20.126136457566,30.,9.9999999999909));
#6958=DIRECTION('',(0.91651513899037,0.40000000000182,-3.5527136787631E-15));
#6959=DIRECTION('',(2.978299464805E-15,4.5494275799149E-15,1.));
#6960=AXIS2_PLACEMENT_3D('',#6957,#6959,#6958);
#6961=CIRCLE('',#6960,0.50000000000526);
#6962=EDGE_CURVE('',#6947,#6956,#6961,.T.);
#6963=ORIENTED_EDGE('',*,*,#6962,.T.);
#6964=CARTESIAN_POINT('',(-20.126136457566,30.500000000005,9.9999999999955));
#6965=VERTEX_POINT('',#6964);
#6966=CARTESIAN_POINT('',(20.126136457566,30.500000000005,9.9999999999955));
#6967=DIRECTION('',(-1.,0.,0.));
#6968=VECTOR('',#6967,40.252272915132);
#6969=LINE('',#6966,#6968);
#6970=EDGE_CURVE('',#6956,#6965,#6969,.T.);
#6971=ORIENTED_EDGE('',*,*,#6970,.T.);
#6972=CARTESIAN_POINT('',(-20.584394027123,30.200000000003,9.9999999999928));
#6973=VERTEX_POINT('',#6972);
#6974=CARTESIAN_POINT('',(-20.126136457566,30.,9.9999999999909));
#6975=DIRECTION('',(0.,1.,-3.552713678765E-15));
#6976=DIRECTION('',(-1.4891497323412E-15,2.2747137897507E-15,1.));
#6977=AXIS2_PLACEMENT_3D('',#6974,#6976,#6975);
#6978=CIRCLE('',#6977,0.500000000005);
#6979=EDGE_CURVE('',#6965,#6973,#6978,.T.);
#6980=ORIENTED_EDGE('',*,*,#6979,.T.);
#6981=CARTESIAN_POINT('',(-24.666666666702,26.400336709015,9.9999999999625));
#6982=VERTEX_POINT('',#6981);
#6983=CARTESIAN_POINT('',(-27.,33.,10.000000000048));
#6984=DIRECTION('',(0.91651513898993,-0.40000000000284,-2.5376526277354E-16));
#6985=DIRECTION('',(-1.3055615512101E-16,1.4026659184154E-16,-1.));
#6986=AXIS2_PLACEMENT_3D('',#6983,#6985,#6984);
#6987=CIRCLE('',#6986,6.9999999999427);
#6988=EDGE_CURVE('',#6973,#6982,#6987,.T.);
#6989=ORIENTED_EDGE('',*,*,#6988,.T.);
#6990=CARTESIAN_POINT('',(-25.000000000033,25.928932188135,9.999999999967));
#6991=VERTEX_POINT('',#6990);
#6992=CARTESIAN_POINT('',(-24.5,25.928932188135,9.9999999999341));
#6993=DIRECTION('',(-0.33333333334023,0.94280904157962,-3.5527136781208E-15));
#6994=DIRECTION('',(-6.9158963431543E-15,4.8902772021897E-15,1.));
#6995=AXIS2_PLACEMENT_3D('',#6992,#6994,#6993);
#6996=CIRCLE('',#6995,0.50000000009566);
#6997=EDGE_CURVE('',#6982,#6991,#6996,.T.);
#6998=ORIENTED_EDGE('',*,*,#6997,.T.);
#6999=CARTESIAN_POINT('',(-25.000000000033,25.928932188135,9.999999999967));
#7000=DIRECTION('',(1.0669995705522E-12,-1.,1.0669421370518E-12));
#7001=VECTOR('',#7000,30.928932188135);
#7002=LINE('',#6999,#7001);
#7003=EDGE_CURVE('',#6991,#6524,#7002,.T.);
#7004=ORIENTED_EDGE('',*,*,#7003,.T.);
#7005=ORIENTED_EDGE('',*,*,#6531,.T.);
#7006=CARTESIAN_POINT('',(-23.,-5.3290705182008E-15,10.));
#7007=VERTEX_POINT('',#7006);
#7008=CARTESIAN_POINT('',(-23.,-3.5527136788005E-15,10.));
#7009=DIRECTION('',(0.,-1.,0.));
#7010=VECTOR('',#7009,5.);
#7011=LINE('',#7008,#7010);
#7012=EDGE_CURVE('',#7007,#6526,#7011,.T.);
#7013=ORIENTED_EDGE('',*,*,#7012,.F.);
#7014=CARTESIAN_POINT('',(23.,1.3322676295502E-15,10.));
#7015=DIRECTION('',(-1.,0.,0.));
#7016=VECTOR('',#7015,46.);
#7017=LINE('',#7014,#7016);
#7018=EDGE_CURVE('',#6928,#7007,#7017,.T.);
#7019=ORIENTED_EDGE('',*,*,#7018,.F.);
#7020=EDGE_LOOP('',(#6934,#6935,#6936,#6945,#6954,#6963,#6971,#6980,#6989,#6998,#7004,#7005,#7013,#7019));
#7021=FACE_OUTER_BOUND('',#7020,.T.);
#7022=CARTESIAN_POINT('',(-24.25,17.,10.));
#7023=VERTEX_POINT('',#7022);
#7024=CARTESIAN_POINT('',(-21.75,17.,10.));
#7025=VERTEX_POINT('',#7024);
#7026=CARTESIAN_POINT('',(-23.,17.,10.));
#7027=DIRECTION('',(-1.,0.,0.));
#7028=DIRECTION('',(-0.,0.,1.));
#7029=AXIS2_PLACEMENT_3D('',#7026,#7028,#7027);
#7030=CIRCLE('',#7029,1.25);
#7031=EDGE_CURVE('',#7023,#7025,#7030,.T.);
#7032=ORIENTED_EDGE('',*,*,#7031,.F.);
#7033=CARTESIAN_POINT('',(-23.,17.,10.));
#7034=DIRECTION('',(-1.,0.,0.));
#7035=DIRECTION('',(0.,0.,-1.));
#7036=AXIS2_PLACEMENT_3D('',#7033,#7035,#7034);
#7037=CIRCLE('',#7036,1.25);
#7038=EDGE_CURVE('',#7023,#7025,#7037,.T.);
#7039=ORIENTED_EDGE('',*,*,#7038,.T.);
#7040=EDGE_LOOP('',(#7032,#7039));
#7041=FACE_BOUND('',#7040,.T.);
#7042=CARTESIAN_POINT('',(21.75,17.,10.));
#7043=VERTEX_POINT('',#7042);
#7044=CARTESIAN_POINT('',(24.25,17.,10.));
#7045=VERTEX_POINT('',#7044);
#7046=CARTESIAN_POINT('',(23.,17.,10.));
#7047=DIRECTION('',(-1.,0.,0.));
#7048=DIRECTION('',(-0.,0.,1.));
#7049=AXIS2_PLACEMENT_3D('',#7046,#7048,#7047);
#7050=CIRCLE('',#7049,1.25);
#7051=EDGE_CURVE('',#7043,#7045,#7050,.T.);
#7052=ORIENTED_EDGE('',*,*,#7051,.F.);
#7053=CARTESIAN_POINT('',(23.,17.,10.));
#7054=DIRECTION('',(-1.,0.,0.));
#7055=DIRECTION('',(0.,0.,-1.));
#7056=AXIS2_PLACEMENT_3D('',#7053,#7055,#7054);
#7057=CIRCLE('',#7056,1.25);
#7058=EDGE_CURVE('',#7043,#7045,#7057,.T.);
#7059=ORIENTED_EDGE('',*,*,#7058,.T.);
#7060=EDGE_LOOP('',(#7052,#7059));
#7061=FACE_BOUND('',#7060,.T.);
#7062=ADVANCED_FACE('',(#7021,#7041,#7061),#6926,.T.);
#7063=CARTESIAN_POINT('',(0.,0.,15.5));
#7064=DIRECTION('',(0.,0.,1.));
#7065=DIRECTION('',(0.,1.,0.));
#7066=AXIS2_PLACEMENT_3D('',#7063,#7065,#7064);
#7067=PLANE('',#7066);
#7068=CARTESIAN_POINT('',(-21.,2.0238440553063E-15,18.));
#7069=VERTEX_POINT('',#7068);
#7070=CARTESIAN_POINT('',(-21.,-3.2997331718872E-15,12.));
#7071=VERTEX_POINT('',#7070);
#7072=CARTESIAN_POINT('',(-21.,2.0238440553063E-15,18.));
#7073=DIRECTION('',(0.,-2.5298050691329E-16,-1.));
#7074=VECTOR('',#7073,6.);
#7075=LINE('',#7072,#7074);
#7076=EDGE_CURVE('',#7069,#7071,#7075,.T.);
#7077=ORIENTED_EDGE('',*,*,#7076,.F.);
#7078=CARTESIAN_POINT('',(-18.,5.7824115865894E-16,21.));
#7079=VERTEX_POINT('',#7078);
#7080=CARTESIAN_POINT('',(-18.,5.7824115865894E-16,21.));
#7081=DIRECTION('',(-0.70710678118655,3.4073187037409E-16,-0.70710678118655));
#7082=VECTOR('',#7081,4.2426406871193);
#7083=LINE('',#7080,#7082);
#7084=EDGE_CURVE('',#7079,#7069,#7083,.T.);
#7085=ORIENTED_EDGE('',*,*,#7084,.F.);
#7086=CARTESIAN_POINT('',(18.,0.,21.));
#7087=VERTEX_POINT('',#7086);
#7088=CARTESIAN_POINT('',(18.,0.,21.));
#7089=DIRECTION('',(-1.,1.6062254407193E-17,0.));
#7090=VECTOR('',#7089,36.);
#7091=LINE('',#7088,#7090);
#7092=EDGE_CURVE('',#7087,#7079,#7091,.T.);
#7093=ORIENTED_EDGE('',*,*,#7092,.F.);
#7094=CARTESIAN_POINT('',(21.,0.,18.));
#7095=VERTEX_POINT('',#7094);
#7096=CARTESIAN_POINT('',(21.,0.,18.));
#7097=DIRECTION('',(-0.70710678118655,0.,0.70710678118655));
#7098=VECTOR('',#7097,4.2426406871193);
#7099=LINE('',#7096,#7098);
#7100=EDGE_CURVE('',#7095,#7087,#7099,.T.);
#7101=ORIENTED_EDGE('',*,*,#7100,.F.);
#7102=CARTESIAN_POINT('',(21.,0.,12.));
#7103=VERTEX_POINT('',#7102);
#7104=CARTESIAN_POINT('',(21.,0.,12.));
#7105=DIRECTION('',(0.,0.,1.));
#7106=VECTOR('',#7105,6.);
#7107=LINE('',#7104,#7106);
#7108=EDGE_CURVE('',#7103,#7095,#7107,.T.);
#7109=ORIENTED_EDGE('',*,*,#7108,.F.);
#7110=CARTESIAN_POINT('',(23.,-4.3101644408113E-16,12.));
#7111=DIRECTION('',(-1.,1.9918650614408E-15,-8.8817841970013E-16));
#7112=DIRECTION('',(-1.9918650614408E-15,-1.,-1.9918650614408E-15));
#7113=AXIS2_PLACEMENT_3D('',#7110,#7112,#7111);
#7114=CIRCLE('',#7113,2.);
#7115=EDGE_CURVE('',#7103,#6928,#7114,.T.);
#7116=ORIENTED_EDGE('',*,*,#7115,.T.);
#7117=ORIENTED_EDGE('',*,*,#7018,.T.);
#7118=CARTESIAN_POINT('',(-23.,-6.095493008253E-16,12.));
#7119=DIRECTION('',(1.,3.0477465041265E-16,-3.5527136788005E-15));
#7120=DIRECTION('',(-3.0477465041266E-16,1.,-5.0242958677881E-15));
#7121=AXIS2_PLACEMENT_3D('',#7118,#7120,#7119);
#7122=CIRCLE('',#7121,2.);
#7123=EDGE_CURVE('',#7071,#7007,#7122,.T.);
#7124=ORIENTED_EDGE('',*,*,#7123,.F.);
#7125=EDGE_LOOP('',(#7077,#7085,#7093,#7101,#7109,#7116,#7117,#7124));
#7126=FACE_OUTER_BOUND('',#7125,.T.);
#7127=ADVANCED_FACE('',(#7126),#7067,.T.);
#7128=CARTESIAN_POINT('',(-26.5,26.,8.5));
#7129=DIRECTION('',(0.70710678118655,0.,0.70710678118655));
#7130=DIRECTION('',(-0.70710678118655,0.,0.70710678118655));
#7131=AXIS2_PLACEMENT_3D('',#7128,#7130,#7129);
#7132=PLANE('',#7131);
#7133=ORIENTED_EDGE('',*,*,#7003,.F.);
#7134=CARTESIAN_POINT('',(-26.5,25.928932188135,8.4999999999924));
#7135=VERTEX_POINT('',#7134);
#7136=CARTESIAN_POINT('',(-25.000000000033,25.928932188135,9.999999999967));
#7137=DIRECTION('',(-0.70710678118476,0.,-0.70710678118834));
#7138=VECTOR('',#7137,2.1213203435183);
#7139=LINE('',#7136,#7138);
#7140=EDGE_CURVE('',#6991,#7135,#7139,.T.);
#7141=ORIENTED_EDGE('',*,*,#7140,.T.);
#7142=CARTESIAN_POINT('',(-26.5,25.928932188135,8.4999999999924));
#7143=DIRECTION('',(0.,-1.,2.4570051473906E-13));
#7144=VECTOR('',#7143,30.928932188135);
#7145=LINE('',#7142,#7144);
#7146=EDGE_CURVE('',#7135,#6534,#7145,.T.);
#7147=ORIENTED_EDGE('',*,*,#7146,.T.);
#7148=ORIENTED_EDGE('',*,*,#6539,.F.);
#7149=EDGE_LOOP('',(#7133,#7141,#7147,#7148));
#7150=FACE_OUTER_BOUND('',#7149,.T.);
#7151=ADVANCED_FACE('',(#7150),#7132,.T.);
#7152=CARTESIAN_POINT('',(-26.5,26.,10.));
#7153=DIRECTION('',(0.,0.,-1.));
#7154=DIRECTION('',(-1.,-0.,-0.));
#7155=AXIS2_PLACEMENT_3D('',#7152,#7154,#7153);
#7156=PLANE('',#7155);
#7157=ORIENTED_EDGE('',*,*,#6602,.F.);
#7158=ORIENTED_EDGE('',*,*,#6547,.F.);
#7159=ORIENTED_EDGE('',*,*,#7146,.F.);
#7160=CARTESIAN_POINT('',(-26.5,25.928932188135,5.));
#7161=VERTEX_POINT('',#7160);
#7162=CARTESIAN_POINT('',(-26.5,25.928932188135,8.4999999999924));
#7163=DIRECTION('',(0.,0.,-1.));
#7164=VECTOR('',#7163,3.4999999999924);
#7165=LINE('',#7162,#7164);
#7166=EDGE_CURVE('',#7135,#7161,#7165,.T.);
#7167=ORIENTED_EDGE('',*,*,#7166,.T.);
#7168=CARTESIAN_POINT('',(-26.5,25.928932188135,-5.));
#7169=VERTEX_POINT('',#7168);
#7170=CARTESIAN_POINT('',(-26.5,25.928932188135,5.));
#7171=DIRECTION('',(0.,0.,-1.));
#7172=VECTOR('',#7171,10.);
#7173=LINE('',#7170,#7172);
#7174=EDGE_CURVE('',#7161,#7169,#7173,.T.);
#7175=ORIENTED_EDGE('',*,*,#7174,.T.);
#7176=CARTESIAN_POINT('',(-26.5,25.928932188135,-5.));
#7177=DIRECTION('',(0.,0.,-1.));
#7178=VECTOR('',#7177,3.4999999999924);
#7179=LINE('',#7176,#7178);
#7180=EDGE_CURVE('',#7169,#6589,#7179,.T.);
#7181=ORIENTED_EDGE('',*,*,#7180,.T.);
#7182=EDGE_LOOP('',(#7157,#7158,#7159,#7167,#7175,#7181));
#7183=FACE_OUTER_BOUND('',#7182,.T.);
#7184=CARTESIAN_POINT('',(-26.5,0.,3.5));
#7185=VERTEX_POINT('',#7184);
#7186=CARTESIAN_POINT('',(-26.5,0.,-3.5));
#7187=VERTEX_POINT('',#7186);
#7188=CARTESIAN_POINT('',(-26.5,0.,3.5));
#7189=DIRECTION('',(0.,0.,-1.));
#7190=VECTOR('',#7189,7.);
#7191=LINE('',#7188,#7190);
#7192=EDGE_CURVE('',#7185,#7187,#7191,.T.);
#7193=ORIENTED_EDGE('',*,*,#7192,.T.);
#7194=CARTESIAN_POINT('',(-26.5,24.,-3.5));
#7195=VERTEX_POINT('',#7194);
#7196=CARTESIAN_POINT('',(-26.5,0.,-3.5));
#7197=DIRECTION('',(0.,1.,0.));
#7198=VECTOR('',#7197,24.);
#7199=LINE('',#7196,#7198);
#7200=EDGE_CURVE('',#7187,#7195,#7199,.T.);
#7201=ORIENTED_EDGE('',*,*,#7200,.T.);
#7202=CARTESIAN_POINT('',(-26.5,24.,3.5));
#7203=VERTEX_POINT('',#7202);
#7204=CARTESIAN_POINT('',(-26.5,24.,-3.5));
#7205=DIRECTION('',(0.,0.,1.));
#7206=VECTOR('',#7205,7.);
#7207=LINE('',#7204,#7206);
#7208=EDGE_CURVE('',#7195,#7203,#7207,.T.);
#7209=ORIENTED_EDGE('',*,*,#7208,.T.);
#7210=CARTESIAN_POINT('',(-26.5,24.,3.5));
#7211=DIRECTION('',(0.,-1.,0.));
#7212=VECTOR('',#7211,24.);
#7213=LINE('',#7210,#7212);
#7214=EDGE_CURVE('',#7203,#7185,#7213,.T.);
#7215=ORIENTED_EDGE('',*,*,#7214,.T.);
#7216=EDGE_LOOP('',(#7193,#7201,#7209,#7215));
#7217=FACE_BOUND('',#7216,.T.);
#7218=ADVANCED_FACE('',(#7183,#7217),#7156,.T.);
#7219=CARTESIAN_POINT('',(-24.5,25.928932188135,-5.));
#7220=DIRECTION('',(-0.33333247544064,0.9428093448925,-1.3322676295502E-15));
#7221=DIRECTION('',(4.0602442043523E-15,0.,-1.));
#7222=AXIS2_PLACEMENT_3D('',#7219,#7221,#7220);
#7223=CYLINDRICAL_SURFACE('',#7222,1.9999999999999);
#7224=CARTESIAN_POINT('',(-25.166666666667,27.814550271299,-5.));
#7225=VERTEX_POINT('',#7224);
#7226=CARTESIAN_POINT('',(-25.16666666668,27.81455027132,-8.4999999999914));
#7227=DIRECTION('',(3.7151234469834E-12,-6.0000258729832E-12,1.));
#7228=VECTOR('',#7227,3.4999999999914);
#7229=LINE('',#7226,#7228);
#7230=EDGE_CURVE('',#6613,#7225,#7229,.T.);
#7231=ORIENTED_EDGE('',*,*,#7230,.F.);
#7232=ORIENTED_EDGE('',*,*,#6627,.F.);
#7233=ORIENTED_EDGE('',*,*,#7180,.F.);
#7234=CARTESIAN_POINT('',(-24.5,25.928932188135,-5.));
#7235=DIRECTION('',(-1.,0.,0.));
#7236=DIRECTION('',(1.2349814900683E-16,-8.7326378626697E-17,-1.));
#7237=AXIS2_PLACEMENT_3D('',#7234,#7236,#7235);
#7238=CIRCLE('',#7237,2.);
#7239=EDGE_CURVE('',#7169,#7225,#7238,.T.);
#7240=ORIENTED_EDGE('',*,*,#7239,.T.);
#7241=EDGE_LOOP('',(#7231,#7232,#7233,#7240));
#7242=FACE_OUTER_BOUND('',#7241,.T.);
#7243=ADVANCED_FACE('',(#7242),#7223,.T.);
#7244=CARTESIAN_POINT('',(-27.,33.,-8.5000000000089));
#7245=DIRECTION('',(0.33333327412849,-0.94280906251414,-1.9378438248002E-15));
#7246=DIRECTION('',(1.0150610510833E-15,-2.0301221021666E-15,1.));
#7247=AXIS2_PLACEMENT_3D('',#7244,#7246,#7245);
#7248=CYLINDRICAL_SURFACE('',#7247,5.5000000000002);
#7249=CARTESIAN_POINT('',(-21.959166735549,30.8,-5.));
#7250=VERTEX_POINT('',#7249);
#7251=CARTESIAN_POINT('',(-27.,33.,-5.));
#7252=DIRECTION('',(0.3333333333333,-0.94280904158208,1.2918958832003E-15));
#7253=DIRECTION('',(-9.9697427545708E-16,1.0711267013182E-15,1.));
#7254=AXIS2_PLACEMENT_3D('',#7251,#7253,#7252);
#7255=CIRCLE('',#7254,5.4999999999996);
#7256=EDGE_CURVE('',#7225,#7250,#7255,.T.);
#7257=ORIENTED_EDGE('',*,*,#7256,.T.);
#7258=CARTESIAN_POINT('',(-21.959166735549,30.8,-5.));
#7259=DIRECTION('',(-1.4856433543671E-11,-1.142958743521E-12,-1.));
#7260=VECTOR('',#7259,3.5000000000051);
#7261=LINE('',#7258,#7260);
#7262=EDGE_CURVE('',#7250,#6638,#7261,.T.);
#7263=ORIENTED_EDGE('',*,*,#7262,.T.);
#7264=ORIENTED_EDGE('',*,*,#6644,.F.);
#7265=ORIENTED_EDGE('',*,*,#7230,.T.);
#7266=EDGE_LOOP('',(#7257,#7263,#7264,#7265));
#7267=FACE_OUTER_BOUND('',#7266,.T.);
#7268=ADVANCED_FACE('',(#7267),#7248,.F.);
#7269=CARTESIAN_POINT('',(-20.126136457566,30.,-5.));
#7270=DIRECTION('',(7.6845350172048E-07,0.9999999999997,4.4408920985005E-16));
#7271=DIRECTION('',(0.,0.,-1.));
#7272=AXIS2_PLACEMENT_3D('',#7269,#7271,#7270);
#7273=CYLINDRICAL_SURFACE('',#7272,2.);
#7274=CARTESIAN_POINT('',(-20.126136457566,32.,-5.));
#7275=VERTEX_POINT('',#7274);
#7276=CARTESIAN_POINT('',(-20.126136457566,32.000000000005,-8.5000000000066));
#7277=DIRECTION('',(0.,-1.4292059599262E-12,1.));
#7278=VECTOR('',#7277,3.5000000000066);
#7279=LINE('',#7276,#7278);
#7280=EDGE_CURVE('',#6663,#7275,#7279,.T.);
#7281=ORIENTED_EDGE('',*,*,#7280,.F.);
#7282=ORIENTED_EDGE('',*,*,#6677,.F.);
#7283=ORIENTED_EDGE('',*,*,#7262,.F.);
#7284=CARTESIAN_POINT('',(-20.126136457566,30.,-5.));
#7285=DIRECTION('',(-0.91651513899122,0.39999999999988,0.));
#7286=DIRECTION('',(0.,0.,-1.));
#7287=AXIS2_PLACEMENT_3D('',#7284,#7286,#7285);
#7288=CIRCLE('',#7287,2.0000000000006);
#7289=EDGE_CURVE('',#7250,#7275,#7288,.T.);
#7290=ORIENTED_EDGE('',*,*,#7289,.T.);
#7291=EDGE_LOOP('',(#7281,#7282,#7283,#7290));
#7292=FACE_OUTER_BOUND('',#7291,.T.);
#7293=ADVANCED_FACE('',(#7292),#7273,.T.);
#7294=CARTESIAN_POINT('',(-21.591673086804,32.,10.));
#7295=DIRECTION('',(1.,6.7399443072458E-16,0.));
#7296=DIRECTION('',(-6.7399443072458E-16,1.,0.));
#7297=AXIS2_PLACEMENT_3D('',#7294,#7296,#7295);
#7298=PLANE('',#7297);
#7299=CARTESIAN_POINT('',(20.126136457566,32.,5.));
#7300=VERTEX_POINT('',#7299);
#7301=CARTESIAN_POINT('',(20.577383710667,32.,5.));
#7302=VERTEX_POINT('',#7301);
#7303=CARTESIAN_POINT('',(20.126136457566,32.,5.));
#7304=DIRECTION('',(1.,0.,0.));
#7305=VECTOR('',#7304,0.451247253101);
#7306=LINE('',#7303,#7305);
#7307=EDGE_CURVE('',#7300,#7302,#7306,.T.);
#7308=ORIENTED_EDGE('',*,*,#7307,.T.);
#7309=CARTESIAN_POINT('',(20.577383710667,32.,-5.));
#7310=VERTEX_POINT('',#7309);
#7311=CARTESIAN_POINT('',(20.577383710667,32.,5.));
#7312=DIRECTION('',(0.,0.,-1.));
#7313=VECTOR('',#7312,10.);
#7314=LINE('',#7311,#7313);
#7315=EDGE_CURVE('',#7302,#7310,#7314,.T.);
#7316=ORIENTED_EDGE('',*,*,#7315,.T.);
#7317=CARTESIAN_POINT('',(20.126136457566,32.,-5.));
#7318=VERTEX_POINT('',#7317);
#7319=CARTESIAN_POINT('',(20.577383710667,32.,-5.));
#7320=DIRECTION('',(-1.,0.,0.));
#7321=VECTOR('',#7320,0.451247253101);
#7322=LINE('',#7319,#7321);
#7323=EDGE_CURVE('',#7310,#7318,#7322,.T.);
#7324=ORIENTED_EDGE('',*,*,#7323,.T.);
#7325=CARTESIAN_POINT('',(20.126136457566,32.,-5.));
#7326=DIRECTION('',(0.,3.999340541287E-12,-1.));
#7327=VECTOR('',#7326,3.4999999999924);
#7328=LINE('',#7325,#7327);
#7329=EDGE_CURVE('',#7318,#6688,#7328,.T.);
#7330=ORIENTED_EDGE('',*,*,#7329,.T.);
#7331=ORIENTED_EDGE('',*,*,#6701,.F.);
#7332=ORIENTED_EDGE('',*,*,#7280,.T.);
#7333=CARTESIAN_POINT('',(-20.577383710667,32.,-5.));
#7334=VERTEX_POINT('',#7333);
#7335=CARTESIAN_POINT('',(-20.126136457566,32.,-5.));
#7336=DIRECTION('',(-1.,0.,0.));
#7337=VECTOR('',#7336,0.451247253101);
#7338=LINE('',#7335,#7337);
#7339=EDGE_CURVE('',#7275,#7334,#7338,.T.);
#7340=ORIENTED_EDGE('',*,*,#7339,.T.);
#7341=CARTESIAN_POINT('',(-20.577383710667,32.,5.));
#7342=VERTEX_POINT('',#7341);
#7343=CARTESIAN_POINT('',(-20.577383710667,32.,-5.));
#7344=DIRECTION('',(0.,0.,1.));
#7345=VECTOR('',#7344,10.);
#7346=LINE('',#7343,#7345);
#7347=EDGE_CURVE('',#7334,#7342,#7346,.T.);
#7348=ORIENTED_EDGE('',*,*,#7347,.T.);
#7349=CARTESIAN_POINT('',(-20.126136457566,32.,5.));
#7350=VERTEX_POINT('',#7349);
#7351=CARTESIAN_POINT('',(-20.577383710667,32.,5.));
#7352=DIRECTION('',(1.,0.,0.));
#7353=VECTOR('',#7352,0.451247253101);
#7354=LINE('',#7351,#7353);
#7355=EDGE_CURVE('',#7342,#7350,#7354,.T.);
#7356=ORIENTED_EDGE('',*,*,#7355,.T.);
#7357=CARTESIAN_POINT('',(-20.126136457566,32.000000000005,8.5000000000088));
#7358=VERTEX_POINT('',#7357);
#7359=CARTESIAN_POINT('',(-20.126136457566,32.,5.));
#7360=DIRECTION('',(0.,1.4292059599253E-12,1.));
#7361=VECTOR('',#7360,3.5000000000088);
#7362=LINE('',#7359,#7361);
#7363=EDGE_CURVE('',#7350,#7358,#7362,.T.);
#7364=ORIENTED_EDGE('',*,*,#7363,.T.);
#7365=CARTESIAN_POINT('',(20.126136457566,32.000000000014,8.4999999999924));
#7366=VERTEX_POINT('',#7365);
#7367=CARTESIAN_POINT('',(20.126136457566,32.000000000014,8.4999999999924));
#7368=DIRECTION('',(-1.,-2.2347734384314E-13,4.074136726619E-13));
#7369=VECTOR('',#7368,40.252272915132);
#7370=LINE('',#7367,#7369);
#7371=EDGE_CURVE('',#7366,#7358,#7370,.T.);
#7372=ORIENTED_EDGE('',*,*,#7371,.F.);
#7373=CARTESIAN_POINT('',(20.126136457566,32.000000000014,8.4999999999924));
#7374=DIRECTION('',(0.,-3.999340541287E-12,-1.));
#7375=VECTOR('',#7374,3.4999999999924);
#7376=LINE('',#7373,#7375);
#7377=EDGE_CURVE('',#7366,#7300,#7376,.T.);
#7378=ORIENTED_EDGE('',*,*,#7377,.T.);
#7379=EDGE_LOOP('',(#7308,#7316,#7324,#7330,#7331,#7332,#7340,#7348,#7356,#7364,#7372,#7378));
#7380=FACE_OUTER_BOUND('',#7379,.T.);
#7381=ADVANCED_FACE('',(#7380),#7298,.T.);
#7382=CARTESIAN_POINT('',(20.126136457566,30.,-5.));
#7383=DIRECTION('',(0.91651544637446,0.39999929569566,0.));
#7384=DIRECTION('',(0.,0.,-1.));
#7385=AXIS2_PLACEMENT_3D('',#7382,#7384,#7383);
#7386=CYLINDRICAL_SURFACE('',#7385,2.);
#7387=ORIENTED_EDGE('',*,*,#6801,.F.);
#7388=ORIENTED_EDGE('',*,*,#6719,.F.);
#7389=ORIENTED_EDGE('',*,*,#7329,.F.);
#7390=CARTESIAN_POINT('',(20.126136457566,30.,-5.));
#7391=DIRECTION('',(1.7763568394002E-15,1.,0.));
#7392=DIRECTION('',(0.,-0.,-1.));
#7393=AXIS2_PLACEMENT_3D('',#7390,#7392,#7391);
#7394=CIRCLE('',#7393,2.);
#7395=EDGE_CURVE('',#7318,#6780,#7394,.T.);
#7396=ORIENTED_EDGE('',*,*,#7395,.T.);
#7397=EDGE_LOOP('',(#7387,#7388,#7389,#7396));
#7398=FACE_OUTER_BOUND('',#7397,.T.);
#7399=ADVANCED_FACE('',(#7398),#7386,.T.);
#7400=CARTESIAN_POINT('',(-23.,17.,-6.));
#7401=DIRECTION('',(-1.,0.,0.));
#7402=DIRECTION('',(0.,0.,-1.));
#7403=AXIS2_PLACEMENT_3D('',#7400,#7402,#7401);
#7404=PLANE('',#7403);
#7405=ORIENTED_EDGE('',*,*,#6767,.F.);
#7406=ORIENTED_EDGE('',*,*,#6738,.F.);
#7407=EDGE_LOOP('',(#7405,#7406));
#7408=FACE_OUTER_BOUND('',#7407,.T.);
#7409=ADVANCED_FACE('',(#7408),#7404,.T.);
#7410=CARTESIAN_POINT('',(-20.577383710667,34.,-5.));
#7411=DIRECTION('',(-1.,0.,0.));
#7412=DIRECTION('',(0.,0.,-1.));
#7413=AXIS2_PLACEMENT_3D('',#7410,#7412,#7411);
#7414=PLANE('',#7413);
#7415=ORIENTED_EDGE('',*,*,#6826,.F.);
#7416=ORIENTED_EDGE('',*,*,#6788,.F.);
#7417=ORIENTED_EDGE('',*,*,#7395,.F.);
#7418=ORIENTED_EDGE('',*,*,#7323,.F.);
#7419=CARTESIAN_POINT('',(22.553573338154,33.692307692308,-5.));
#7420=VERTEX_POINT('',#7419);
#7421=CARTESIAN_POINT('',(20.577383710667,34.,-5.));
#7422=DIRECTION('',(-1.7763568394003E-15,-1.,0.));
#7423=DIRECTION('',(0.,-0.,1.));
#7424=AXIS2_PLACEMENT_3D('',#7421,#7423,#7422);
#7425=CIRCLE('',#7424,2.);
#7426=EDGE_CURVE('',#7310,#7420,#7425,.T.);
#7427=ORIENTED_EDGE('',*,*,#7426,.T.);
#7428=CARTESIAN_POINT('',(31.5,33.,-5.));
#7429=VERTEX_POINT('',#7428);
#7430=CARTESIAN_POINT('',(27.,33.,-5.));
#7431=DIRECTION('',(-0.98809481374346,0.15384615384621,0.));
#7432=DIRECTION('',(-1.1507564108934E-16,1.45384239366E-16,-1.));
#7433=AXIS2_PLACEMENT_3D('',#7430,#7432,#7431);
#7434=CIRCLE('',#7433,4.5000000000004);
#7435=EDGE_CURVE('',#7420,#7429,#7434,.T.);
#7436=ORIENTED_EDGE('',*,*,#7435,.T.);
#7437=CARTESIAN_POINT('',(30.266850757798,29.905216303798,-5.));
#7438=VERTEX_POINT('',#7437);
#7439=CARTESIAN_POINT('',(27.,33.,-5.));
#7440=DIRECTION('',(0.72596683506617,-0.68772971026706,-1.9737298215557E-16));
#7441=DIRECTION('',(-8.0666101620129E-17,3.2142259960318E-17,1.));
#7442=AXIS2_PLACEMENT_3D('',#7439,#7441,#7440);
#7443=CIRCLE('',#7442,4.5000000000003);
#7444=EDGE_CURVE('',#7438,#7429,#7443,.T.);
#7445=ORIENTED_EDGE('',*,*,#7444,.F.);
#7446=CARTESIAN_POINT('',(26.5,25.928932188135,-5.));
#7447=DIRECTION('',(0.68772971026716,0.72596683506607,0.));
#7448=VECTOR('',#7447,5.4772255750514);
#7449=LINE('',#7446,#7448);
#7450=EDGE_CURVE('',#6812,#7438,#7449,.T.);
#7451=ORIENTED_EDGE('',*,*,#7450,.F.);
#7452=EDGE_LOOP('',(#7415,#7416,#7417,#7418,#7427,#7436,#7445,#7451));
#7453=FACE_OUTER_BOUND('',#7452,.T.);
#7454=CARTESIAN_POINT('',(28.5,33.,-5.));
#7455=VERTEX_POINT('',#7454);
#7456=CARTESIAN_POINT('',(25.5,33.,-5.));
#7457=VERTEX_POINT('',#7456);
#7458=CARTESIAN_POINT('',(27.,33.,-5.));
#7459=DIRECTION('',(1.,-4.736951571734E-15,0.));
#7460=DIRECTION('',(0.,0.,1.));
#7461=AXIS2_PLACEMENT_3D('',#7458,#7460,#7459);
#7462=CIRCLE('',#7461,1.5);
#7463=EDGE_CURVE('',#7455,#7457,#7462,.T.);
#7464=ORIENTED_EDGE('',*,*,#7463,.T.);
#7465=CARTESIAN_POINT('',(27.,33.,-5.));
#7466=DIRECTION('',(1.,4.736951571734E-15,0.));
#7467=DIRECTION('',(-0.,0.,-1.));
#7468=AXIS2_PLACEMENT_3D('',#7465,#7467,#7466);
#7469=CIRCLE('',#7468,1.5);
#7470=EDGE_CURVE('',#7455,#7457,#7469,.T.);
#7471=ORIENTED_EDGE('',*,*,#7470,.F.);
#7472=EDGE_LOOP('',(#7464,#7471));
#7473=FACE_BOUND('',#7472,.T.);
#7474=ADVANCED_FACE('',(#7453,#7473),#7414,.T.);
#7475=CARTESIAN_POINT('',(30.266850757798,29.905216303798,-5.));
#7476=DIRECTION('',(-0.68772971026708,-0.72596683506615,0.));
#7477=DIRECTION('',(0.72596683506615,-0.68772971026708,0.));
#7478=AXIS2_PLACEMENT_3D('',#7475,#7477,#7476);
#7479=PLANE('',#7478);
#7480=ORIENTED_EDGE('',*,*,#6844,.F.);
#7481=ORIENTED_EDGE('',*,*,#7450,.T.);
#7482=CARTESIAN_POINT('',(30.266850757798,29.905216303798,5.));
#7483=VERTEX_POINT('',#7482);
#7484=CARTESIAN_POINT('',(30.266850757798,29.905216303798,5.));
#7485=DIRECTION('',(0.,0.,-1.));
#7486=VECTOR('',#7485,10.);
#7487=LINE('',#7484,#7486);
#7488=EDGE_CURVE('',#7483,#7438,#7487,.T.);
#7489=ORIENTED_EDGE('',*,*,#7488,.F.);
#7490=CARTESIAN_POINT('',(30.266850757798,29.905216303798,5.));
#7491=DIRECTION('',(-0.68772971026716,-0.72596683506607,0.));
#7492=VECTOR('',#7491,5.4772255750514);
#7493=LINE('',#7490,#7492);
#7494=EDGE_CURVE('',#7483,#6839,#7493,.T.);
#7495=ORIENTED_EDGE('',*,*,#7494,.T.);
#7496=EDGE_LOOP('',(#7480,#7481,#7489,#7495));
#7497=FACE_OUTER_BOUND('',#7496,.T.);
#7498=ADVANCED_FACE('',(#7497),#7479,.T.);
#7499=CARTESIAN_POINT('',(24.5,25.928932188135,5.));
#7500=DIRECTION('',(0.33333333144194,0.94280904225077,3.1086244689505E-15));
#7501=DIRECTION('',(-2.0301221021717E-15,-2.0301221021717E-15,1.));
#7502=AXIS2_PLACEMENT_3D('',#7499,#7501,#7500);
#7503=CYLINDRICAL_SURFACE('',#7502,2.);
#7504=ORIENTED_EDGE('',*,*,#6852,.F.);
#7505=CARTESIAN_POINT('',(25.166666666667,27.814550271299,5.));
#7506=VERTEX_POINT('',#7505);
#7507=CARTESIAN_POINT('',(24.5,25.928932188135,5.));
#7508=DIRECTION('',(1.,0.,0.));
#7509=DIRECTION('',(-1.2349814900683E-16,-8.7326378626697E-17,1.));
#7510=AXIS2_PLACEMENT_3D('',#7507,#7509,#7508);
#7511=CIRCLE('',#7510,2.);
#7512=EDGE_CURVE('',#6839,#7506,#7511,.T.);
#7513=ORIENTED_EDGE('',*,*,#7512,.T.);
#7514=CARTESIAN_POINT('',(25.166666666676,27.814550271312,8.4999999999848));
#7515=VERTEX_POINT('',#7514);
#7516=CARTESIAN_POINT('',(25.166666666667,27.814550271299,5.));
#7517=DIRECTION('',(2.5721647034627E-12,3.7141083859393E-12,1.));
#7518=VECTOR('',#7517,3.4999999999848);
#7519=LINE('',#7516,#7518);
#7520=EDGE_CURVE('',#7506,#7515,#7519,.T.);
#7521=ORIENTED_EDGE('',*,*,#7520,.T.);
#7522=CARTESIAN_POINT('',(24.5,25.928932188135,8.5));
#7523=DIRECTION('',(0.33333333333546,0.94280904158131,8.8817841969335E-16));
#7524=DIRECTION('',(7.4098889403827E-16,5.2395827175713E-16,-1.));
#7525=AXIS2_PLACEMENT_3D('',#7522,#7524,#7523);
#7526=CIRCLE('',#7525,2.0000000000152);
#7527=EDGE_CURVE('',#7515,#6847,#7526,.T.);
#7528=ORIENTED_EDGE('',*,*,#7527,.T.);
#7529=EDGE_LOOP('',(#7504,#7513,#7521,#7528));
#7530=FACE_OUTER_BOUND('',#7529,.T.);
#7531=ADVANCED_FACE('',(#7530),#7503,.T.);
#7532=CARTESIAN_POINT('',(29.018549126078,21.,3.5));
#7533=DIRECTION('',(1.,0.,2.2153095422502E-16));
#7534=DIRECTION('',(2.2153095422502E-16,0.,-1.));
#7535=AXIS2_PLACEMENT_3D('',#7532,#7534,#7533);
#7536=PLANE('',#7535);
#7537=CARTESIAN_POINT('',(21.,24.,3.5));
#7538=VERTEX_POINT('',#7537);
#7539=CARTESIAN_POINT('',(21.,24.,3.5));
#7540=DIRECTION('',(1.,0.,0.));
#7541=VECTOR('',#7540,5.5);
#7542=LINE('',#7539,#7541);
#7543=EDGE_CURVE('',#7538,#6866,#7542,.T.);
#7544=ORIENTED_EDGE('',*,*,#7543,.T.);
#7545=ORIENTED_EDGE('',*,*,#6871,.F.);
#7546=CARTESIAN_POINT('',(21.,0.,3.5));
#7547=VERTEX_POINT('',#7546);
#7548=CARTESIAN_POINT('',(21.,0.,3.5));
#7549=DIRECTION('',(1.,0.,0.));
#7550=VECTOR('',#7549,5.5);
#7551=LINE('',#7548,#7550);
#7552=EDGE_CURVE('',#7547,#6864,#7551,.T.);
#7553=ORIENTED_EDGE('',*,*,#7552,.F.);
#7554=CARTESIAN_POINT('',(21.,0.,3.5));
#7555=DIRECTION('',(0.,1.,0.));
#7556=VECTOR('',#7555,24.);
#7557=LINE('',#7554,#7556);
#7558=EDGE_CURVE('',#7547,#7538,#7557,.T.);
#7559=ORIENTED_EDGE('',*,*,#7558,.T.);
#7560=EDGE_LOOP('',(#7544,#7545,#7553,#7559));
#7561=FACE_OUTER_BOUND('',#7560,.T.);
#7562=ADVANCED_FACE('',(#7561),#7536,.T.);
#7563=CARTESIAN_POINT('',(26.5,24.,-5.));
#7564=DIRECTION('',(0.,0.,1.));
#7565=DIRECTION('',(0.,-1.,0.));
#7566=AXIS2_PLACEMENT_3D('',#7563,#7565,#7564);
#7567=PLANE('',#7566);
#7568=ORIENTED_EDGE('',*,*,#6879,.F.);
#7569=ORIENTED_EDGE('',*,*,#7543,.F.);
#7570=CARTESIAN_POINT('',(20.5,24.,4.));
#7571=VERTEX_POINT('',#7570);
#7572=CARTESIAN_POINT('',(21.,24.,3.5));
#7573=DIRECTION('',(-0.70710678118655,0.,0.70710678118655));
#7574=VECTOR('',#7573,0.70710678118655);
#7575=LINE('',#7572,#7574);
#7576=EDGE_CURVE('',#7538,#7571,#7575,.T.);
#7577=ORIENTED_EDGE('',*,*,#7576,.T.);
#7578=CARTESIAN_POINT('',(20.5,24.,-4.));
#7579=VERTEX_POINT('',#7578);
#7580=CARTESIAN_POINT('',(20.5,24.,4.));
#7581=DIRECTION('',(0.,0.,-1.));
#7582=VECTOR('',#7581,8.);
#7583=LINE('',#7580,#7582);
#7584=EDGE_CURVE('',#7571,#7579,#7583,.T.);
#7585=ORIENTED_EDGE('',*,*,#7584,.T.);
#7586=CARTESIAN_POINT('',(21.,24.,-3.5));
#7587=VERTEX_POINT('',#7586);
#7588=CARTESIAN_POINT('',(20.5,24.,-4.));
#7589=DIRECTION('',(0.70710678118655,0.,0.70710678118655));
#7590=VECTOR('',#7589,0.70710678118655);
#7591=LINE('',#7588,#7590);
#7592=EDGE_CURVE('',#7579,#7587,#7591,.T.);
#7593=ORIENTED_EDGE('',*,*,#7592,.T.);
#7594=CARTESIAN_POINT('',(21.,24.,-3.5));
#7595=DIRECTION('',(1.,0.,0.));
#7596=VECTOR('',#7595,5.5);
#7597=LINE('',#7594,#7596);
#7598=EDGE_CURVE('',#7587,#6874,#7597,.T.);
#7599=ORIENTED_EDGE('',*,*,#7598,.T.);
#7600=EDGE_LOOP('',(#7568,#7569,#7577,#7585,#7593,#7599));
#7601=FACE_OUTER_BOUND('',#7600,.T.);
#7602=ADVANCED_FACE('',(#7601),#7567,.T.);
#7603=CARTESIAN_POINT('',(29.018549126078,21.,-3.5));
#7604=DIRECTION('',(-1.,0.,2.2153095422502E-16));
#7605=DIRECTION('',(2.2153095422502E-16,0.,1.));
#7606=AXIS2_PLACEMENT_3D('',#7603,#7605,#7604);
#7607=PLANE('',#7606);
#7608=CARTESIAN_POINT('',(21.,0.,-3.5));
#7609=VERTEX_POINT('',#7608);
#7610=CARTESIAN_POINT('',(26.5,0.,-3.5));
#7611=DIRECTION('',(-1.,0.,0.));
#7612=VECTOR('',#7611,5.5);
#7613=LINE('',#7610,#7612);
#7614=EDGE_CURVE('',#6882,#7609,#7613,.T.);
#7615=ORIENTED_EDGE('',*,*,#7614,.F.);
#7616=ORIENTED_EDGE('',*,*,#6887,.F.);
#7617=ORIENTED_EDGE('',*,*,#7598,.F.);
#7618=CARTESIAN_POINT('',(21.,24.,-3.5));
#7619=DIRECTION('',(0.,-1.,0.));
#7620=VECTOR('',#7619,24.);
#7621=LINE('',#7618,#7620);
#7622=EDGE_CURVE('',#7587,#7609,#7621,.T.);
#7623=ORIENTED_EDGE('',*,*,#7622,.T.);
#7624=EDGE_LOOP('',(#7615,#7616,#7617,#7623));
#7625=FACE_OUTER_BOUND('',#7624,.T.);
#7626=ADVANCED_FACE('',(#7625),#7607,.T.);
#7627=CARTESIAN_POINT('',(-7.105427357601E-15,0.,0.));
#7628=DIRECTION('',(0.,0.,1.));
#7629=DIRECTION('',(0.,1.,0.));
#7630=AXIS2_PLACEMENT_3D('',#7627,#7629,#7628);
#7631=PLANE('',#7630);
#7632=CARTESIAN_POINT('',(-21.,0.,-3.5));
#7633=VERTEX_POINT('',#7632);
#7634=CARTESIAN_POINT('',(-21.,0.,-3.5));
#7635=DIRECTION('',(-1.,0.,0.));
#7636=VECTOR('',#7635,5.5);
#7637=LINE('',#7634,#7636);
#7638=EDGE_CURVE('',#7633,#7187,#7637,.T.);
#7639=ORIENTED_EDGE('',*,*,#7638,.T.);
#7640=ORIENTED_EDGE('',*,*,#7192,.F.);
#7641=CARTESIAN_POINT('',(-21.,0.,3.5));
#7642=VERTEX_POINT('',#7641);
#7643=CARTESIAN_POINT('',(-26.5,0.,3.5));
#7644=DIRECTION('',(1.,0.,0.));
#7645=VECTOR('',#7644,5.5);
#7646=LINE('',#7643,#7645);
#7647=EDGE_CURVE('',#7185,#7642,#7646,.T.);
#7648=ORIENTED_EDGE('',*,*,#7647,.T.);
#7649=CARTESIAN_POINT('',(-20.5,-3.0616169978684E-17,4.));
#7650=VERTEX_POINT('',#7649);
#7651=CARTESIAN_POINT('',(-21.,0.,3.5));
#7652=DIRECTION('',(0.70710678118655,-4.3297802811775E-17,0.70710678118655));
#7653=VECTOR('',#7652,0.70710678118655);
#7654=LINE('',#7651,#7653);
#7655=EDGE_CURVE('',#7642,#7650,#7654,.T.);
#7656=ORIENTED_EDGE('',*,*,#7655,.T.);
#7657=CARTESIAN_POINT('',(-20.5,-6.1232339957368E-17,8.));
#7658=VERTEX_POINT('',#7657);
#7659=CARTESIAN_POINT('',(-20.5,-3.0616169978684E-17,4.));
#7660=DIRECTION('',(0.,-7.654042494671E-18,1.));
#7661=VECTOR('',#7660,4.);
#7662=LINE('',#7659,#7661);
#7663=EDGE_CURVE('',#7650,#7658,#7662,.T.);
#7664=ORIENTED_EDGE('',*,*,#7663,.T.);
#7665=CARTESIAN_POINT('',(20.5,0.,8.));
#7666=VERTEX_POINT('',#7665);
#7667=CARTESIAN_POINT('',(-20.5,-6.1232339957368E-17,8.));
#7668=DIRECTION('',(1.,1.4934717062773E-18,0.));
#7669=VECTOR('',#7668,41.);
#7670=LINE('',#7667,#7669);
#7671=EDGE_CURVE('',#7658,#7666,#7670,.T.);
#7672=ORIENTED_EDGE('',*,*,#7671,.T.);
#7673=CARTESIAN_POINT('',(20.5,0.,4.));
#7674=VERTEX_POINT('',#7673);
#7675=CARTESIAN_POINT('',(20.5,0.,8.));
#7676=DIRECTION('',(0.,0.,-1.));
#7677=VECTOR('',#7676,4.);
#7678=LINE('',#7675,#7677);
#7679=EDGE_CURVE('',#7666,#7674,#7678,.T.);
#7680=ORIENTED_EDGE('',*,*,#7679,.T.);
#7681=CARTESIAN_POINT('',(20.5,0.,4.));
#7682=DIRECTION('',(0.70710678118655,0.,-0.70710678118655));
#7683=VECTOR('',#7682,0.70710678118655);
#7684=LINE('',#7681,#7683);
#7685=EDGE_CURVE('',#7674,#7547,#7684,.T.);
#7686=ORIENTED_EDGE('',*,*,#7685,.T.);
#7687=ORIENTED_EDGE('',*,*,#7552,.T.);
#7688=ORIENTED_EDGE('',*,*,#6893,.F.);
#7689=ORIENTED_EDGE('',*,*,#7614,.T.);
#7690=CARTESIAN_POINT('',(20.5,0.,-4.));
#7691=VERTEX_POINT('',#7690);
#7692=CARTESIAN_POINT('',(21.,0.,-3.5));
#7693=DIRECTION('',(-0.70710678118655,0.,-0.70710678118655));
#7694=VECTOR('',#7693,0.70710678118655);
#7695=LINE('',#7692,#7694);
#7696=EDGE_CURVE('',#7609,#7691,#7695,.T.);
#7697=ORIENTED_EDGE('',*,*,#7696,.T.);
#7698=CARTESIAN_POINT('',(20.5,0.,-8.));
#7699=VERTEX_POINT('',#7698);
#7700=CARTESIAN_POINT('',(20.5,0.,-4.));
#7701=DIRECTION('',(0.,0.,-1.));
#7702=VECTOR('',#7701,4.);
#7703=LINE('',#7700,#7702);
#7704=EDGE_CURVE('',#7691,#7699,#7703,.T.);
#7705=ORIENTED_EDGE('',*,*,#7704,.T.);
#7706=CARTESIAN_POINT('',(-20.5,0.,-8.));
#7707=VERTEX_POINT('',#7706);
#7708=CARTESIAN_POINT('',(20.5,0.,-8.));
#7709=DIRECTION('',(-1.,0.,0.));
#7710=VECTOR('',#7709,41.);
#7711=LINE('',#7708,#7710);
#7712=EDGE_CURVE('',#7699,#7707,#7711,.T.);
#7713=ORIENTED_EDGE('',*,*,#7712,.T.);
#7714=CARTESIAN_POINT('',(-20.5,0.,-4.));
#7715=VERTEX_POINT('',#7714);
#7716=CARTESIAN_POINT('',(-20.5,0.,-8.));
#7717=DIRECTION('',(0.,0.,1.));
#7718=VECTOR('',#7717,4.);
#7719=LINE('',#7716,#7718);
#7720=EDGE_CURVE('',#7707,#7715,#7719,.T.);
#7721=ORIENTED_EDGE('',*,*,#7720,.T.);
#7722=CARTESIAN_POINT('',(-20.5,0.,-4.));
#7723=DIRECTION('',(-0.70710678118655,0.,0.70710678118655));
#7724=VECTOR('',#7723,0.70710678118655);
#7725=LINE('',#7722,#7724);
#7726=EDGE_CURVE('',#7715,#7633,#7725,.T.);
#7727=ORIENTED_EDGE('',*,*,#7726,.T.);
#7728=EDGE_LOOP('',(#7639,#7640,#7648,#7656,#7664,#7672,#7680,#7686,#7687,#7688,#7689,#7697,#7705,#7713,#7721,#7727));
#7729=FACE_OUTER_BOUND('',#7728,.T.);
#7730=CARTESIAN_POINT('',(4.8985871965894E-16,0.,4.));
#7731=VERTEX_POINT('',#7730);
#7732=CARTESIAN_POINT('',(0.,0.,-4.));
#7733=VERTEX_POINT('',#7732);
#7734=CARTESIAN_POINT('',(-8.8817841970013E-16,0.,-4.4408920985006E-16));
#7735=DIRECTION('',(3.4450928483977E-16,0.,1.));
#7736=DIRECTION('',(0.,1.,0.));
#7737=AXIS2_PLACEMENT_3D('',#7734,#7736,#7735);
#7738=CIRCLE('',#7737,4.);
#7739=EDGE_CURVE('',#7731,#7733,#7738,.T.);
#7740=ORIENTED_EDGE('',*,*,#7739,.F.);
#7741=CARTESIAN_POINT('',(1.7763568394003E-15,0.,-2.6645352591004E-15));
#7742=DIRECTION('',(-3.2162452993533E-16,0.,1.));
#7743=DIRECTION('',(0.,-1.,-0.));
#7744=AXIS2_PLACEMENT_3D('',#7741,#7743,#7742);
#7745=CIRCLE('',#7744,4.);
#7746=EDGE_CURVE('',#7731,#7733,#7745,.T.);
#7747=ORIENTED_EDGE('',*,*,#7746,.T.);
#7748=EDGE_LOOP('',(#7740,#7747));
#7749=FACE_BOUND('',#7748,.T.);
#7750=ADVANCED_FACE('',(#7729,#7749),#7631,.T.);
#7751=CARTESIAN_POINT('',(24.5,25.928932188135,10.49999999999));
#7752=DIRECTION('',(-0.81649658093002,-0.57735026918638,0.));
#7753=DIRECTION('',(-0.,-0.,-1.));
#7754=AXIS2_PLACEMENT_3D('',#7751,#7753,#7752);
#7755=CONICAL_SURFACE('',#7754,0.,0.78539816339745);
#7756=ORIENTED_EDGE('',*,*,#6911,.F.);
#7757=ORIENTED_EDGE('',*,*,#7527,.F.);
#7758=CARTESIAN_POINT('',(24.666666666661,26.400336708872,10.000000000048));
#7759=DIRECTION('',(0.23570226039227,0.66666666666903,-0.7071067811854));
#7760=VECTOR('',#7759,2.1213203436525);
#7761=LINE('',#7758,#7760);
#7762=EDGE_CURVE('',#6938,#7515,#7761,.T.);
#7763=ORIENTED_EDGE('',*,*,#7762,.F.);
#7764=ORIENTED_EDGE('',*,*,#6944,.F.);
#7765=EDGE_LOOP('',(#7756,#7757,#7763,#7764));
#7766=FACE_OUTER_BOUND('',#7765,.T.);
#7767=ADVANCED_FACE('',(#7766),#7755,.T.);
#7768=CARTESIAN_POINT('',(27.,33.,2.9999999997907));
#7769=DIRECTION('',(0.68131542977417,0.73198994880507,2.2502282739484E-16));
#7770=DIRECTION('',(-3.3027701643192E-16,-0.,1.));
#7771=AXIS2_PLACEMENT_3D('',#7768,#7770,#7769);
#7772=CONICAL_SURFACE('',#7771,0.,0.7853981633785);
#7773=ORIENTED_EDGE('',*,*,#6953,.F.);
#7774=ORIENTED_EDGE('',*,*,#7762,.T.);
#7775=CARTESIAN_POINT('',(21.959166735575,30.800000000028,8.4999999999771));
#7776=VERTEX_POINT('',#7775);
#7777=CARTESIAN_POINT('',(27.,33.,8.4999999999695));
#7778=DIRECTION('',(-0.33333333333259,-0.94280904158233,3.2297397080097E-16));
#7779=DIRECTION('',(-1.6616237924208E-16,-1.7852111688518E-16,-1.));
#7780=AXIS2_PLACEMENT_3D('',#7777,#7779,#7778);
#7781=CIRCLE('',#7780,5.4999999999843);
#7782=EDGE_CURVE('',#7515,#7776,#7781,.T.);
#7783=ORIENTED_EDGE('',*,*,#7782,.T.);
#7784=CARTESIAN_POINT('',(21.959166735575,30.800000000028,8.4999999999771));
#7785=DIRECTION('',(-0.64807406983522,-0.2828427124794,0.70710678118973));
#7786=VECTOR('',#7785,2.1213203436122);
#7787=LINE('',#7784,#7786);
#7788=EDGE_CURVE('',#7776,#6947,#7787,.T.);
#7789=ORIENTED_EDGE('',*,*,#7788,.T.);
#7790=EDGE_LOOP('',(#7773,#7774,#7783,#7789));
#7791=FACE_OUTER_BOUND('',#7790,.T.);
#7792=ADVANCED_FACE('',(#7791),#7772,.F.);
#7793=CARTESIAN_POINT('',(20.126136457566,30.,10.500000000025));
#7794=DIRECTION('',(-0.54772255750318,-0.83666002653538,0.));
#7795=DIRECTION('',(-0.,-0.,-1.));
#7796=AXIS2_PLACEMENT_3D('',#7793,#7795,#7794);
#7797=CONICAL_SURFACE('',#7796,0.,0.78539816339745);
#7798=ORIENTED_EDGE('',*,*,#7788,.F.);
#7799=CARTESIAN_POINT('',(20.126136457566,30.,8.4999999999695));
#7800=DIRECTION('',(0.91651513898817,0.40000000000687,8.881784196843E-16));
#7801=DIRECTION('',(-5.5843114964966E-16,-8.5301767123723E-16,1.));
#7802=AXIS2_PLACEMENT_3D('',#7799,#7801,#7800);
#7803=CIRCLE('',#7802,2.0000000000356);
#7804=EDGE_CURVE('',#7776,#7366,#7803,.T.);
#7805=ORIENTED_EDGE('',*,*,#7804,.T.);
#7806=CARTESIAN_POINT('',(20.126136457566,30.500000000005,9.9999999999955));
#7807=DIRECTION('',(0.,0.70710678118794,-0.70710678118516));
#7808=VECTOR('',#7807,2.1213203435682);
#7809=LINE('',#7806,#7808);
#7810=EDGE_CURVE('',#6956,#7366,#7809,.T.);
#7811=ORIENTED_EDGE('',*,*,#7810,.F.);
#7812=ORIENTED_EDGE('',*,*,#6962,.F.);
#7813=EDGE_LOOP('',(#7798,#7805,#7811,#7812));
#7814=FACE_OUTER_BOUND('',#7813,.T.);
#7815=ADVANCED_FACE('',(#7814),#7797,.T.);
#7816=CARTESIAN_POINT('',(27.,30.5,10.));
#7817=DIRECTION('',(0.,-0.70710678118655,0.70710678118655));
#7818=DIRECTION('',(-4.264551474371E-16,0.70710678118655,0.70710678118655));
#7819=AXIS2_PLACEMENT_3D('',#7816,#7818,#7817);
#7820=PLANE('',#7819);
#7821=ORIENTED_EDGE('',*,*,#7810,.T.);
#7822=ORIENTED_EDGE('',*,*,#7371,.T.);
#7823=CARTESIAN_POINT('',(-20.126136457566,32.000000000005,8.5000000000088));
#7824=DIRECTION('',(0.,-0.70710678118968,0.70710678118341));
#7825=VECTOR('',#7824,2.1213203435502);
#7826=LINE('',#7823,#7825);
#7827=EDGE_CURVE('',#7358,#6965,#7826,.T.);
#7828=ORIENTED_EDGE('',*,*,#7827,.T.);
#7829=ORIENTED_EDGE('',*,*,#6970,.F.);
#7830=EDGE_LOOP('',(#7821,#7822,#7828,#7829));
#7831=FACE_OUTER_BOUND('',#7830,.T.);
#7832=ADVANCED_FACE('',(#7831),#7820,.T.);
#7833=CARTESIAN_POINT('',(-20.126136457566,30.,10.49999999999));
#7834=DIRECTION('',(0.54772255751821,-0.83666002652554,0.));
#7835=DIRECTION('',(-0.,-0.,-1.));
#7836=AXIS2_PLACEMENT_3D('',#7833,#7835,#7834);
#7837=CONICAL_SURFACE('',#7836,0.,0.78539816339745);
#7838=ORIENTED_EDGE('',*,*,#7827,.F.);
#7839=CARTESIAN_POINT('',(-21.959166735606,30.799999999983,8.5000000000056));
#7840=VERTEX_POINT('',#7839);
#7841=CARTESIAN_POINT('',(-20.126136457566,30.,8.5000000000264));
#7842=DIRECTION('',(0.,1.,-8.881784196979E-16));
#7843=DIRECTION('',(-3.7228743309636E-16,5.6867844746964E-16,1.));
#7844=AXIS2_PLACEMENT_3D('',#7841,#7843,#7842);
#7845=CIRCLE('',#7844,2.000000000005);
#7846=EDGE_CURVE('',#7358,#7840,#7845,.T.);
#7847=ORIENTED_EDGE('',*,*,#7846,.T.);
#7848=CARTESIAN_POINT('',(-20.584394027123,30.200000000003,9.9999999999928));
#7849=DIRECTION('',(-0.64807406984425,0.28284271246748,-0.70710678118623));
#7850=VECTOR('',#7849,2.1213203435425);
#7851=LINE('',#7848,#7850);
#7852=EDGE_CURVE('',#6973,#7840,#7851,.T.);
#7853=ORIENTED_EDGE('',*,*,#7852,.F.);
#7854=ORIENTED_EDGE('',*,*,#6979,.F.);
#7855=EDGE_LOOP('',(#7838,#7847,#7853,#7854));
#7856=FACE_OUTER_BOUND('',#7855,.T.);
#7857=ADVANCED_FACE('',(#7856),#7837,.T.);
#7858=CARTESIAN_POINT('',(-27.,33.,2.9999999998211));
#7859=DIRECTION('',(-0.68131542977254,0.73198994880658,2.5849608530964E-16));
#7860=DIRECTION('',(-3.3027701643699E-16,-6.6055403287399E-16,1.));
#7861=AXIS2_PLACEMENT_3D('',#7858,#7860,#7859);
#7862=CONICAL_SURFACE('',#7861,0.,0.7853981633785);
#7863=ORIENTED_EDGE('',*,*,#6988,.F.);
#7864=ORIENTED_EDGE('',*,*,#7852,.T.);
#7865=CARTESIAN_POINT('',(-25.166666666672,27.814550271306,8.5000000000056));
#7866=VERTEX_POINT('',#7865);
#7867=CARTESIAN_POINT('',(-27.,33.,8.5000000000264));
#7868=DIRECTION('',(0.91651513898836,-0.40000000000642,-3.2297397080274E-16));
#7869=DIRECTION('',(-2.4924356886926E-16,2.6778167533691E-16,-1.));
#7870=AXIS2_PLACEMENT_3D('',#7867,#7869,#7868);
#7871=CIRCLE('',#7870,5.4999999999542);
#7872=EDGE_CURVE('',#7840,#7866,#7871,.T.);
#7873=ORIENTED_EDGE('',*,*,#7872,.T.);
#7874=CARTESIAN_POINT('',(-25.166666666672,27.814550271306,8.5000000000056));
#7875=DIRECTION('',(0.23570226039163,-0.66666666665697,0.70710678119699));
#7876=VECTOR('',#7875,2.1213203434674);
#7877=LINE('',#7874,#7876);
#7878=EDGE_CURVE('',#7866,#6982,#7877,.T.);
#7879=ORIENTED_EDGE('',*,*,#7878,.T.);
#7880=EDGE_LOOP('',(#7863,#7864,#7873,#7879));
#7881=FACE_OUTER_BOUND('',#7880,.T.);
#7882=ADVANCED_FACE('',(#7881),#7862,.F.);
#7883=CARTESIAN_POINT('',(-24.5,25.928932188135,10.499999999911));
#7884=DIRECTION('',(0.81649658092683,-0.57735026919089,0.));
#7885=DIRECTION('',(-0.,-0.,-1.));
#7886=AXIS2_PLACEMENT_3D('',#7883,#7885,#7884);
#7887=CONICAL_SURFACE('',#7886,0.,0.78539816339745);
#7888=ORIENTED_EDGE('',*,*,#7878,.F.);
#7889=CARTESIAN_POINT('',(-24.5,25.928932188135,8.4999999999695));
#7890=DIRECTION('',(-0.33333333333462,0.94280904158161,-8.8817841969646E-16));
#7891=DIRECTION('',(-7.409888940396E-16,5.2395827175856E-16,1.));
#7892=AXIS2_PLACEMENT_3D('',#7889,#7891,#7890);
#7893=CIRCLE('',#7892,2.0000000000083);
#7894=EDGE_CURVE('',#7866,#7135,#7893,.T.);
#7895=ORIENTED_EDGE('',*,*,#7894,.T.);
#7896=ORIENTED_EDGE('',*,*,#7140,.F.);
#7897=ORIENTED_EDGE('',*,*,#6997,.F.);
#7898=EDGE_LOOP('',(#7888,#7895,#7896,#7897));
#7899=FACE_OUTER_BOUND('',#7898,.T.);
#7900=ADVANCED_FACE('',(#7899),#7887,.T.);
#7901=CARTESIAN_POINT('',(23.,17.,6.));
#7902=DIRECTION('',(-1.,0.,0.));
#7903=DIRECTION('',(0.,0.,1.));
#7904=AXIS2_PLACEMENT_3D('',#7901,#7903,#7902);
#7905=CYLINDRICAL_SURFACE('',#7904,1.25);
#7906=CARTESIAN_POINT('',(24.25,17.,6.));
#7907=VERTEX_POINT('',#7906);
#7908=CARTESIAN_POINT('',(21.75,17.,6.));
#7909=VERTEX_POINT('',#7908);
#7910=CARTESIAN_POINT('',(23.,17.,6.));
#7911=DIRECTION('',(1.,0.,0.));
#7912=DIRECTION('',(4.2885047732943E-16,-4.2885047732943E-16,-1.));
#7913=AXIS2_PLACEMENT_3D('',#7910,#7912,#7911);
#7914=CIRCLE('',#7913,1.25);
#7915=EDGE_CURVE('',#7907,#7909,#7914,.T.);
#7916=ORIENTED_EDGE('',*,*,#7915,.T.);
#7917=CARTESIAN_POINT('',(21.75,17.,6.));
#7918=DIRECTION('',(0.,0.,1.));
#7919=VECTOR('',#7918,4.);
#7920=LINE('',#7917,#7919);
#7921=EDGE_CURVE('',#7909,#7043,#7920,.T.);
#7922=ORIENTED_EDGE('',*,*,#7921,.T.);
#7923=ORIENTED_EDGE('',*,*,#7051,.T.);
#7924=CARTESIAN_POINT('',(24.25,17.,10.));
#7925=DIRECTION('',(0.,0.,-1.));
#7926=VECTOR('',#7925,4.);
#7927=LINE('',#7924,#7926);
#7928=EDGE_CURVE('',#7045,#7907,#7927,.T.);
#7929=ORIENTED_EDGE('',*,*,#7928,.T.);
#7930=EDGE_LOOP('',(#7916,#7922,#7923,#7929));
#7931=FACE_OUTER_BOUND('',#7930,.T.);
#7932=ADVANCED_FACE('',(#7931),#7905,.F.);
#7933=CARTESIAN_POINT('',(23.,17.,6.));
#7934=DIRECTION('',(0.99999999999979,6.5528642494428E-07,0.));
#7935=DIRECTION('',(0.,0.,1.));
#7936=AXIS2_PLACEMENT_3D('',#7933,#7935,#7934);
#7937=CYLINDRICAL_SURFACE('',#7936,1.25);
#7938=ORIENTED_EDGE('',*,*,#7921,.F.);
#7939=CARTESIAN_POINT('',(23.,17.,6.));
#7940=DIRECTION('',(-1.,0.,0.));
#7941=DIRECTION('',(-4.2885047732943E-16,4.2885047732943E-16,-1.));
#7942=AXIS2_PLACEMENT_3D('',#7939,#7941,#7940);
#7943=CIRCLE('',#7942,1.25);
#7944=EDGE_CURVE('',#7909,#7907,#7943,.T.);
#7945=ORIENTED_EDGE('',*,*,#7944,.T.);
#7946=ORIENTED_EDGE('',*,*,#7928,.F.);
#7947=ORIENTED_EDGE('',*,*,#7058,.F.);
#7948=EDGE_LOOP('',(#7938,#7945,#7946,#7947));
#7949=FACE_OUTER_BOUND('',#7948,.T.);
#7950=ADVANCED_FACE('',(#7949),#7937,.F.);
#7951=CARTESIAN_POINT('',(-23.,17.,6.));
#7952=DIRECTION('',(-1.,-2.8421709430404E-15,-7.105427357601E-16));
#7953=DIRECTION('',(0.,8.8817841970012E-16,1.));
#7954=AXIS2_PLACEMENT_3D('',#7951,#7953,#7952);
#7955=CYLINDRICAL_SURFACE('',#7954,1.25);
#7956=CARTESIAN_POINT('',(-21.75,17.,6.));
#7957=VERTEX_POINT('',#7956);
#7958=CARTESIAN_POINT('',(-24.25,17.,6.));
#7959=VERTEX_POINT('',#7958);
#7960=CARTESIAN_POINT('',(-23.,17.,6.));
#7961=DIRECTION('',(1.,0.,0.));
#7962=DIRECTION('',(4.2885047732943E-16,-4.2885047732943E-16,-1.));
#7963=AXIS2_PLACEMENT_3D('',#7960,#7962,#7961);
#7964=CIRCLE('',#7963,1.25);
#7965=EDGE_CURVE('',#7957,#7959,#7964,.T.);
#7966=ORIENTED_EDGE('',*,*,#7965,.T.);
#7967=CARTESIAN_POINT('',(-24.25,17.,6.));
#7968=DIRECTION('',(0.,0.,1.));
#7969=VECTOR('',#7968,4.);
#7970=LINE('',#7967,#7969);
#7971=EDGE_CURVE('',#7959,#7023,#7970,.T.);
#7972=ORIENTED_EDGE('',*,*,#7971,.T.);
#7973=ORIENTED_EDGE('',*,*,#7031,.T.);
#7974=CARTESIAN_POINT('',(-21.75,17.,10.));
#7975=DIRECTION('',(0.,0.,-1.));
#7976=VECTOR('',#7975,4.);
#7977=LINE('',#7974,#7976);
#7978=EDGE_CURVE('',#7025,#7957,#7977,.T.);
#7979=ORIENTED_EDGE('',*,*,#7978,.T.);
#7980=EDGE_LOOP('',(#7966,#7972,#7973,#7979));
#7981=FACE_OUTER_BOUND('',#7980,.T.);
#7982=ADVANCED_FACE('',(#7981),#7955,.F.);
#7983=CARTESIAN_POINT('',(-23.,17.,6.));
#7984=DIRECTION('',(0.99999999999979,6.5528641925994E-07,7.105427357601E-16));
#7985=DIRECTION('',(0.,0.,1.));
#7986=AXIS2_PLACEMENT_3D('',#7983,#7985,#7984);
#7987=CYLINDRICAL_SURFACE('',#7986,1.25);
#7988=ORIENTED_EDGE('',*,*,#7971,.F.);
#7989=CARTESIAN_POINT('',(-23.,17.,6.));
#7990=DIRECTION('',(-1.,0.,0.));
#7991=DIRECTION('',(-4.2885047732943E-16,4.2885047732943E-16,-1.));
#7992=AXIS2_PLACEMENT_3D('',#7989,#7991,#7990);
#7993=CIRCLE('',#7992,1.25);
#7994=EDGE_CURVE('',#7959,#7957,#7993,.T.);
#7995=ORIENTED_EDGE('',*,*,#7994,.T.);
#7996=ORIENTED_EDGE('',*,*,#7978,.F.);
#7997=ORIENTED_EDGE('',*,*,#7038,.F.);
#7998=EDGE_LOOP('',(#7988,#7995,#7996,#7997));
#7999=FACE_OUTER_BOUND('',#7998,.T.);
#8000=ADVANCED_FACE('',(#7999),#7987,.F.);
#8001=CARTESIAN_POINT('',(-24.5,25.928932188134,5.));
#8002=DIRECTION('',(-1.,-2.0078907425613E-09,-8.8817841970011E-16));
#8003=DIRECTION('',(0.,0.,1.));
#8004=AXIS2_PLACEMENT_3D('',#8001,#8003,#8002);
#8005=CYLINDRICAL_SURFACE('',#8004,2.);
#8006=CARTESIAN_POINT('',(-25.166666666667,27.814550271299,5.));
#8007=VERTEX_POINT('',#8006);
#8008=CARTESIAN_POINT('',(-25.166666666667,27.814550271299,5.));
#8009=DIRECTION('',(-1.4292059599266E-12,1.9996702706359E-12,1.));
#8010=VECTOR('',#8009,3.5000000000056);
#8011=LINE('',#8008,#8010);
#8012=EDGE_CURVE('',#8007,#7866,#8011,.T.);
#8013=ORIENTED_EDGE('',*,*,#8012,.F.);
#8014=CARTESIAN_POINT('',(-24.5,25.928932188135,5.));
#8015=DIRECTION('',(-0.33333333333349,0.94280904158201,-4.4408920985007E-16));
#8016=DIRECTION('',(-3.7049444702048E-16,2.6197913588009E-16,1.));
#8017=AXIS2_PLACEMENT_3D('',#8014,#8016,#8015);
#8018=CIRCLE('',#8017,2.);
#8019=EDGE_CURVE('',#8007,#7161,#8018,.T.);
#8020=ORIENTED_EDGE('',*,*,#8019,.T.);
#8021=ORIENTED_EDGE('',*,*,#7166,.F.);
#8022=ORIENTED_EDGE('',*,*,#7894,.F.);
#8023=EDGE_LOOP('',(#8013,#8020,#8021,#8022));
#8024=FACE_OUTER_BOUND('',#8023,.T.);
#8025=ADVANCED_FACE('',(#8024),#8005,.T.);
#8026=CARTESIAN_POINT('',(-30.266850757798,29.905216303798,-5.));
#8027=DIRECTION('',(-0.68772971026708,0.72596683506615,0.));
#8028=DIRECTION('',(-0.72596683506615,-0.68772971026708,-0.));
#8029=AXIS2_PLACEMENT_3D('',#8026,#8028,#8027);
#8030=PLANE('',#8029);
#8031=CARTESIAN_POINT('',(-30.266850757798,29.905216303798,5.));
#8032=VERTEX_POINT('',#8031);
#8033=CARTESIAN_POINT('',(-30.266850757798,29.905216303798,-5.));
#8034=VERTEX_POINT('',#8033);
#8035=CARTESIAN_POINT('',(-30.266850757798,29.905216303798,5.));
#8036=DIRECTION('',(0.,0.,-1.));
#8037=VECTOR('',#8036,10.);
#8038=LINE('',#8035,#8037);
#8039=EDGE_CURVE('',#8032,#8034,#8038,.T.);
#8040=ORIENTED_EDGE('',*,*,#8039,.T.);
#8041=CARTESIAN_POINT('',(-30.266850757798,29.905216303798,-5.));
#8042=DIRECTION('',(0.68772971026716,-0.72596683506607,0.));
#8043=VECTOR('',#8042,5.4772255750514);
#8044=LINE('',#8041,#8043);
#8045=EDGE_CURVE('',#8034,#7169,#8044,.T.);
#8046=ORIENTED_EDGE('',*,*,#8045,.T.);
#8047=ORIENTED_EDGE('',*,*,#7174,.F.);
#8048=CARTESIAN_POINT('',(-26.5,25.928932188135,5.));
#8049=DIRECTION('',(-0.68772971026716,0.72596683506607,0.));
#8050=VECTOR('',#8049,5.4772255750514);
#8051=LINE('',#8048,#8050);
#8052=EDGE_CURVE('',#7161,#8032,#8051,.T.);
#8053=ORIENTED_EDGE('',*,*,#8052,.T.);
#8054=EDGE_LOOP('',(#8040,#8046,#8047,#8053));
#8055=FACE_OUTER_BOUND('',#8054,.T.);
#8056=ADVANCED_FACE('',(#8055),#8030,.T.);
#8057=CARTESIAN_POINT('',(-21.5,21.,-3.5));
#8058=DIRECTION('',(-1.,0.,2.6645352591004E-16));
#8059=DIRECTION('',(2.6645352591004E-16,0.,1.));
#8060=AXIS2_PLACEMENT_3D('',#8057,#8059,#8058);
#8061=PLANE('',#8060);
#8062=ORIENTED_EDGE('',*,*,#7200,.F.);
#8063=ORIENTED_EDGE('',*,*,#7638,.F.);
#8064=CARTESIAN_POINT('',(-21.,24.,-3.5));
#8065=VERTEX_POINT('',#8064);
#8066=CARTESIAN_POINT('',(-21.,0.,-3.5));
#8067=DIRECTION('',(0.,1.,0.));
#8068=VECTOR('',#8067,24.);
#8069=LINE('',#8066,#8068);
#8070=EDGE_CURVE('',#7633,#8065,#8069,.T.);
#8071=ORIENTED_EDGE('',*,*,#8070,.T.);
#8072=CARTESIAN_POINT('',(-21.,24.,-3.5));
#8073=DIRECTION('',(-1.,0.,0.));
#8074=VECTOR('',#8073,5.5);
#8075=LINE('',#8072,#8074);
#8076=EDGE_CURVE('',#8065,#7195,#8075,.T.);
#8077=ORIENTED_EDGE('',*,*,#8076,.T.);
#8078=EDGE_LOOP('',(#8062,#8063,#8071,#8077));
#8079=FACE_OUTER_BOUND('',#8078,.T.);
#8080=ADVANCED_FACE('',(#8079),#8061,.T.);
#8081=CARTESIAN_POINT('',(-20.5,24.,-5.));
#8082=DIRECTION('',(-1.,-4.1448326252673E-15,0.));
#8083=DIRECTION('',(4.1448326252672E-15,-1.,0.));
#8084=AXIS2_PLACEMENT_3D('',#8081,#8083,#8082);
#8085=PLANE('',#8084);
#8086=CARTESIAN_POINT('',(-20.5,24.,-4.));
#8087=VERTEX_POINT('',#8086);
#8088=CARTESIAN_POINT('',(-21.,24.,-3.5));
#8089=DIRECTION('',(0.70710678118655,0.,-0.70710678118655));
#8090=VECTOR('',#8089,0.70710678118655);
#8091=LINE('',#8088,#8090);
#8092=EDGE_CURVE('',#8065,#8087,#8091,.T.);
#8093=ORIENTED_EDGE('',*,*,#8092,.T.);
#8094=CARTESIAN_POINT('',(-20.5,24.,4.));
#8095=VERTEX_POINT('',#8094);
#8096=CARTESIAN_POINT('',(-20.5,24.,-4.));
#8097=DIRECTION('',(0.,0.,1.));
#8098=VECTOR('',#8097,8.);
#8099=LINE('',#8096,#8098);
#8100=EDGE_CURVE('',#8087,#8095,#8099,.T.);
#8101=ORIENTED_EDGE('',*,*,#8100,.T.);
#8102=CARTESIAN_POINT('',(-21.,24.,3.5));
#8103=VERTEX_POINT('',#8102);
#8104=CARTESIAN_POINT('',(-20.5,24.,4.));
#8105=DIRECTION('',(-0.70710678118655,0.,-0.70710678118655));
#8106=VECTOR('',#8105,0.70710678118655);
#8107=LINE('',#8104,#8106);
#8108=EDGE_CURVE('',#8095,#8103,#8107,.T.);
#8109=ORIENTED_EDGE('',*,*,#8108,.T.);
#8110=CARTESIAN_POINT('',(-26.5,24.,3.5));
#8111=DIRECTION('',(1.,0.,0.));
#8112=VECTOR('',#8111,5.5);
#8113=LINE('',#8110,#8112);
#8114=EDGE_CURVE('',#7203,#8103,#8113,.T.);
#8115=ORIENTED_EDGE('',*,*,#8114,.F.);
#8116=ORIENTED_EDGE('',*,*,#7208,.F.);
#8117=ORIENTED_EDGE('',*,*,#8076,.F.);
#8118=EDGE_LOOP('',(#8093,#8101,#8109,#8115,#8116,#8117));
#8119=FACE_OUTER_BOUND('',#8118,.T.);
#8120=ADVANCED_FACE('',(#8119),#8085,.T.);
#8121=CARTESIAN_POINT('',(-21.5,21.,3.5));
#8122=DIRECTION('',(1.,0.,2.6645352591004E-16));
#8123=DIRECTION('',(2.6645352591004E-16,0.,-1.));
#8124=AXIS2_PLACEMENT_3D('',#8121,#8123,#8122);
#8125=PLANE('',#8124);
#8126=CARTESIAN_POINT('',(-21.,24.,3.5));
#8127=DIRECTION('',(0.,-1.,0.));
#8128=VECTOR('',#8127,24.);
#8129=LINE('',#8126,#8128);
#8130=EDGE_CURVE('',#8103,#7642,#8129,.T.);
#8131=ORIENTED_EDGE('',*,*,#8130,.T.);
#8132=ORIENTED_EDGE('',*,*,#7647,.F.);
#8133=ORIENTED_EDGE('',*,*,#7214,.F.);
#8134=ORIENTED_EDGE('',*,*,#8114,.T.);
#8135=EDGE_LOOP('',(#8131,#8132,#8133,#8134));
#8136=FACE_OUTER_BOUND('',#8135,.T.);
#8137=ADVANCED_FACE('',(#8136),#8125,.T.);
#8138=CARTESIAN_POINT('',(-20.577383710667,34.,-5.));
#8139=DIRECTION('',(-1.,0.,0.));
#8140=DIRECTION('',(0.,0.,-1.));
#8141=AXIS2_PLACEMENT_3D('',#8138,#8140,#8139);
#8142=PLANE('',#8141);
#8143=CARTESIAN_POINT('',(-22.553573338154,33.692307692308,-5.));
#8144=VERTEX_POINT('',#8143);
#8145=CARTESIAN_POINT('',(-20.577383710667,34.,-5.));
#8146=DIRECTION('',(1.7763568394003E-15,-1.,0.));
#8147=DIRECTION('',(0.,0.,-1.));
#8148=AXIS2_PLACEMENT_3D('',#8145,#8147,#8146);
#8149=CIRCLE('',#8148,2.);
#8150=EDGE_CURVE('',#7334,#8144,#8149,.T.);
#8151=ORIENTED_EDGE('',*,*,#8150,.F.);
#8152=ORIENTED_EDGE('',*,*,#7339,.F.);
#8153=ORIENTED_EDGE('',*,*,#7289,.F.);
#8154=ORIENTED_EDGE('',*,*,#7256,.F.);
#8155=ORIENTED_EDGE('',*,*,#7239,.F.);
#8156=ORIENTED_EDGE('',*,*,#8045,.F.);
#8157=CARTESIAN_POINT('',(-27.,33.,-5.));
#8158=DIRECTION('',(-0.72596683506617,-0.68772971026706,0.));
#8159=DIRECTION('',(-4.2619717229546E-16,-6.4735097304812E-17,-1.));
#8160=AXIS2_PLACEMENT_3D('',#8157,#8159,#8158);
#8161=CIRCLE('',#8160,4.5000000000003);
#8162=EDGE_CURVE('',#8034,#8144,#8161,.T.);
#8163=ORIENTED_EDGE('',*,*,#8162,.T.);
#8164=EDGE_LOOP('',(#8151,#8152,#8153,#8154,#8155,#8156,#8163));
#8165=FACE_OUTER_BOUND('',#8164,.T.);
#8166=CARTESIAN_POINT('',(-25.5,33.,-5.));
#8167=VERTEX_POINT('',#8166);
#8168=CARTESIAN_POINT('',(-28.5,33.,-5.));
#8169=VERTEX_POINT('',#8168);
#8170=CARTESIAN_POINT('',(-27.,33.,-5.));
#8171=DIRECTION('',(1.,0.,0.));
#8172=DIRECTION('',(0.,0.,1.));
#8173=AXIS2_PLACEMENT_3D('',#8170,#8172,#8171);
#8174=CIRCLE('',#8173,1.5);
#8175=EDGE_CURVE('',#8167,#8169,#8174,.T.);
#8176=ORIENTED_EDGE('',*,*,#8175,.T.);
#8177=CARTESIAN_POINT('',(-27.,33.,-5.));
#8178=DIRECTION('',(1.,4.736951571734E-15,0.));
#8179=DIRECTION('',(-0.,0.,-1.));
#8180=AXIS2_PLACEMENT_3D('',#8177,#8179,#8178);
#8181=CIRCLE('',#8180,1.5);
#8182=EDGE_CURVE('',#8167,#8169,#8181,.T.);
#8183=ORIENTED_EDGE('',*,*,#8182,.F.);
#8184=EDGE_LOOP('',(#8176,#8183));
#8185=FACE_BOUND('',#8184,.T.);
#8186=ADVANCED_FACE('',(#8165,#8185),#8142,.T.);
#8187=CARTESIAN_POINT('',(-20.577383710667,34.,5.));
#8188=DIRECTION('',(-1.,0.,0.));
#8189=DIRECTION('',(0.,0.,1.));
#8190=AXIS2_PLACEMENT_3D('',#8187,#8189,#8188);
#8191=PLANE('',#8190);
#8192=CARTESIAN_POINT('',(21.959166735549,30.8,5.));
#8193=VERTEX_POINT('',#8192);
#8194=CARTESIAN_POINT('',(27.,33.,5.));
#8195=DIRECTION('',(-0.3333333333333,-0.94280904158208,8.0743492700018E-16));
#8196=DIRECTION('',(-5.4002773253925E-16,-5.8019362988071E-16,-1.));
#8197=AXIS2_PLACEMENT_3D('',#8194,#8196,#8195);
#8198=CIRCLE('',#8197,5.4999999999996);
#8199=EDGE_CURVE('',#7506,#8193,#8198,.T.);
#8200=ORIENTED_EDGE('',*,*,#8199,.F.);
#8201=ORIENTED_EDGE('',*,*,#7512,.F.);
#8202=ORIENTED_EDGE('',*,*,#7494,.F.);
#8203=CARTESIAN_POINT('',(31.5,33.,5.));
#8204=VERTEX_POINT('',#8203);
#8205=CARTESIAN_POINT('',(27.,33.,5.));
#8206=DIRECTION('',(1.,1.5789838572447E-15,1.9737298215558E-16));
#8207=DIRECTION('',(-8.0666101620135E-17,3.2142259960321E-17,-1.));
#8208=AXIS2_PLACEMENT_3D('',#8205,#8207,#8206);
#8209=CIRCLE('',#8208,4.5);
#8210=EDGE_CURVE('',#8204,#7483,#8209,.T.);
#8211=ORIENTED_EDGE('',*,*,#8210,.F.);
#8212=CARTESIAN_POINT('',(22.553573338154,33.692307692308,5.));
#8213=VERTEX_POINT('',#8212);
#8214=CARTESIAN_POINT('',(27.,33.,5.));
#8215=DIRECTION('',(1.,0.,0.));
#8216=DIRECTION('',(0.,0.,1.));
#8217=AXIS2_PLACEMENT_3D('',#8214,#8216,#8215);
#8218=CIRCLE('',#8217,4.5);
#8219=EDGE_CURVE('',#8204,#8213,#8218,.T.);
#8220=ORIENTED_EDGE('',*,*,#8219,.T.);
#8221=CARTESIAN_POINT('',(20.577383710667,34.,5.));
#8222=DIRECTION('',(1.7763568394003E-15,-1.,0.));
#8223=DIRECTION('',(0.,-0.,1.));
#8224=AXIS2_PLACEMENT_3D('',#8221,#8223,#8222);
#8225=CIRCLE('',#8224,2.);
#8226=EDGE_CURVE('',#7302,#8213,#8225,.T.);
#8227=ORIENTED_EDGE('',*,*,#8226,.F.);
#8228=ORIENTED_EDGE('',*,*,#7307,.F.);
#8229=CARTESIAN_POINT('',(20.126136457566,30.,5.));
#8230=DIRECTION('',(0.91651513899122,0.39999999999988,0.));
#8231=DIRECTION('',(-9.3071858275925E-17,-1.4216961187319E-16,1.));
#8232=AXIS2_PLACEMENT_3D('',#8229,#8231,#8230);
#8233=CIRCLE('',#8232,2.0000000000006);
#8234=EDGE_CURVE('',#8193,#7300,#8233,.T.);
#8235=ORIENTED_EDGE('',*,*,#8234,.F.);
#8236=EDGE_LOOP('',(#8200,#8201,#8202,#8211,#8220,#8227,#8228,#8235));
#8237=FACE_OUTER_BOUND('',#8236,.T.);
#8238=CARTESIAN_POINT('',(25.5,33.,5.));
#8239=VERTEX_POINT('',#8238);
#8240=CARTESIAN_POINT('',(28.5,33.,5.));
#8241=VERTEX_POINT('',#8240);
#8242=CARTESIAN_POINT('',(27.,33.,5.));
#8243=DIRECTION('',(-1.,0.,0.));
#8244=DIRECTION('',(0.,0.,-1.));
#8245=AXIS2_PLACEMENT_3D('',#8242,#8244,#8243);
#8246=CIRCLE('',#8245,1.5);
#8247=EDGE_CURVE('',#8239,#8241,#8246,.T.);
#8248=ORIENTED_EDGE('',*,*,#8247,.T.);
#8249=CARTESIAN_POINT('',(27.,33.,5.));
#8250=DIRECTION('',(-1.,4.736951571734E-15,0.));
#8251=DIRECTION('',(-0.,0.,1.));
#8252=AXIS2_PLACEMENT_3D('',#8249,#8251,#8250);
#8253=CIRCLE('',#8252,1.5);
#8254=EDGE_CURVE('',#8239,#8241,#8253,.T.);
#8255=ORIENTED_EDGE('',*,*,#8254,.F.);
#8256=EDGE_LOOP('',(#8248,#8255));
#8257=FACE_BOUND('',#8256,.T.);
#8258=ADVANCED_FACE('',(#8237,#8257),#8191,.T.);
#8259=CARTESIAN_POINT('',(20.577383710667,34.,-5.));
#8260=DIRECTION('',(-7.6480866084694E-10,-1.,1.3322676295502E-15));
#8261=DIRECTION('',(-7.105427357601E-16,1.4210854715202E-15,1.));
#8262=AXIS2_PLACEMENT_3D('',#8259,#8261,#8260);
#8263=CYLINDRICAL_SURFACE('',#8262,2.);
#8264=CARTESIAN_POINT('',(22.553573338154,33.692307692308,5.));
#8265=DIRECTION('',(0.,0.,-1.));
#8266=VECTOR('',#8265,10.);
#8267=LINE('',#8264,#8266);
#8268=EDGE_CURVE('',#8213,#7420,#8267,.T.);
#8269=ORIENTED_EDGE('',*,*,#8268,.T.);
#8270=ORIENTED_EDGE('',*,*,#7426,.F.);
#8271=ORIENTED_EDGE('',*,*,#7315,.F.);
#8272=ORIENTED_EDGE('',*,*,#8226,.T.);
#8273=EDGE_LOOP('',(#8269,#8270,#8271,#8272));
#8274=FACE_OUTER_BOUND('',#8273,.T.);
#8275=ADVANCED_FACE('',(#8274),#8263,.F.);
#8276=CARTESIAN_POINT('',(-20.577383710667,34.,-5.));
#8277=DIRECTION('',(-0.98809481386116,-0.1538461530903,0.));
#8278=DIRECTION('',(-3.5527136788005E-16,7.105427357601E-16,1.));
#8279=AXIS2_PLACEMENT_3D('',#8276,#8278,#8277);
#8280=CYLINDRICAL_SURFACE('',#8279,2.);
#8281=ORIENTED_EDGE('',*,*,#7347,.F.);
#8282=ORIENTED_EDGE('',*,*,#8150,.T.);
#8283=CARTESIAN_POINT('',(-22.553573338154,33.692307692308,5.));
#8284=VERTEX_POINT('',#8283);
#8285=CARTESIAN_POINT('',(-22.553573338154,33.692307692308,-5.));
#8286=DIRECTION('',(0.,0.,1.));
#8287=VECTOR('',#8286,10.);
#8288=LINE('',#8285,#8287);
#8289=EDGE_CURVE('',#8144,#8284,#8288,.T.);
#8290=ORIENTED_EDGE('',*,*,#8289,.T.);
#8291=CARTESIAN_POINT('',(-20.577383710667,34.,5.));
#8292=DIRECTION('',(-0.9880948137435,-0.153846153846,0.));
#8293=DIRECTION('',(-0.,0.,1.));
#8294=AXIS2_PLACEMENT_3D('',#8291,#8293,#8292);
#8295=CIRCLE('',#8294,2.);
#8296=EDGE_CURVE('',#8284,#7342,#8295,.T.);
#8297=ORIENTED_EDGE('',*,*,#8296,.T.);
#8298=EDGE_LOOP('',(#8281,#8282,#8290,#8297));
#8299=FACE_OUTER_BOUND('',#8298,.T.);
#8300=ADVANCED_FACE('',(#8299),#8280,.F.);
#8301=CARTESIAN_POINT('',(-20.577383710667,34.,5.));
#8302=DIRECTION('',(-1.,0.,0.));
#8303=DIRECTION('',(0.,0.,1.));
#8304=AXIS2_PLACEMENT_3D('',#8301,#8303,#8302);
#8305=PLANE('',#8304);
#8306=ORIENTED_EDGE('',*,*,#7355,.F.);
#8307=ORIENTED_EDGE('',*,*,#8296,.F.);
#8308=CARTESIAN_POINT('',(-27.,33.,5.));
#8309=DIRECTION('',(0.98809481374346,0.15384615384621,0.));
#8310=DIRECTION('',(-3.3442367103226E-16,-1.3030624512847E-16,1.));
#8311=AXIS2_PLACEMENT_3D('',#8308,#8310,#8309);
#8312=CIRCLE('',#8311,4.5000000000004);
#8313=EDGE_CURVE('',#8284,#8032,#8312,.T.);
#8314=ORIENTED_EDGE('',*,*,#8313,.T.);
#8315=ORIENTED_EDGE('',*,*,#8052,.F.);
#8316=ORIENTED_EDGE('',*,*,#8019,.F.);
#8317=CARTESIAN_POINT('',(-21.959166735549,30.8,5.));
#8318=VERTEX_POINT('',#8317);
#8319=CARTESIAN_POINT('',(-27.,33.,5.));
#8320=DIRECTION('',(0.91651513899116,-0.40000000000003,3.2297397080007E-16));
#8321=DIRECTION('',(3.738653532964E-16,-4.0167251299434E-16,-1.));
#8322=AXIS2_PLACEMENT_3D('',#8319,#8321,#8320);
#8323=CIRCLE('',#8322,5.4999999999996);
#8324=EDGE_CURVE('',#8318,#8007,#8323,.T.);
#8325=ORIENTED_EDGE('',*,*,#8324,.F.);
#8326=CARTESIAN_POINT('',(-20.126136457566,30.,5.));
#8327=DIRECTION('',(-1.7763568394002E-15,1.,0.));
#8328=DIRECTION('',(0.,0.,1.));
#8329=AXIS2_PLACEMENT_3D('',#8326,#8328,#8327);
#8330=CIRCLE('',#8329,2.);
#8331=EDGE_CURVE('',#7350,#8318,#8330,.T.);
#8332=ORIENTED_EDGE('',*,*,#8331,.F.);
#8333=EDGE_LOOP('',(#8306,#8307,#8314,#8315,#8316,#8325,#8332));
#8334=FACE_OUTER_BOUND('',#8333,.T.);
#8335=CARTESIAN_POINT('',(-28.5,33.,5.));
#8336=VERTEX_POINT('',#8335);
#8337=CARTESIAN_POINT('',(-25.5,33.,5.));
#8338=VERTEX_POINT('',#8337);
#8339=CARTESIAN_POINT('',(-27.,33.,5.));
#8340=DIRECTION('',(-1.,-4.736951571734E-15,0.));
#8341=DIRECTION('',(0.,0.,-1.));
#8342=AXIS2_PLACEMENT_3D('',#8339,#8341,#8340);
#8343=CIRCLE('',#8342,1.5);
#8344=EDGE_CURVE('',#8336,#8338,#8343,.T.);
#8345=ORIENTED_EDGE('',*,*,#8344,.T.);
#8346=CARTESIAN_POINT('',(-27.,33.,5.));
#8347=DIRECTION('',(-1.,4.736951571734E-15,0.));
#8348=DIRECTION('',(-0.,0.,1.));
#8349=AXIS2_PLACEMENT_3D('',#8346,#8348,#8347);
#8350=CIRCLE('',#8349,1.5);
#8351=EDGE_CURVE('',#8336,#8338,#8350,.T.);
#8352=ORIENTED_EDGE('',*,*,#8351,.F.);
#8353=EDGE_LOOP('',(#8345,#8352));
#8354=FACE_BOUND('',#8353,.T.);
#8355=ADVANCED_FACE('',(#8334,#8354),#8305,.T.);
#8356=CARTESIAN_POINT('',(-20.126136457566,30.,5.));
#8357=DIRECTION('',(-0.91651513996519,0.39999999776824,-4.4408920985008E-16));
#8358=DIRECTION('',(0.,0.,1.));
#8359=AXIS2_PLACEMENT_3D('',#8356,#8358,#8357);
#8360=CYLINDRICAL_SURFACE('',#8359,1.9999999999999);
#8361=ORIENTED_EDGE('',*,*,#7363,.F.);
#8362=ORIENTED_EDGE('',*,*,#8331,.T.);
#8363=CARTESIAN_POINT('',(-21.959166735606,30.799999999983,8.5000000000056));
#8364=DIRECTION('',(1.6285639503595E-11,4.8570671294381E-12,-1.));
#8365=VECTOR('',#8364,3.5000000000056);
#8366=LINE('',#8363,#8365);
#8367=EDGE_CURVE('',#7840,#8318,#8366,.T.);
#8368=ORIENTED_EDGE('',*,*,#8367,.F.);
#8369=ORIENTED_EDGE('',*,*,#7846,.F.);
#8370=EDGE_LOOP('',(#8361,#8362,#8368,#8369));
#8371=FACE_OUTER_BOUND('',#8370,.T.);
#8372=ADVANCED_FACE('',(#8371),#8360,.T.);
#8373=CARTESIAN_POINT('',(20.126136457566,30.,5.));
#8374=DIRECTION('',(-2.4157049693938E-09,1.,0.));
#8375=DIRECTION('',(0.,0.,1.));
#8376=AXIS2_PLACEMENT_3D('',#8373,#8375,#8374);
#8377=CYLINDRICAL_SURFACE('',#8376,2.0000000000002);
#8378=CARTESIAN_POINT('',(21.959166735549,30.8,5.));
#8379=DIRECTION('',(7.4282167718949E-12,7.99969614366E-12,1.));
#8380=VECTOR('',#8379,3.4999999999771);
#8381=LINE('',#8378,#8380);
#8382=EDGE_CURVE('',#8193,#7776,#8381,.T.);
#8383=ORIENTED_EDGE('',*,*,#8382,.F.);
#8384=ORIENTED_EDGE('',*,*,#8234,.T.);
#8385=ORIENTED_EDGE('',*,*,#7377,.F.);
#8386=ORIENTED_EDGE('',*,*,#7804,.F.);
#8387=EDGE_LOOP('',(#8383,#8384,#8385,#8386));
#8388=FACE_OUTER_BOUND('',#8387,.T.);
#8389=ADVANCED_FACE('',(#8388),#8377,.T.);
#8390=CARTESIAN_POINT('',(27.,33.,-5.));
#8391=DIRECTION('',(-0.98809481339903,0.15384615605838,7.8949192862233E-16));
#8392=DIRECTION('',(0.,-7.105427357601E-16,1.));
#8393=AXIS2_PLACEMENT_3D('',#8390,#8392,#8391);
#8394=CYLINDRICAL_SURFACE('',#8393,4.5);
#8395=CARTESIAN_POINT('',(31.5,33.,-5.));
#8396=DIRECTION('',(0.,0.,1.));
#8397=VECTOR('',#8396,10.);
#8398=LINE('',#8395,#8397);
#8399=EDGE_CURVE('',#7429,#8204,#8398,.T.);
#8400=ORIENTED_EDGE('',*,*,#8399,.F.);
#8401=ORIENTED_EDGE('',*,*,#7435,.F.);
#8402=ORIENTED_EDGE('',*,*,#8268,.F.);
#8403=ORIENTED_EDGE('',*,*,#8219,.F.);
#8404=EDGE_LOOP('',(#8400,#8401,#8402,#8403));
#8405=FACE_OUTER_BOUND('',#8404,.T.);
#8406=ADVANCED_FACE('',(#8405),#8394,.T.);
#8407=CARTESIAN_POINT('',(27.,33.,-5.));
#8408=DIRECTION('',(0.99999999999999,1.2409811410585E-07,1.7763568394003E-15));
#8409=DIRECTION('',(-2.1316282072803E-15,7.105427357601E-16,1.));
#8410=AXIS2_PLACEMENT_3D('',#8407,#8409,#8408);
#8411=CYLINDRICAL_SURFACE('',#8410,4.4999999999998);
#8412=ORIENTED_EDGE('',*,*,#7444,.T.);
#8413=ORIENTED_EDGE('',*,*,#8399,.T.);
#8414=ORIENTED_EDGE('',*,*,#8210,.T.);
#8415=ORIENTED_EDGE('',*,*,#7488,.T.);
#8416=EDGE_LOOP('',(#8412,#8413,#8414,#8415));
#8417=FACE_OUTER_BOUND('',#8416,.T.);
#8418=ADVANCED_FACE('',(#8417),#8411,.T.);
#8419=CARTESIAN_POINT('',(27.,33.,-5.));
#8420=DIRECTION('',(0.99999999999966,8.2763870068447E-07,1.7763568394002E-15));
#8421=DIRECTION('',(-3.5527136788005E-16,-2.1316282072803E-15,1.));
#8422=AXIS2_PLACEMENT_3D('',#8419,#8421,#8420);
#8423=CYLINDRICAL_SURFACE('',#8422,1.5);
#8424=CARTESIAN_POINT('',(25.5,33.,-5.));
#8425=DIRECTION('',(0.,0.,1.));
#8426=VECTOR('',#8425,10.);
#8427=LINE('',#8424,#8426);
#8428=EDGE_CURVE('',#7457,#8239,#8427,.T.);
#8429=ORIENTED_EDGE('',*,*,#8428,.F.);
#8430=ORIENTED_EDGE('',*,*,#7463,.F.);
#8431=CARTESIAN_POINT('',(28.5,33.,5.));
#8432=DIRECTION('',(0.,0.,-1.));
#8433=VECTOR('',#8432,10.);
#8434=LINE('',#8431,#8433);
#8435=EDGE_CURVE('',#8241,#7455,#8434,.T.);
#8436=ORIENTED_EDGE('',*,*,#8435,.F.);
#8437=ORIENTED_EDGE('',*,*,#8247,.F.);
#8438=EDGE_LOOP('',(#8429,#8430,#8436,#8437));
#8439=FACE_OUTER_BOUND('',#8438,.T.);
#8440=ADVANCED_FACE('',(#8439),#8423,.F.);
#8441=CARTESIAN_POINT('',(27.,33.,-5.));
#8442=DIRECTION('',(-1.,1.8947806286936E-14,1.1842378929335E-15));
#8443=DIRECTION('',(0.,2.8421709430404E-15,1.));
#8444=AXIS2_PLACEMENT_3D('',#8441,#8443,#8442);
#8445=CYLINDRICAL_SURFACE('',#8444,1.5);
#8446=ORIENTED_EDGE('',*,*,#7470,.T.);
#8447=ORIENTED_EDGE('',*,*,#8428,.T.);
#8448=ORIENTED_EDGE('',*,*,#8254,.T.);
#8449=ORIENTED_EDGE('',*,*,#8435,.T.);
#8450=EDGE_LOOP('',(#8446,#8447,#8448,#8449));
#8451=FACE_OUTER_BOUND('',#8450,.T.);
#8452=ADVANCED_FACE('',(#8451),#8445,.F.);
#8453=CARTESIAN_POINT('',(27.,33.,8.4999999999848));
#8454=DIRECTION('',(-0.33333316249419,-0.9428091019828,0.));
#8455=DIRECTION('',(0.,0.,-1.));
#8456=AXIS2_PLACEMENT_3D('',#8453,#8455,#8454);
#8457=CYLINDRICAL_SURFACE('',#8456,5.4999999999999);
#8458=ORIENTED_EDGE('',*,*,#7782,.F.);
#8459=ORIENTED_EDGE('',*,*,#7520,.F.);
#8460=ORIENTED_EDGE('',*,*,#8199,.T.);
#8461=ORIENTED_EDGE('',*,*,#8382,.T.);
#8462=EDGE_LOOP('',(#8458,#8459,#8460,#8461));
#8463=FACE_OUTER_BOUND('',#8462,.T.);
#8464=ADVANCED_FACE('',(#8463),#8457,.F.);
#8465=CARTESIAN_POINT('',(21.,21.,3.5));
#8466=DIRECTION('',(0.70710678118655,0.,-0.70710678118654));
#8467=DIRECTION('',(-0.70710678118654,-0.,-0.70710678118655));
#8468=AXIS2_PLACEMENT_3D('',#8465,#8467,#8466);
#8469=PLANE('',#8468);
#8470=CARTESIAN_POINT('',(20.5,24.,4.));
#8471=DIRECTION('',(0.,-1.,0.));
#8472=VECTOR('',#8471,24.);
#8473=LINE('',#8470,#8472);
#8474=EDGE_CURVE('',#7571,#7674,#8473,.T.);
#8475=ORIENTED_EDGE('',*,*,#8474,.F.);
#8476=ORIENTED_EDGE('',*,*,#7576,.F.);
#8477=ORIENTED_EDGE('',*,*,#7558,.F.);
#8478=ORIENTED_EDGE('',*,*,#7685,.F.);
#8479=EDGE_LOOP('',(#8475,#8476,#8477,#8478));
#8480=FACE_OUTER_BOUND('',#8479,.T.);
#8481=ADVANCED_FACE('',(#8480),#8469,.T.);
#8482=CARTESIAN_POINT('',(20.5,0.,3.5));
#8483=DIRECTION('',(3.0893162424352E-16,0.,-1.));
#8484=DIRECTION('',(-1.,-0.,-3.0893162424352E-16));
#8485=AXIS2_PLACEMENT_3D('',#8482,#8484,#8483);
#8486=PLANE('',#8485);
#8487=ORIENTED_EDGE('',*,*,#7584,.F.);
#8488=ORIENTED_EDGE('',*,*,#8474,.T.);
#8489=ORIENTED_EDGE('',*,*,#7679,.F.);
#8490=CARTESIAN_POINT('',(20.5,26.,8.));
#8491=VERTEX_POINT('',#8490);
#8492=CARTESIAN_POINT('',(20.5,0.,8.));
#8493=DIRECTION('',(0.,1.,0.));
#8494=VECTOR('',#8493,26.);
#8495=LINE('',#8492,#8494);
#8496=EDGE_CURVE('',#7666,#8491,#8495,.T.);
#8497=ORIENTED_EDGE('',*,*,#8496,.T.);
#8498=CARTESIAN_POINT('',(20.5,26.,-8.));
#8499=VERTEX_POINT('',#8498);
#8500=CARTESIAN_POINT('',(20.5,26.,8.));
#8501=DIRECTION('',(0.,0.,-1.));
#8502=VECTOR('',#8501,16.);
#8503=LINE('',#8500,#8502);
#8504=EDGE_CURVE('',#8491,#8499,#8503,.T.);
#8505=ORIENTED_EDGE('',*,*,#8504,.T.);
#8506=CARTESIAN_POINT('',(20.5,0.,-8.));
#8507=DIRECTION('',(0.,1.,0.));
#8508=VECTOR('',#8507,26.);
#8509=LINE('',#8506,#8508);
#8510=EDGE_CURVE('',#7699,#8499,#8509,.T.);
#8511=ORIENTED_EDGE('',*,*,#8510,.F.);
#8512=ORIENTED_EDGE('',*,*,#7704,.F.);
#8513=CARTESIAN_POINT('',(20.5,0.,-4.));
#8514=DIRECTION('',(0.,1.,0.));
#8515=VECTOR('',#8514,24.);
#8516=LINE('',#8513,#8515);
#8517=EDGE_CURVE('',#7691,#7579,#8516,.T.);
#8518=ORIENTED_EDGE('',*,*,#8517,.T.);
#8519=EDGE_LOOP('',(#8487,#8488,#8489,#8497,#8505,#8511,#8512,#8518));
#8520=FACE_OUTER_BOUND('',#8519,.T.);
#8521=ADVANCED_FACE('',(#8520),#8486,.T.);
#8522=CARTESIAN_POINT('',(21.,21.,-3.5));
#8523=DIRECTION('',(-0.70710678118655,0.,-0.70710678118654));
#8524=DIRECTION('',(-0.70710678118654,0.,0.70710678118655));
#8525=AXIS2_PLACEMENT_3D('',#8522,#8524,#8523);
#8526=PLANE('',#8525);
#8527=ORIENTED_EDGE('',*,*,#7622,.F.);
#8528=ORIENTED_EDGE('',*,*,#7592,.F.);
#8529=ORIENTED_EDGE('',*,*,#8517,.F.);
#8530=ORIENTED_EDGE('',*,*,#7696,.F.);
#8531=EDGE_LOOP('',(#8527,#8528,#8529,#8530));
#8532=FACE_OUTER_BOUND('',#8531,.T.);
#8533=ADVANCED_FACE('',(#8532),#8526,.T.);
#8534=CARTESIAN_POINT('',(-21.,21.,3.5));
#8535=DIRECTION('',(0.70710678118655,0.,0.70710678118655));
#8536=DIRECTION('',(0.70710678118655,0.,-0.70710678118655));
#8537=AXIS2_PLACEMENT_3D('',#8534,#8536,#8535);
#8538=PLANE('',#8537);
#8539=ORIENTED_EDGE('',*,*,#8130,.F.);
#8540=ORIENTED_EDGE('',*,*,#8108,.F.);
#8541=CARTESIAN_POINT('',(-20.5,-3.0616169978684E-17,4.));
#8542=DIRECTION('',(0.,1.,0.));
#8543=VECTOR('',#8542,24.);
#8544=LINE('',#8541,#8543);
#8545=EDGE_CURVE('',#7650,#8095,#8544,.T.);
#8546=ORIENTED_EDGE('',*,*,#8545,.F.);
#8547=ORIENTED_EDGE('',*,*,#7655,.F.);
#8548=EDGE_LOOP('',(#8539,#8540,#8546,#8547));
#8549=FACE_OUTER_BOUND('',#8548,.T.);
#8550=ADVANCED_FACE('',(#8549),#8538,.T.);
#8551=CARTESIAN_POINT('',(-20.5,0.,3.5));
#8552=DIRECTION('',(-3.0893162424352E-16,0.,1.));
#8553=DIRECTION('',(1.,0.,3.0893162424352E-16));
#8554=AXIS2_PLACEMENT_3D('',#8551,#8553,#8552);
#8555=PLANE('',#8554);
#8556=ORIENTED_EDGE('',*,*,#8100,.F.);
#8557=CARTESIAN_POINT('',(-20.5,24.,-4.));
#8558=DIRECTION('',(0.,-1.,0.));
#8559=VECTOR('',#8558,24.);
#8560=LINE('',#8557,#8559);
#8561=EDGE_CURVE('',#8087,#7715,#8560,.T.);
#8562=ORIENTED_EDGE('',*,*,#8561,.T.);
#8563=ORIENTED_EDGE('',*,*,#7720,.F.);
#8564=CARTESIAN_POINT('',(-20.5,26.,-8.));
#8565=VERTEX_POINT('',#8564);
#8566=CARTESIAN_POINT('',(-20.5,0.,-8.));
#8567=DIRECTION('',(0.,1.,0.));
#8568=VECTOR('',#8567,26.);
#8569=LINE('',#8566,#8568);
#8570=EDGE_CURVE('',#7707,#8565,#8569,.T.);
#8571=ORIENTED_EDGE('',*,*,#8570,.T.);
#8572=CARTESIAN_POINT('',(-20.5,26.,8.));
#8573=VERTEX_POINT('',#8572);
#8574=CARTESIAN_POINT('',(-20.5,26.,-8.));
#8575=DIRECTION('',(0.,0.,1.));
#8576=VECTOR('',#8575,16.);
#8577=LINE('',#8574,#8576);
#8578=EDGE_CURVE('',#8565,#8573,#8577,.T.);
#8579=ORIENTED_EDGE('',*,*,#8578,.T.);
#8580=CARTESIAN_POINT('',(-20.5,26.,8.));
#8581=DIRECTION('',(0.,-1.,0.));
#8582=VECTOR('',#8581,26.);
#8583=LINE('',#8580,#8582);
#8584=EDGE_CURVE('',#8573,#7658,#8583,.T.);
#8585=ORIENTED_EDGE('',*,*,#8584,.T.);
#8586=ORIENTED_EDGE('',*,*,#7663,.F.);
#8587=ORIENTED_EDGE('',*,*,#8545,.T.);
#8588=EDGE_LOOP('',(#8556,#8562,#8563,#8571,#8579,#8585,#8586,#8587));
#8589=FACE_OUTER_BOUND('',#8588,.T.);
#8590=ADVANCED_FACE('',(#8589),#8555,.T.);
#8591=CARTESIAN_POINT('',(-3.5527136788005E-15,0.,8.));
#8592=DIRECTION('',(1.,0.,3.466062125659E-16));
#8593=DIRECTION('',(3.466062125659E-16,0.,-1.));
#8594=AXIS2_PLACEMENT_3D('',#8591,#8593,#8592);
#8595=PLANE('',#8594);
#8596=CARTESIAN_POINT('',(-20.5,26.,8.));
#8597=DIRECTION('',(1.,0.,0.));
#8598=VECTOR('',#8597,41.);
#8599=LINE('',#8596,#8598);
#8600=EDGE_CURVE('',#8573,#8491,#8599,.T.);
#8601=ORIENTED_EDGE('',*,*,#8600,.T.);
#8602=ORIENTED_EDGE('',*,*,#8496,.F.);
#8603=ORIENTED_EDGE('',*,*,#7671,.F.);
#8604=ORIENTED_EDGE('',*,*,#8584,.F.);
#8605=EDGE_LOOP('',(#8601,#8602,#8603,#8604));
#8606=FACE_OUTER_BOUND('',#8605,.T.);
#8607=ADVANCED_FACE('',(#8606),#8595,.T.);
#8608=CARTESIAN_POINT('',(-3.5527136788005E-15,0.,-8.));
#8609=DIRECTION('',(-1.,0.,3.466062125659E-16));
#8610=DIRECTION('',(3.466062125659E-16,0.,1.));
#8611=AXIS2_PLACEMENT_3D('',#8608,#8610,#8609);
#8612=PLANE('',#8611);
#8613=ORIENTED_EDGE('',*,*,#7712,.F.);
#8614=ORIENTED_EDGE('',*,*,#8510,.T.);
#8615=CARTESIAN_POINT('',(20.5,26.,-8.));
#8616=DIRECTION('',(-1.,0.,0.));
#8617=VECTOR('',#8616,41.);
#8618=LINE('',#8615,#8617);
#8619=EDGE_CURVE('',#8499,#8565,#8618,.T.);
#8620=ORIENTED_EDGE('',*,*,#8619,.T.);
#8621=ORIENTED_EDGE('',*,*,#8570,.F.);
#8622=EDGE_LOOP('',(#8613,#8614,#8620,#8621));
#8623=FACE_OUTER_BOUND('',#8622,.T.);
#8624=ADVANCED_FACE('',(#8623),#8612,.T.);
#8625=CARTESIAN_POINT('',(-21.,21.,-3.5));
#8626=DIRECTION('',(-0.70710678118655,0.,0.70710678118655));
#8627=DIRECTION('',(0.70710678118655,0.,0.70710678118655));
#8628=AXIS2_PLACEMENT_3D('',#8625,#8627,#8626);
#8629=PLANE('',#8628);
#8630=ORIENTED_EDGE('',*,*,#8561,.F.);
#8631=ORIENTED_EDGE('',*,*,#8092,.F.);
#8632=ORIENTED_EDGE('',*,*,#8070,.F.);
#8633=ORIENTED_EDGE('',*,*,#7726,.F.);
#8634=EDGE_LOOP('',(#8630,#8631,#8632,#8633));
#8635=FACE_OUTER_BOUND('',#8634,.T.);
#8636=ADVANCED_FACE('',(#8635),#8629,.T.);
#8637=CARTESIAN_POINT('',(3.9968028886506E-15,26.,2.2204460492503E-15));
#8638=DIRECTION('',(9.5396648064369E-09,-8.8817841970012E-16,1.));
#8639=DIRECTION('',(0.,-1.,1.7080354225002E-17));
#8640=AXIS2_PLACEMENT_3D('',#8637,#8639,#8638);
#8641=CYLINDRICAL_SURFACE('',#8640,4.);
#8642=CARTESIAN_POINT('',(0.,26.,-4.));
#8643=VERTEX_POINT('',#8642);
#8644=CARTESIAN_POINT('',(4.8985871965894E-16,26.,4.));
#8645=VERTEX_POINT('',#8644);
#8646=CARTESIAN_POINT('',(8.8817841970013E-16,26.,-1.3322676295502E-15));
#8647=DIRECTION('',(-2.2204460492503E-16,0.,-1.));
#8648=DIRECTION('',(8.0409464499268E-16,-1.,-8.0409464499268E-16));
#8649=AXIS2_PLACEMENT_3D('',#8646,#8648,#8647);
#8650=CIRCLE('',#8649,4.);
#8651=EDGE_CURVE('',#8643,#8645,#8650,.T.);
#8652=ORIENTED_EDGE('',*,*,#8651,.T.);
#8653=CARTESIAN_POINT('',(4.8985871965894E-16,26.,4.));
#8654=DIRECTION('',(0.,-1.,0.));
#8655=VECTOR('',#8654,26.);
#8656=LINE('',#8653,#8655);
#8657=EDGE_CURVE('',#8645,#7731,#8656,.T.);
#8658=ORIENTED_EDGE('',*,*,#8657,.T.);
#8659=ORIENTED_EDGE('',*,*,#7739,.T.);
#8660=CARTESIAN_POINT('',(0.,0.,-4.));
#8661=DIRECTION('',(0.,1.,0.));
#8662=VECTOR('',#8661,26.);
#8663=LINE('',#8660,#8662);
#8664=EDGE_CURVE('',#7733,#8643,#8663,.T.);
#8665=ORIENTED_EDGE('',*,*,#8664,.T.);
#8666=EDGE_LOOP('',(#8652,#8658,#8659,#8665));
#8667=FACE_OUTER_BOUND('',#8666,.T.);
#8668=ADVANCED_FACE('',(#8667),#8641,.T.);
#8669=CARTESIAN_POINT('',(0.,26.,-3.5527136788005E-15));
#8670=DIRECTION('',(-3.5450886536045E-07,0.,-0.99999999999994));
#8671=DIRECTION('',(0.,-1.,0.));
#8672=AXIS2_PLACEMENT_3D('',#8669,#8671,#8670);
#8673=CYLINDRICAL_SURFACE('',#8672,4.);
#8674=ORIENTED_EDGE('',*,*,#8657,.F.);
#8675=CARTESIAN_POINT('',(1.7763568394003E-15,26.,-2.6645352591004E-15));
#8676=DIRECTION('',(-3.2162452993533E-16,0.,1.));
#8677=DIRECTION('',(-8.0409464499268E-16,-1.,8.0409464499268E-16));
#8678=AXIS2_PLACEMENT_3D('',#8675,#8677,#8676);
#8679=CIRCLE('',#8678,4.);
#8680=EDGE_CURVE('',#8645,#8643,#8679,.T.);
#8681=ORIENTED_EDGE('',*,*,#8680,.T.);
#8682=ORIENTED_EDGE('',*,*,#8664,.F.);
#8683=ORIENTED_EDGE('',*,*,#7746,.F.);
#8684=EDGE_LOOP('',(#8674,#8681,#8682,#8683));
#8685=FACE_OUTER_BOUND('',#8684,.T.);
#8686=ADVANCED_FACE('',(#8685),#8673,.T.);
#8687=CARTESIAN_POINT('',(-27.,33.,8.500000000016));
#8688=DIRECTION('',(0.91651521147203,-0.39999983392544,-3.2297397080005E-16));
#8689=DIRECTION('',(-1.0150610510812E-15,2.0301221021624E-15,-1.));
#8690=AXIS2_PLACEMENT_3D('',#8687,#8689,#8688);
#8691=CYLINDRICAL_SURFACE('',#8690,5.5);
#8692=ORIENTED_EDGE('',*,*,#7872,.F.);
#8693=ORIENTED_EDGE('',*,*,#8367,.T.);
#8694=ORIENTED_EDGE('',*,*,#8324,.T.);
#8695=ORIENTED_EDGE('',*,*,#8012,.T.);
#8696=EDGE_LOOP('',(#8692,#8693,#8694,#8695));
#8697=FACE_OUTER_BOUND('',#8696,.T.);
#8698=ADVANCED_FACE('',(#8697),#8691,.F.);
#8699=CARTESIAN_POINT('',(23.,17.,6.));
#8700=DIRECTION('',(1.,0.,0.));
#8701=DIRECTION('',(0.,0.,1.));
#8702=AXIS2_PLACEMENT_3D('',#8699,#8701,#8700);
#8703=PLANE('',#8702);
#8704=ORIENTED_EDGE('',*,*,#7944,.F.);
#8705=ORIENTED_EDGE('',*,*,#7915,.F.);
#8706=EDGE_LOOP('',(#8704,#8705));
#8707=FACE_OUTER_BOUND('',#8706,.T.);
#8708=ADVANCED_FACE('',(#8707),#8703,.T.);
#8709=CARTESIAN_POINT('',(-23.,17.,6.));
#8710=DIRECTION('',(1.,0.,0.));
#8711=DIRECTION('',(0.,0.,1.));
#8712=AXIS2_PLACEMENT_3D('',#8709,#8711,#8710);
#8713=PLANE('',#8712);
#8714=ORIENTED_EDGE('',*,*,#7994,.F.);
#8715=ORIENTED_EDGE('',*,*,#7965,.F.);
#8716=EDGE_LOOP('',(#8714,#8715));
#8717=FACE_OUTER_BOUND('',#8716,.T.);
#8718=ADVANCED_FACE('',(#8717),#8713,.T.);
#8719=CARTESIAN_POINT('',(-27.,33.,-5.));
#8720=DIRECTION('',(-0.72596683445547,-0.68772971091171,-1.5789838572447E-15));
#8721=DIRECTION('',(-7.105427357601E-16,7.105427357601E-16,1.));
#8722=AXIS2_PLACEMENT_3D('',#8719,#8721,#8720);
#8723=CYLINDRICAL_SURFACE('',#8722,4.5);
#8724=ORIENTED_EDGE('',*,*,#8162,.F.);
#8725=ORIENTED_EDGE('',*,*,#8039,.F.);
#8726=ORIENTED_EDGE('',*,*,#8313,.F.);
#8727=ORIENTED_EDGE('',*,*,#8289,.F.);
#8728=EDGE_LOOP('',(#8724,#8725,#8726,#8727));
#8729=FACE_OUTER_BOUND('',#8728,.T.);
#8730=ADVANCED_FACE('',(#8729),#8723,.T.);
#8731=CARTESIAN_POINT('',(-27.,33.,-5.));
#8732=DIRECTION('',(0.99999999999966,8.2763869594752E-07,0.));
#8733=DIRECTION('',(0.,-1.4210854715202E-15,1.));
#8734=AXIS2_PLACEMENT_3D('',#8731,#8733,#8732);
#8735=CYLINDRICAL_SURFACE('',#8734,1.5);
#8736=CARTESIAN_POINT('',(-28.5,33.,-5.));
#8737=DIRECTION('',(0.,0.,1.));
#8738=VECTOR('',#8737,10.);
#8739=LINE('',#8736,#8738);
#8740=EDGE_CURVE('',#8169,#8336,#8739,.T.);
#8741=ORIENTED_EDGE('',*,*,#8740,.F.);
#8742=ORIENTED_EDGE('',*,*,#8175,.F.);
#8743=CARTESIAN_POINT('',(-25.5,33.,5.));
#8744=DIRECTION('',(0.,0.,-1.));
#8745=VECTOR('',#8744,10.);
#8746=LINE('',#8743,#8745);
#8747=EDGE_CURVE('',#8338,#8167,#8746,.T.);
#8748=ORIENTED_EDGE('',*,*,#8747,.F.);
#8749=ORIENTED_EDGE('',*,*,#8344,.F.);
#8750=EDGE_LOOP('',(#8741,#8742,#8748,#8749));
#8751=FACE_OUTER_BOUND('',#8750,.T.);
#8752=ADVANCED_FACE('',(#8751),#8735,.F.);
#8753=CARTESIAN_POINT('',(-27.,33.,-5.));
#8754=DIRECTION('',(-1.,-9.473903143468E-15,1.1842378929335E-15));
#8755=DIRECTION('',(0.,2.8421709430404E-15,1.));
#8756=AXIS2_PLACEMENT_3D('',#8753,#8755,#8754);
#8757=CYLINDRICAL_SURFACE('',#8756,1.5);
#8758=ORIENTED_EDGE('',*,*,#8182,.T.);
#8759=ORIENTED_EDGE('',*,*,#8740,.T.);
#8760=ORIENTED_EDGE('',*,*,#8351,.T.);
#8761=ORIENTED_EDGE('',*,*,#8747,.T.);
#8762=EDGE_LOOP('',(#8758,#8759,#8760,#8761));
#8763=FACE_OUTER_BOUND('',#8762,.T.);
#8764=ADVANCED_FACE('',(#8763),#8757,.F.);
#8765=CARTESIAN_POINT('',(14.099019513593,26.,-4.5));
#8766=DIRECTION('',(0.,0.,-1.));
#8767=DIRECTION('',(0.,-1.,0.));
#8768=AXIS2_PLACEMENT_3D('',#8765,#8767,#8766);
#8769=PLANE('',#8768);
#8770=ORIENTED_EDGE('',*,*,#8504,.F.);
#8771=ORIENTED_EDGE('',*,*,#8600,.F.);
#8772=ORIENTED_EDGE('',*,*,#8578,.F.);
#8773=ORIENTED_EDGE('',*,*,#8619,.F.);
#8774=EDGE_LOOP('',(#8770,#8771,#8772,#8773));
#8775=FACE_OUTER_BOUND('',#8774,.T.);
#8776=ORIENTED_EDGE('',*,*,#8651,.F.);
#8777=ORIENTED_EDGE('',*,*,#8680,.F.);
#8778=EDGE_LOOP('',(#8776,#8777));
#8779=FACE_BOUND('',#8778,.T.);
#8780=ADVANCED_FACE('',(#8775,#8779),#8769,.T.);
#8781=CARTESIAN_POINT('',(20.108811196359,-57.,4.2454928461666E-13));
#8782=DIRECTION('',(-1.,-3.9864882326687E-15,9.9662205816717E-16));
#8783=DIRECTION('',(-3.9864882326687E-15,1.,2.4952117722818E-16));
#8784=AXIS2_PLACEMENT_3D('',#8781,#8783,#8782);
#8785=PLANE('',#8784);
#8786=CARTESIAN_POINT('',(21.,-57.,-14.238124868862));
#8787=VERTEX_POINT('',#8786);
#8788=CARTESIAN_POINT('',(21.,-57.,-10.261875131135));
#8789=VERTEX_POINT('',#8788);
#8790=CARTESIAN_POINT('',(21.,-57.,-14.238124868862));
#8791=DIRECTION('',(0.,0.,1.));
#8792=VECTOR('',#8791,3.976249737727);
#8793=LINE('',#8790,#8792);
#8794=EDGE_CURVE('',#8787,#8789,#8793,.T.);
#8795=ORIENTED_EDGE('',*,*,#8794,.F.);
#8796=CARTESIAN_POINT('',(21.217622392721,-57.000000000001,-12.249999999999));
#8797=DIRECTION('',(-0.10881119636042,2.0961010704902E-13,-0.99406243443086));
#8798=DIRECTION('',(5.9602794865379E-15,1.,2.0846495917797E-13));
#8799=AXIS2_PLACEMENT_3D('',#8796,#8798,#8797);
#8800=CIRCLE('',#8799,2.000000000002);
#8801=EDGE_CURVE('',#8787,#8789,#8800,.T.);
#8802=ORIENTED_EDGE('',*,*,#8801,.T.);
#8803=EDGE_LOOP('',(#8795,#8802));
#8804=FACE_OUTER_BOUND('',#8803,.F.);
#8805=ADVANCED_FACE('',(#8804),#8785,.F.);
#8806=CARTESIAN_POINT('',(-20.108811196357,-57.,-1.7870149804367E-12));
#8807=DIRECTION('',(-1.,3.9864882326602E-15,1.9932441163301E-15));
#8808=DIRECTION('',(3.9864882326602E-15,1.,9.9471323681958E-31));
#8809=AXIS2_PLACEMENT_3D('',#8806,#8808,#8807);
#8810=PLANE('',#8809);
#8811=CARTESIAN_POINT('',(-21.,-57.,-10.261875131136));
#8812=VERTEX_POINT('',#8811);
#8813=CARTESIAN_POINT('',(-21.,-57.,-14.238124868866));
#8814=VERTEX_POINT('',#8813);
#8815=CARTESIAN_POINT('',(-21.,-57.,-10.261875131136));
#8816=DIRECTION('',(0.,0.,-1.));
#8817=VECTOR('',#8816,3.9762497377297);
#8818=LINE('',#8815,#8817);
#8819=EDGE_CURVE('',#8812,#8814,#8818,.T.);
#8820=ORIENTED_EDGE('',*,*,#8819,.F.);
#8821=CARTESIAN_POINT('',(-21.217622392717,-57.,-12.250000000002));
#8822=DIRECTION('',(0.10881100427164,-1.1368683772147E-13,0.9940624554571));
#8823=DIRECTION('',(2.827752418063E-15,1.,1.1296187646074E-13));
#8824=AXIS2_PLACEMENT_3D('',#8821,#8823,#8822);
#8825=CIRCLE('',#8824,2.0000000000025);
#8826=EDGE_CURVE('',#8812,#8814,#8825,.T.);
#8827=ORIENTED_EDGE('',*,*,#8826,.T.);
#8828=EDGE_LOOP('',(#8820,#8827));
#8829=FACE_OUTER_BOUND('',#8828,.F.);
#8830=ADVANCED_FACE('',(#8829),#8810,.F.);
#8831=CARTESIAN_POINT('',(-20.108811196357,-57.,-1.7870149804367E-12));
#8832=DIRECTION('',(-1.,3.9864882326602E-15,1.9932441163301E-15));
#8833=DIRECTION('',(3.9864882326602E-15,1.,9.9471323681958E-31));
#8834=AXIS2_PLACEMENT_3D('',#8831,#8833,#8832);
#8835=PLANE('',#8834);
#8836=CARTESIAN_POINT('',(-21.,-57.,14.238124868862));
#8837=VERTEX_POINT('',#8836);
#8838=CARTESIAN_POINT('',(-21.,-57.,10.261875131135));
#8839=VERTEX_POINT('',#8838);
#8840=CARTESIAN_POINT('',(-21.,-57.,14.238124868862));
#8841=DIRECTION('',(8.9348353678396E-16,1.7869670735679E-15,-1.));
#8842=VECTOR('',#8841,3.9762497377269);
#8843=LINE('',#8840,#8842);
#8844=EDGE_CURVE('',#8837,#8839,#8843,.T.);
#8845=ORIENTED_EDGE('',*,*,#8844,.F.);
#8846=CARTESIAN_POINT('',(-21.217622392718,-56.999999999999,12.249999999999));
#8847=DIRECTION('',(0.10881100427235,-2.5934809855233E-13,0.99406245545702));
#8848=DIRECTION('',(1.858414005284E-14,1.,2.6016867021117E-13));
#8849=AXIS2_PLACEMENT_3D('',#8846,#8848,#8847);
#8850=CIRCLE('',#8849,2.0000000000008);
#8851=EDGE_CURVE('',#8837,#8839,#8850,.T.);
#8852=ORIENTED_EDGE('',*,*,#8851,.T.);
#8853=EDGE_LOOP('',(#8845,#8852));
#8854=FACE_OUTER_BOUND('',#8853,.F.);
#8855=ADVANCED_FACE('',(#8854),#8835,.F.);
#8856=CARTESIAN_POINT('',(20.108811196359,-57.,4.2454928461666E-13));
#8857=DIRECTION('',(-1.,-3.9864882326687E-15,9.9662205816717E-16));
#8858=DIRECTION('',(-3.9864882326687E-15,1.,2.4952117722818E-16));
#8859=AXIS2_PLACEMENT_3D('',#8856,#8858,#8857);
#8860=PLANE('',#8859);
#8861=CARTESIAN_POINT('',(21.,-57.,10.261875131139));
#8862=VERTEX_POINT('',#8861);
#8863=CARTESIAN_POINT('',(21.,-57.,14.238124868863));
#8864=VERTEX_POINT('',#8863);
#8865=CARTESIAN_POINT('',(21.,-57.,10.261875131139));
#8866=DIRECTION('',(0.,0.,1.));
#8867=VECTOR('',#8866,3.9762497377243);
#8868=LINE('',#8865,#8867);
#8869=EDGE_CURVE('',#8862,#8864,#8868,.T.);
#8870=ORIENTED_EDGE('',*,*,#8869,.F.);
#8871=CARTESIAN_POINT('',(21.217622392719,-57.,12.250000000002));
#8872=DIRECTION('',(-0.1088111963595,3.6237679523747E-13,-0.99406243443096));
#8873=DIRECTION('',(1.8163953442514E-14,1.,3.592244666072E-13));
#8874=AXIS2_PLACEMENT_3D('',#8871,#8873,#8872);
#8875=CIRCLE('',#8874,2.000000000001);
#8876=EDGE_CURVE('',#8862,#8864,#8875,.T.);
#8877=ORIENTED_EDGE('',*,*,#8876,.T.);
#8878=EDGE_LOOP('',(#8870,#8877));
#8879=FACE_OUTER_BOUND('',#8878,.F.);
#8880=ADVANCED_FACE('',(#8879),#8860,.F.);
#8881=CARTESIAN_POINT('',(-16.499999999999,-65.,-27.418059741711));
#8882=DIRECTION('',(0.51562457195151,0.,0.85681462452494));
#8883=DIRECTION('',(-4.4408920985006E-15,1.,-3.1086244689504E-15));
#8884=AXIS2_PLACEMENT_3D('',#8881,#8883,#8882);
#8885=CYLINDRICAL_SURFACE('',#8884,3.0000000000001);
#8886=CARTESIAN_POINT('',(-14.953124999999,-65.,-24.847616640926));
#8887=VERTEX_POINT('',#8886);
#8888=CARTESIAN_POINT('',(-13.499999999999,-65.,-27.418059741711));
#8889=VERTEX_POINT('',#8888);
#8890=CARTESIAN_POINT('',(-16.499999999999,-65.,-27.418059741711));
#8891=DIRECTION('',(0.51562500000005,4.7369515717345E-15,0.85681436692842));
#8892=DIRECTION('',(-9.95271278618E-15,1.,-5.626475747702E-15));
#8893=AXIS2_PLACEMENT_3D('',#8890,#8892,#8891);
#8894=CIRCLE('',#8893,2.9999999999997);
#8895=EDGE_CURVE('',#8887,#8889,#8894,.T.);
#8896=ORIENTED_EDGE('',*,*,#8895,.F.);
#8897=CARTESIAN_POINT('',(-14.953124999999,-57.,-24.847616640926));
#8898=VERTEX_POINT('',#8897);
#8899=CARTESIAN_POINT('',(-14.953124999999,-57.,-24.847616640926));
#8900=DIRECTION('',(0.,-1.,0.));
#8901=VECTOR('',#8900,8.);
#8902=LINE('',#8899,#8901);
#8903=EDGE_CURVE('',#8898,#8887,#8902,.T.);
#8904=ORIENTED_EDGE('',*,*,#8903,.F.);
#8905=CARTESIAN_POINT('',(-13.499999999999,-57.,-27.418059741711));
#8906=VERTEX_POINT('',#8905);
#8907=CARTESIAN_POINT('',(-16.499999999999,-57.,-27.418059741711));
#8908=DIRECTION('',(1.,9.473903143468E-15,0.));
#8909=DIRECTION('',(9.952712786179E-15,-1.,5.6264757477015E-15));
#8910=AXIS2_PLACEMENT_3D('',#8907,#8909,#8908);
#8911=CIRCLE('',#8910,3.);
#8912=EDGE_CURVE('',#8906,#8898,#8911,.T.);
#8913=ORIENTED_EDGE('',*,*,#8912,.F.);
#8914=CARTESIAN_POINT('',(-13.499999999999,-65.,-27.418059741711));
#8915=DIRECTION('',(0.,1.,0.));
#8916=VECTOR('',#8915,8.);
#8917=LINE('',#8914,#8916);
#8918=EDGE_CURVE('',#8889,#8906,#8917,.T.);
#8919=ORIENTED_EDGE('',*,*,#8918,.F.);
#8920=EDGE_LOOP('',(#8896,#8904,#8913,#8919));
#8921=FACE_OUTER_BOUND('',#8920,.T.);
#8922=ADVANCED_FACE('',(#8921),#8885,.F.);
#8923=CARTESIAN_POINT('',(9.0594198809413E-14,-65.,-5.6843418860808E-14));
#8924=DIRECTION('',(-5.3798412887419E-10,4.90029472938E-16,1.));
#8925=DIRECTION('',(9.7320173861043E-16,1.,0.));
#8926=AXIS2_PLACEMENT_3D('',#8923,#8925,#8924);
#8927=CYLINDRICAL_SURFACE('',#8926,29.);
#8928=CARTESIAN_POINT('',(0.,-65.,29.));
#8929=VERTEX_POINT('',#8928);
#8930=CARTESIAN_POINT('',(-1.0658141036402E-14,-65.,1.7763568394003E-15));
#8931=DIRECTION('',(-0.51562499999996,0.,-0.85681436692847));
#8932=DIRECTION('',(0.,1.,-0.));
#8933=AXIS2_PLACEMENT_3D('',#8930,#8932,#8931);
#8934=CIRCLE('',#8933,29.);
#8935=EDGE_CURVE('',#8887,#8929,#8934,.T.);
#8936=ORIENTED_EDGE('',*,*,#8935,.T.);
#8937=CARTESIAN_POINT('',(0.,-57.,29.));
#8938=VERTEX_POINT('',#8937);
#8939=CARTESIAN_POINT('',(0.,-65.,29.));
#8940=DIRECTION('',(0.,1.,0.));
#8941=VECTOR('',#8940,8.);
#8942=LINE('',#8939,#8941);
#8943=EDGE_CURVE('',#8929,#8938,#8942,.T.);
#8944=ORIENTED_EDGE('',*,*,#8943,.T.);
#8945=CARTESIAN_POINT('',(-7.105427357601E-15,-57.,7.105427357601E-15));
#8946=DIRECTION('',(2.45014736469E-16,-2.45014736469E-16,1.));
#8947=DIRECTION('',(0.,-1.,-0.));
#8948=AXIS2_PLACEMENT_3D('',#8945,#8947,#8946);
#8949=CIRCLE('',#8948,29.);
#8950=EDGE_CURVE('',#8938,#8898,#8949,.T.);
#8951=ORIENTED_EDGE('',*,*,#8950,.T.);
#8952=ORIENTED_EDGE('',*,*,#8903,.T.);
#8953=EDGE_LOOP('',(#8936,#8944,#8951,#8952));
#8954=FACE_OUTER_BOUND('',#8953,.T.);
#8955=ADVANCED_FACE('',(#8954),#8927,.T.);
#8956=CARTESIAN_POINT('',(1.7763568394003E-14,-65.,-1.0658141036402E-14));
#8957=DIRECTION('',(0.51562500002107,0.,-0.85681436691577));
#8958=DIRECTION('',(0.,1.,-4.4408920985006E-16));
#8959=AXIS2_PLACEMENT_3D('',#8956,#8958,#8957);
#8960=CYLINDRICAL_SURFACE('',#8959,29.);
#8961=ORIENTED_EDGE('',*,*,#8943,.F.);
#8962=CARTESIAN_POINT('',(14.953125000001,-65.,-24.847616640924));
#8963=VERTEX_POINT('',#8962);
#8964=CARTESIAN_POINT('',(1.4210854715202E-14,-65.,1.7763568394003E-14));
#8965=DIRECTION('',(-4.90029472938E-16,4.90029472938E-16,1.));
#8966=DIRECTION('',(-3.6360138363804E-16,1.,-4.7833004904414E-16));
#8967=AXIS2_PLACEMENT_3D('',#8964,#8966,#8965);
#8968=CIRCLE('',#8967,29.);
#8969=EDGE_CURVE('',#8929,#8963,#8968,.T.);
#8970=ORIENTED_EDGE('',*,*,#8969,.T.);
#8971=CARTESIAN_POINT('',(14.953125000001,-57.,-24.847616640924));
#8972=VERTEX_POINT('',#8971);
#8973=CARTESIAN_POINT('',(14.953125000001,-65.,-24.847616640924));
#8974=DIRECTION('',(0.,1.,0.));
#8975=VECTOR('',#8974,8.);
#8976=LINE('',#8973,#8975);
#8977=EDGE_CURVE('',#8963,#8972,#8976,.T.);
#8978=ORIENTED_EDGE('',*,*,#8977,.T.);
#8979=CARTESIAN_POINT('',(7.105427357601E-15,-57.,-8.8817841970013E-15));
#8980=DIRECTION('',(0.51562500000004,-2.45014736469E-16,-0.85681436692842));
#8981=DIRECTION('',(-1.3954445521864E-16,-1.,5.5589523679056E-17));
#8982=AXIS2_PLACEMENT_3D('',#8979,#8981,#8980);
#8983=CIRCLE('',#8982,29.);
#8984=EDGE_CURVE('',#8972,#8938,#8983,.T.);
#8985=ORIENTED_EDGE('',*,*,#8984,.T.);
#8986=EDGE_LOOP('',(#8961,#8970,#8978,#8985));
#8987=FACE_OUTER_BOUND('',#8986,.T.);
#8988=ADVANCED_FACE('',(#8987),#8960,.T.);
#8989=CARTESIAN_POINT('',(16.500000000001,-65.,-27.41805974171));
#8990=DIRECTION('',(-0.99999999999997,0.,-2.2459567716737E-07));
#8991=DIRECTION('',(3.9968028886505E-15,1.,-1.7763568394002E-15));
#8992=AXIS2_PLACEMENT_3D('',#8989,#8991,#8990);
#8993=CYLINDRICAL_SURFACE('',#8992,3.0000000000001);
#8994=CARTESIAN_POINT('',(13.500000000001,-57.,-27.41805974171));
#8995=VERTEX_POINT('',#8994);
#8996=CARTESIAN_POINT('',(16.500000000001,-57.,-27.41805974171));
#8997=DIRECTION('',(-0.5156249999999,7.1054273575997E-15,0.85681436692851));
#8998=DIRECTION('',(-7.9621702289387E-15,-1.,4.5011805981595E-15));
#8999=AXIS2_PLACEMENT_3D('',#8996,#8998,#8997);
#9000=CIRCLE('',#8999,3.0000000000006);
#9001=EDGE_CURVE('',#8972,#8995,#9000,.T.);
#9002=ORIENTED_EDGE('',*,*,#9001,.F.);
#9003=ORIENTED_EDGE('',*,*,#8977,.F.);
#9004=CARTESIAN_POINT('',(13.500000000001,-65.,-27.41805974171));
#9005=VERTEX_POINT('',#9004);
#9006=CARTESIAN_POINT('',(16.500000000001,-65.,-27.41805974171));
#9007=DIRECTION('',(-1.,-9.473903143468E-15,1.1842378929335E-15));
#9008=DIRECTION('',(-7.9621702289402E-15,1.,4.5011805981604E-15));
#9009=AXIS2_PLACEMENT_3D('',#9006,#9008,#9007);
#9010=CIRCLE('',#9009,3.);
#9011=EDGE_CURVE('',#9005,#8963,#9010,.T.);
#9012=ORIENTED_EDGE('',*,*,#9011,.F.);
#9013=CARTESIAN_POINT('',(13.500000000001,-57.,-27.41805974171));
#9014=DIRECTION('',(0.,-1.,0.));
#9015=VECTOR('',#9014,8.);
#9016=LINE('',#9013,#9015);
#9017=EDGE_CURVE('',#8995,#9005,#9016,.T.);
#9018=ORIENTED_EDGE('',*,*,#9017,.F.);
#9019=EDGE_LOOP('',(#9002,#9003,#9012,#9018));
#9020=FACE_OUTER_BOUND('',#9019,.T.);
#9021=ADVANCED_FACE('',(#9020),#8993,.F.);
#9022=CARTESIAN_POINT('',(13.500000000001,-65.,-29.));
#9023=DIRECTION('',(0.,0.,-1.));
#9024=DIRECTION('',(1.,-0.,0.));
#9025=AXIS2_PLACEMENT_3D('',#9022,#9024,#9023);
#9026=PLANE('',#9025);
#9027=CARTESIAN_POINT('',(13.500000000001,-57.,-29.));
#9028=VERTEX_POINT('',#9027);
#9029=CARTESIAN_POINT('',(13.500000000001,-57.,-27.41805974171));
#9030=DIRECTION('',(0.,0.,-1.));
#9031=VECTOR('',#9030,1.58194025829);
#9032=LINE('',#9029,#9031);
#9033=EDGE_CURVE('',#8995,#9028,#9032,.T.);
#9034=ORIENTED_EDGE('',*,*,#9033,.F.);
#9035=ORIENTED_EDGE('',*,*,#9017,.T.);
#9036=CARTESIAN_POINT('',(13.500000000001,-65.,-29.));
#9037=VERTEX_POINT('',#9036);
#9038=CARTESIAN_POINT('',(13.500000000001,-65.,-29.));
#9039=DIRECTION('',(0.,0.,1.));
#9040=VECTOR('',#9039,1.58194025829);
#9041=LINE('',#9038,#9040);
#9042=EDGE_CURVE('',#9037,#9005,#9041,.T.);
#9043=ORIENTED_EDGE('',*,*,#9042,.F.);
#9044=CARTESIAN_POINT('',(13.500000000001,-57.,-29.));
#9045=DIRECTION('',(0.,-1.,0.));
#9046=VECTOR('',#9045,8.);
#9047=LINE('',#9044,#9046);
#9048=EDGE_CURVE('',#9028,#9037,#9047,.T.);
#9049=ORIENTED_EDGE('',*,*,#9048,.F.);
#9050=EDGE_LOOP('',(#9034,#9035,#9043,#9049));
#9051=FACE_OUTER_BOUND('',#9050,.T.);
#9052=ADVANCED_FACE('',(#9051),#9026,.T.);
#9053=CARTESIAN_POINT('',(-13.499999999999,-65.,-29.));
#9054=DIRECTION('',(-1.,0.,0.));
#9055=DIRECTION('',(0.,0.,-1.));
#9056=AXIS2_PLACEMENT_3D('',#9053,#9055,#9054);
#9057=PLANE('',#9056);
#9058=CARTESIAN_POINT('',(-13.499999999999,-65.,-29.));
#9059=VERTEX_POINT('',#9058);
#9060=CARTESIAN_POINT('',(-13.499999999999,-65.,-29.));
#9061=DIRECTION('',(1.,0.,0.));
#9062=VECTOR('',#9061,27.);
#9063=LINE('',#9060,#9062);
#9064=EDGE_CURVE('',#9059,#9037,#9063,.T.);
#9065=ORIENTED_EDGE('',*,*,#9064,.F.);
#9066=CARTESIAN_POINT('',(-13.499999999999,-57.,-29.));
#9067=VERTEX_POINT('',#9066);
#9068=CARTESIAN_POINT('',(-13.499999999999,-65.,-29.));
#9069=DIRECTION('',(0.,1.,0.));
#9070=VECTOR('',#9069,8.);
#9071=LINE('',#9068,#9070);
#9072=EDGE_CURVE('',#9059,#9067,#9071,.T.);
#9073=ORIENTED_EDGE('',*,*,#9072,.T.);
#9074=CARTESIAN_POINT('',(13.500000000001,-57.,-29.));
#9075=DIRECTION('',(-1.,0.,0.));
#9076=VECTOR('',#9075,27.);
#9077=LINE('',#9074,#9076);
#9078=EDGE_CURVE('',#9028,#9067,#9077,.T.);
#9079=ORIENTED_EDGE('',*,*,#9078,.F.);
#9080=ORIENTED_EDGE('',*,*,#9048,.T.);
#9081=EDGE_LOOP('',(#9065,#9073,#9079,#9080));
#9082=FACE_OUTER_BOUND('',#9081,.T.);
#9083=CARTESIAN_POINT('',(11.25,-61.,-29.));
#9084=VERTEX_POINT('',#9083);
#9085=CARTESIAN_POINT('',(8.75,-61.,-29.));
#9086=VERTEX_POINT('',#9085);
#9087=CARTESIAN_POINT('',(10.,-61.,-29.));
#9088=DIRECTION('',(1.,0.,-2.8421709430404E-15));
#9089=DIRECTION('',(1.7154019093177E-15,1.7154019093177E-15,1.));
#9090=AXIS2_PLACEMENT_3D('',#9087,#9089,#9088);
#9091=CIRCLE('',#9090,1.25);
#9092=EDGE_CURVE('',#9084,#9086,#9091,.T.);
#9093=ORIENTED_EDGE('',*,*,#9092,.T.);
#9094=CARTESIAN_POINT('',(10.,-61.,-29.));
#9095=DIRECTION('',(1.,0.,-2.8421709430404E-15));
#9096=DIRECTION('',(-3.4308038186354E-15,3.4308038186354E-15,-1.));
#9097=AXIS2_PLACEMENT_3D('',#9094,#9096,#9095);
#9098=CIRCLE('',#9097,1.25);
#9099=EDGE_CURVE('',#9084,#9086,#9098,.T.);
#9100=ORIENTED_EDGE('',*,*,#9099,.F.);
#9101=EDGE_LOOP('',(#9093,#9100));
#9102=FACE_BOUND('',#9101,.T.);
#9103=CARTESIAN_POINT('',(-8.75,-61.,-29.));
#9104=VERTEX_POINT('',#9103);
#9105=CARTESIAN_POINT('',(-11.25,-61.,-29.));
#9106=VERTEX_POINT('',#9105);
#9107=CARTESIAN_POINT('',(-10.,-61.,-29.));
#9108=DIRECTION('',(1.,0.,-2.8421709430404E-15));
#9109=DIRECTION('',(1.7154019093177E-15,1.7154019093177E-15,1.));
#9110=AXIS2_PLACEMENT_3D('',#9107,#9109,#9108);
#9111=CIRCLE('',#9110,1.25);
#9112=EDGE_CURVE('',#9104,#9106,#9111,.T.);
#9113=ORIENTED_EDGE('',*,*,#9112,.T.);
#9114=CARTESIAN_POINT('',(-10.,-61.,-29.));
#9115=DIRECTION('',(1.,0.,-2.8421709430404E-15));
#9116=DIRECTION('',(-3.4308038186354E-15,3.4308038186354E-15,-1.));
#9117=AXIS2_PLACEMENT_3D('',#9114,#9116,#9115);
#9118=CIRCLE('',#9117,1.25);
#9119=EDGE_CURVE('',#9104,#9106,#9118,.T.);
#9120=ORIENTED_EDGE('',*,*,#9119,.F.);
#9121=EDGE_LOOP('',(#9113,#9120));
#9122=FACE_BOUND('',#9121,.T.);
#9123=ADVANCED_FACE('',(#9082,#9102,#9122),#9057,.T.);
#9124=CARTESIAN_POINT('',(-13.499999999999,-65.,-29.));
#9125=DIRECTION('',(0.,0.,1.));
#9126=DIRECTION('',(-1.,0.,0.));
#9127=AXIS2_PLACEMENT_3D('',#9124,#9126,#9125);
#9128=PLANE('',#9127);
#9129=CARTESIAN_POINT('',(-13.499999999999,-65.,-27.418059741711));
#9130=DIRECTION('',(0.,0.,-1.));
#9131=VECTOR('',#9130,1.581940258289);
#9132=LINE('',#9129,#9131);
#9133=EDGE_CURVE('',#8889,#9059,#9132,.T.);
#9134=ORIENTED_EDGE('',*,*,#9133,.F.);
#9135=ORIENTED_EDGE('',*,*,#8918,.T.);
#9136=CARTESIAN_POINT('',(-13.499999999999,-57.,-29.));
#9137=DIRECTION('',(0.,0.,1.));
#9138=VECTOR('',#9137,1.581940258289);
#9139=LINE('',#9136,#9138);
#9140=EDGE_CURVE('',#9067,#8906,#9139,.T.);
#9141=ORIENTED_EDGE('',*,*,#9140,.F.);
#9142=ORIENTED_EDGE('',*,*,#9072,.F.);
#9143=EDGE_LOOP('',(#9134,#9135,#9141,#9142));
#9144=FACE_OUTER_BOUND('',#9143,.T.);
#9145=ADVANCED_FACE('',(#9144),#9128,.T.);
#9146=CARTESIAN_POINT('',(-21.217622392717,-65.,-12.250000000001));
#9147=DIRECTION('',(-1.3357439598832E-07,0.,-0.99999999999999));
#9148=DIRECTION('',(7.105427357601E-15,1.,0.));
#9149=AXIS2_PLACEMENT_3D('',#9146,#9148,#9147);
#9150=CYLINDRICAL_SURFACE('',#9149,2.0000000000026);
#9151=CARTESIAN_POINT('',(-21.217622392717,-65.,-10.249999999999));
#9152=VERTEX_POINT('',#9151);
#9153=CARTESIAN_POINT('',(-21.217622392717,-65.,-14.250000000004));
#9154=VERTEX_POINT('',#9153);
#9155=CARTESIAN_POINT('',(-21.217622392717,-65.,-12.250000000001));
#9156=DIRECTION('',(0.,-7.1054273575939E-15,1.));
#9157=DIRECTION('',(4.28850477329E-15,-1.,-4.28850477329E-15));
#9158=AXIS2_PLACEMENT_3D('',#9155,#9157,#9156);
#9159=CIRCLE('',#9158,2.000000000002);
#9160=EDGE_CURVE('',#9152,#9154,#9159,.T.);
#9161=ORIENTED_EDGE('',*,*,#9160,.T.);
#9162=CARTESIAN_POINT('',(-21.217622392717,-57.,-14.250000000004));
#9163=VERTEX_POINT('',#9162);
#9164=CARTESIAN_POINT('',(-21.217622392717,-65.,-14.250000000004));
#9165=DIRECTION('',(0.,1.,0.));
#9166=VECTOR('',#9165,8.);
#9167=LINE('',#9164,#9166);
#9168=EDGE_CURVE('',#9154,#9163,#9167,.T.);
#9169=ORIENTED_EDGE('',*,*,#9168,.T.);
#9170=CARTESIAN_POINT('',(-21.217622392717,-57.,-10.249999999999));
#9171=VERTEX_POINT('',#9170);
#9172=CARTESIAN_POINT('',(-21.217622392717,-57.,-12.250000000001));
#9173=DIRECTION('',(-3.5527136787952E-15,7.1054273575903E-15,-1.));
#9174=DIRECTION('',(4.2885047732879E-15,1.,4.2885047732879E-15));
#9175=AXIS2_PLACEMENT_3D('',#9172,#9174,#9173);
#9176=CIRCLE('',#9175,2.000000000003);
#9177=EDGE_CURVE('',#9163,#9171,#9176,.T.);
#9178=ORIENTED_EDGE('',*,*,#9177,.T.);
#9179=CARTESIAN_POINT('',(-21.217622392717,-57.,-10.249999999999));
#9180=DIRECTION('',(0.,-1.,0.));
#9181=VECTOR('',#9180,8.);
#9182=LINE('',#9179,#9181);
#9183=EDGE_CURVE('',#9171,#9152,#9182,.T.);
#9184=ORIENTED_EDGE('',*,*,#9183,.T.);
#9185=EDGE_LOOP('',(#9161,#9169,#9178,#9184));
#9186=FACE_OUTER_BOUND('',#9185,.T.);
#9187=ADVANCED_FACE('',(#9186),#9150,.F.);
#9188=CARTESIAN_POINT('',(-21.217622392717,-65.,-12.250000000001));
#9189=DIRECTION('',(7.2830630415315E-14,7.1054273575917E-15,1.));
#9190=DIRECTION('',(-1.4210854715202E-14,1.,0.));
#9191=AXIS2_PLACEMENT_3D('',#9188,#9190,#9189);
#9192=CYLINDRICAL_SURFACE('',#9191,2.0000000000026);
#9193=ORIENTED_EDGE('',*,*,#9168,.F.);
#9194=CARTESIAN_POINT('',(-21.217622392717,-65.,-12.250000000001));
#9195=DIRECTION('',(1.7763568393985E-15,-7.1054273575939E-15,1.));
#9196=DIRECTION('',(4.28850477329E-15,1.,4.28850477329E-15));
#9197=AXIS2_PLACEMENT_3D('',#9194,#9196,#9195);
#9198=CIRCLE('',#9197,2.000000000002);
#9199=EDGE_CURVE('',#9152,#9154,#9198,.T.);
#9200=ORIENTED_EDGE('',*,*,#9199,.F.);
#9201=ORIENTED_EDGE('',*,*,#9183,.F.);
#9202=CARTESIAN_POINT('',(-21.217622392717,-57.,-12.250000000002));
#9203=DIRECTION('',(1.5987211554582E-14,-1.1368683772147E-13,1.));
#9204=DIRECTION('',(2.827752418063E-15,1.,1.1296187646074E-13));
#9205=AXIS2_PLACEMENT_3D('',#9202,#9204,#9203);
#9206=CIRCLE('',#9205,2.0000000000025);
#9207=EDGE_CURVE('',#9171,#8812,#9206,.T.);
#9208=ORIENTED_EDGE('',*,*,#9207,.T.);
#9209=ORIENTED_EDGE('',*,*,#8826,.T.);
#9210=CARTESIAN_POINT('',(-21.217622392717,-57.,-12.250000000002));
#9211=DIRECTION('',(0.10881119635841,1.1368683772147E-13,-0.99406243443108));
#9212=DIRECTION('',(8.5661797128197E-15,1.,1.1577879904504E-13));
#9213=AXIS2_PLACEMENT_3D('',#9210,#9212,#9211);
#9214=CIRCLE('',#9213,2.0000000000025);
#9215=EDGE_CURVE('',#8814,#9163,#9214,.T.);
#9216=ORIENTED_EDGE('',*,*,#9215,.T.);
#9217=EDGE_LOOP('',(#9193,#9200,#9201,#9208,#9209,#9216));
#9218=FACE_OUTER_BOUND('',#9217,.T.);
#9219=ADVANCED_FACE('',(#9218),#9192,.F.);
#9220=CARTESIAN_POINT('',(21.217622392721,-65.,-12.249999999999));
#9221=DIRECTION('',(-7.4606987254743E-14,0.,-1.));
#9222=DIRECTION('',(0.,1.,0.));
#9223=AXIS2_PLACEMENT_3D('',#9220,#9222,#9221);
#9224=CYLINDRICAL_SURFACE('',#9223,2.0000000000018);
#9225=CARTESIAN_POINT('',(21.217622392721,-65.,-10.249999999997));
#9226=VERTEX_POINT('',#9225);
#9227=CARTESIAN_POINT('',(21.217622392721,-65.,-14.250000000001));
#9228=VERTEX_POINT('',#9227);
#9229=CARTESIAN_POINT('',(21.217622392721,-65.,-12.249999999999));
#9230=DIRECTION('',(0.,-7.1054273575939E-15,1.));
#9231=DIRECTION('',(4.28850477329E-15,-1.,-4.28850477329E-15));
#9232=AXIS2_PLACEMENT_3D('',#9229,#9231,#9230);
#9233=CIRCLE('',#9232,2.000000000002);
#9234=EDGE_CURVE('',#9226,#9228,#9233,.T.);
#9235=ORIENTED_EDGE('',*,*,#9234,.T.);
#9236=CARTESIAN_POINT('',(21.217622392721,-57.,-14.250000000001));
#9237=VERTEX_POINT('',#9236);
#9238=CARTESIAN_POINT('',(21.217622392721,-65.,-14.250000000001));
#9239=DIRECTION('',(0.,1.,0.));
#9240=VECTOR('',#9239,8.);
#9241=LINE('',#9238,#9240);
#9242=EDGE_CURVE('',#9228,#9237,#9241,.T.);
#9243=ORIENTED_EDGE('',*,*,#9242,.T.);
#9244=CARTESIAN_POINT('',(21.217622392721,-57.000000000001,-12.249999999999));
#9245=DIRECTION('',(-8.8817841969925E-15,2.0961010704902E-13,-1.));
#9246=DIRECTION('',(5.9602794865379E-15,1.,2.0846495917797E-13));
#9247=AXIS2_PLACEMENT_3D('',#9244,#9246,#9245);
#9248=CIRCLE('',#9247,2.000000000002);
#9249=EDGE_CURVE('',#9237,#8787,#9248,.T.);
#9250=ORIENTED_EDGE('',*,*,#9249,.T.);
#9251=ORIENTED_EDGE('',*,*,#8801,.T.);
#9252=CARTESIAN_POINT('',(21.217622392721,-57.,-10.249999999997));
#9253=VERTEX_POINT('',#9252);
#9254=CARTESIAN_POINT('',(21.217622392721,-57.000000000001,-12.249999999999));
#9255=DIRECTION('',(-0.10881119636043,-2.0250467969143E-13,0.99406243443086));
#9256=DIRECTION('',(8.9863663231427E-15,1.,2.1483459544107E-13));
#9257=AXIS2_PLACEMENT_3D('',#9254,#9256,#9255);
#9258=CIRCLE('',#9257,2.000000000002);
#9259=EDGE_CURVE('',#8789,#9253,#9258,.T.);
#9260=ORIENTED_EDGE('',*,*,#9259,.T.);
#9261=CARTESIAN_POINT('',(21.217622392721,-57.,-10.249999999997));
#9262=DIRECTION('',(0.,-1.,0.));
#9263=VECTOR('',#9262,8.);
#9264=LINE('',#9261,#9263);
#9265=EDGE_CURVE('',#9253,#9226,#9264,.T.);
#9266=ORIENTED_EDGE('',*,*,#9265,.T.);
#9267=EDGE_LOOP('',(#9235,#9243,#9250,#9251,#9260,#9266));
#9268=FACE_OUTER_BOUND('',#9267,.T.);
#9269=ADVANCED_FACE('',(#9268),#9224,.F.);
#9270=CARTESIAN_POINT('',(21.217622392721,-65.,-12.249999999999));
#9271=DIRECTION('',(8.0054187279116E-08,0.,1.));
#9272=DIRECTION('',(0.,1.,0.));
#9273=AXIS2_PLACEMENT_3D('',#9270,#9272,#9271);
#9274=CYLINDRICAL_SURFACE('',#9273,2.0000000000018);
#9275=ORIENTED_EDGE('',*,*,#9242,.F.);
#9276=CARTESIAN_POINT('',(21.217622392721,-65.,-12.249999999999));
#9277=DIRECTION('',(0.,0.,1.));
#9278=DIRECTION('',(0.,1.,0.));
#9279=AXIS2_PLACEMENT_3D('',#9276,#9278,#9277);
#9280=CIRCLE('',#9279,2.000000000002);
#9281=EDGE_CURVE('',#9226,#9228,#9280,.T.);
#9282=ORIENTED_EDGE('',*,*,#9281,.F.);
#9283=ORIENTED_EDGE('',*,*,#9265,.F.);
#9284=CARTESIAN_POINT('',(21.217622392721,-57.,-12.249999999999));
#9285=DIRECTION('',(0.,7.1054273575939E-15,1.));
#9286=DIRECTION('',(-4.28850477329E-15,1.,-4.28850477329E-15));
#9287=AXIS2_PLACEMENT_3D('',#9284,#9286,#9285);
#9288=CIRCLE('',#9287,2.000000000002);
#9289=EDGE_CURVE('',#9253,#9237,#9288,.T.);
#9290=ORIENTED_EDGE('',*,*,#9289,.T.);
#9291=EDGE_LOOP('',(#9275,#9282,#9283,#9290));
#9292=FACE_OUTER_BOUND('',#9291,.T.);
#9293=ADVANCED_FACE('',(#9292),#9274,.F.);
#9294=CARTESIAN_POINT('',(21.217622392719,-65.,12.250000000001));
#9295=DIRECTION('',(-1.1013412404279E-13,0.,-1.));
#9296=DIRECTION('',(0.,1.,-2.2204460492502E-16));
#9297=AXIS2_PLACEMENT_3D('',#9294,#9296,#9295);
#9298=CYLINDRICAL_SURFACE('',#9297,2.0000000000004);
#9299=CARTESIAN_POINT('',(21.217622392719,-65.,14.250000000002));
#9300=VERTEX_POINT('',#9299);
#9301=CARTESIAN_POINT('',(21.217622392719,-65.,10.250000000001));
#9302=VERTEX_POINT('',#9301);
#9303=CARTESIAN_POINT('',(21.217622392719,-65.,12.250000000001));
#9304=DIRECTION('',(-3.5527136787987E-15,-7.1054273575974E-15,1.));
#9305=DIRECTION('',(4.2885047732922E-15,-1.,-4.2885047732922E-15));
#9306=AXIS2_PLACEMENT_3D('',#9303,#9305,#9304);
#9307=CIRCLE('',#9306,2.000000000001);
#9308=EDGE_CURVE('',#9300,#9302,#9307,.T.);
#9309=ORIENTED_EDGE('',*,*,#9308,.T.);
#9310=CARTESIAN_POINT('',(21.217622392719,-57.,10.250000000001));
#9311=VERTEX_POINT('',#9310);
#9312=CARTESIAN_POINT('',(21.217622392719,-65.,10.250000000001));
#9313=DIRECTION('',(0.,1.,0.));
#9314=VECTOR('',#9313,8.);
#9315=LINE('',#9312,#9314);
#9316=EDGE_CURVE('',#9302,#9311,#9315,.T.);
#9317=ORIENTED_EDGE('',*,*,#9316,.T.);
#9318=CARTESIAN_POINT('',(21.217622392719,-57.,12.250000000002));
#9319=DIRECTION('',(-1.7763568393993E-15,3.5882408155867E-13,-1.));
#9320=DIRECTION('',(1.8163953442514E-14,1.,3.592244666072E-13));
#9321=AXIS2_PLACEMENT_3D('',#9318,#9320,#9319);
#9322=CIRCLE('',#9321,2.000000000001);
#9323=EDGE_CURVE('',#9311,#8862,#9322,.T.);
#9324=ORIENTED_EDGE('',*,*,#9323,.T.);
#9325=ORIENTED_EDGE('',*,*,#8876,.T.);
#9326=CARTESIAN_POINT('',(21.217622392719,-57.,14.250000000002));
#9327=VERTEX_POINT('',#9326);
#9328=CARTESIAN_POINT('',(21.217622392719,-57.,12.250000000002));
#9329=DIRECTION('',(-0.1088111963595,-3.5882408155867E-13,0.99406243443096));
#9330=DIRECTION('',(2.0306347723419E-14,1.,3.6338672958683E-13));
#9331=AXIS2_PLACEMENT_3D('',#9328,#9330,#9329);
#9332=CIRCLE('',#9331,2.000000000001);
#9333=EDGE_CURVE('',#8864,#9327,#9332,.T.);
#9334=ORIENTED_EDGE('',*,*,#9333,.T.);
#9335=CARTESIAN_POINT('',(21.217622392719,-57.,14.250000000002));
#9336=DIRECTION('',(0.,-1.,0.));
#9337=VECTOR('',#9336,8.);
#9338=LINE('',#9335,#9337);
#9339=EDGE_CURVE('',#9327,#9300,#9338,.T.);
#9340=ORIENTED_EDGE('',*,*,#9339,.T.);
#9341=EDGE_LOOP('',(#9309,#9317,#9324,#9325,#9334,#9340));
#9342=FACE_OUTER_BOUND('',#9341,.T.);
#9343=ADVANCED_FACE('',(#9342),#9298,.F.);
#9344=CARTESIAN_POINT('',(21.217622392719,-65.,12.250000000001));
#9345=DIRECTION('',(8.0054242346234E-08,7.1054273575995E-15,1.));
#9346=DIRECTION('',(-7.105427357601E-15,1.,0.));
#9347=AXIS2_PLACEMENT_3D('',#9344,#9346,#9345);
#9348=CYLINDRICAL_SURFACE('',#9347,2.0000000000004);
#9349=ORIENTED_EDGE('',*,*,#9316,.F.);
#9350=CARTESIAN_POINT('',(21.217622392719,-65.,12.250000000001));
#9351=DIRECTION('',(0.,-7.1054273575974E-15,1.));
#9352=DIRECTION('',(4.2885047732921E-15,1.,4.2885047732921E-15));
#9353=AXIS2_PLACEMENT_3D('',#9350,#9352,#9351);
#9354=CIRCLE('',#9353,2.000000000001);
#9355=EDGE_CURVE('',#9300,#9302,#9354,.T.);
#9356=ORIENTED_EDGE('',*,*,#9355,.F.);
#9357=ORIENTED_EDGE('',*,*,#9339,.F.);
#9358=CARTESIAN_POINT('',(21.217622392719,-57.,12.250000000001));
#9359=DIRECTION('',(0.,7.1054273575974E-15,1.));
#9360=DIRECTION('',(-4.2885047732921E-15,1.,-4.2885047732921E-15));
#9361=AXIS2_PLACEMENT_3D('',#9358,#9360,#9359);
#9362=CIRCLE('',#9361,2.000000000001);
#9363=EDGE_CURVE('',#9327,#9311,#9362,.T.);
#9364=ORIENTED_EDGE('',*,*,#9363,.T.);
#9365=EDGE_LOOP('',(#9349,#9356,#9357,#9364));
#9366=FACE_OUTER_BOUND('',#9365,.T.);
#9367=ADVANCED_FACE('',(#9366),#9348,.F.);
#9368=CARTESIAN_POINT('',(-21.217622392718,-65.,12.249999999999));
#9369=DIRECTION('',(1.1901590823974E-13,0.,1.));
#9370=DIRECTION('',(-1.4654943925051E-14,1.,2.2204460492502E-16));
#9371=AXIS2_PLACEMENT_3D('',#9368,#9370,#9369);
#9372=CYLINDRICAL_SURFACE('',#9371,2.0000000000013);
#9373=CARTESIAN_POINT('',(-21.217622392718,-65.,10.249999999997));
#9374=VERTEX_POINT('',#9373);
#9375=CARTESIAN_POINT('',(-21.217622392718,-57.,10.249999999997));
#9376=VERTEX_POINT('',#9375);
#9377=CARTESIAN_POINT('',(-21.217622392718,-65.,10.249999999997));
#9378=DIRECTION('',(0.,1.,0.));
#9379=VECTOR('',#9378,8.);
#9380=LINE('',#9377,#9379);
#9381=EDGE_CURVE('',#9374,#9376,#9380,.T.);
#9382=ORIENTED_EDGE('',*,*,#9381,.F.);
#9383=CARTESIAN_POINT('',(-21.217622392718,-65.,14.25));
#9384=VERTEX_POINT('',#9383);
#9385=CARTESIAN_POINT('',(-21.217622392718,-65.,12.249999999999));
#9386=DIRECTION('',(0.,-7.1054273575975E-15,1.));
#9387=DIRECTION('',(4.2885047732921E-15,1.,4.2885047732921E-15));
#9388=AXIS2_PLACEMENT_3D('',#9385,#9387,#9386);
#9389=CIRCLE('',#9388,2.000000000001);
#9390=EDGE_CURVE('',#9384,#9374,#9389,.T.);
#9391=ORIENTED_EDGE('',*,*,#9390,.F.);
#9392=CARTESIAN_POINT('',(-21.217622392718,-57.,14.25));
#9393=VERTEX_POINT('',#9392);
#9394=CARTESIAN_POINT('',(-21.217622392718,-57.,14.25));
#9395=DIRECTION('',(0.,-1.,0.));
#9396=VECTOR('',#9395,8.);
#9397=LINE('',#9394,#9396);
#9398=EDGE_CURVE('',#9393,#9384,#9397,.T.);
#9399=ORIENTED_EDGE('',*,*,#9398,.F.);
#9400=CARTESIAN_POINT('',(-21.217622392718,-56.999999999999,12.249999999999));
#9401=DIRECTION('',(-3.5527136787991E-15,-2.5934809855233E-13,1.));
#9402=DIRECTION('',(1.858414005284E-14,1.,2.6016867021117E-13));
#9403=AXIS2_PLACEMENT_3D('',#9400,#9402,#9401);
#9404=CIRCLE('',#9403,2.0000000000008);
#9405=EDGE_CURVE('',#9393,#8837,#9404,.T.);
#9406=ORIENTED_EDGE('',*,*,#9405,.T.);
#9407=ORIENTED_EDGE('',*,*,#8851,.T.);
#9408=CARTESIAN_POINT('',(-21.217622392718,-56.999999999999,12.249999999999));
#9409=DIRECTION('',(0.10881119635888,2.5224267119473E-13,-0.99406243443103));
#9410=DIRECTION('',(2.0621952207638E-14,1.,2.564897147387E-13));
#9411=AXIS2_PLACEMENT_3D('',#9408,#9410,#9409);
#9412=CIRCLE('',#9411,2.0000000000008);
#9413=EDGE_CURVE('',#8839,#9376,#9412,.T.);
#9414=ORIENTED_EDGE('',*,*,#9413,.T.);
#9415=EDGE_LOOP('',(#9382,#9391,#9399,#9406,#9407,#9414));
#9416=FACE_OUTER_BOUND('',#9415,.T.);
#9417=ADVANCED_FACE('',(#9416),#9372,.F.);
#9418=CARTESIAN_POINT('',(-21.217622392718,-65.,12.249999999999));
#9419=DIRECTION('',(-1.3357440309383E-07,1.4210854715193E-14,-0.99999999999999));
#9420=DIRECTION('',(7.105427357601E-15,1.,0.));
#9421=AXIS2_PLACEMENT_3D('',#9418,#9420,#9419);
#9422=CYLINDRICAL_SURFACE('',#9421,2.0000000000013);
#9423=CARTESIAN_POINT('',(-21.217622392718,-65.,12.249999999999));
#9424=DIRECTION('',(0.,0.,1.));
#9425=DIRECTION('',(0.,-1.,-0.));
#9426=AXIS2_PLACEMENT_3D('',#9423,#9425,#9424);
#9427=CIRCLE('',#9426,2.000000000001);
#9428=EDGE_CURVE('',#9384,#9374,#9427,.T.);
#9429=ORIENTED_EDGE('',*,*,#9428,.T.);
#9430=ORIENTED_EDGE('',*,*,#9381,.T.);
#9431=CARTESIAN_POINT('',(-21.217622392718,-57.,12.249999999999));
#9432=DIRECTION('',(-1.7763568393985E-15,7.1054273575939E-15,-1.));
#9433=DIRECTION('',(4.28850477329E-15,1.,4.28850477329E-15));
#9434=AXIS2_PLACEMENT_3D('',#9431,#9433,#9432);
#9435=CIRCLE('',#9434,2.000000000002);
#9436=EDGE_CURVE('',#9376,#9393,#9435,.T.);
#9437=ORIENTED_EDGE('',*,*,#9436,.T.);
#9438=ORIENTED_EDGE('',*,*,#9398,.T.);
#9439=EDGE_LOOP('',(#9429,#9430,#9437,#9438));
#9440=FACE_OUTER_BOUND('',#9439,.T.);
#9441=ADVANCED_FACE('',(#9440),#9422,.F.);
#9442=CARTESIAN_POINT('',(0.,-65.,0.));
#9443=DIRECTION('',(0.,0.,-1.));
#9444=DIRECTION('',(0.,-1.,0.));
#9445=AXIS2_PLACEMENT_3D('',#9442,#9444,#9443);
#9446=PLANE('',#9445);
#9447=ORIENTED_EDGE('',*,*,#9042,.T.);
#9448=ORIENTED_EDGE('',*,*,#9011,.T.);
#9449=ORIENTED_EDGE('',*,*,#8969,.F.);
#9450=ORIENTED_EDGE('',*,*,#8935,.F.);
#9451=ORIENTED_EDGE('',*,*,#8895,.T.);
#9452=ORIENTED_EDGE('',*,*,#9133,.T.);
#9453=ORIENTED_EDGE('',*,*,#9064,.T.);
#9454=EDGE_LOOP('',(#9447,#9448,#9449,#9450,#9451,#9452,#9453));
#9455=FACE_OUTER_BOUND('',#9454,.T.);
#9456=CARTESIAN_POINT('',(0.,-65.,26.5));
#9457=VERTEX_POINT('',#9456);
#9458=CARTESIAN_POINT('',(2.4492935982947E-16,-65.,22.5));
#9459=VERTEX_POINT('',#9458);
#9460=CARTESIAN_POINT('',(1.9984014443253E-15,-65.,24.5));
#9461=DIRECTION('',(-9.9920072216264E-16,-7.105427357601E-15,1.));
#9462=DIRECTION('',(4.2885047732943E-15,1.,4.2885047732943E-15));
#9463=AXIS2_PLACEMENT_3D('',#9460,#9462,#9461);
#9464=CIRCLE('',#9463,2.);
#9465=EDGE_CURVE('',#9457,#9459,#9464,.T.);
#9466=ORIENTED_EDGE('',*,*,#9465,.T.);
#9467=CARTESIAN_POINT('',(-8.8817841970013E-16,-65.,24.5));
#9468=DIRECTION('',(4.4408920985006E-16,0.,1.));
#9469=DIRECTION('',(-4.2885047732943E-15,-1.,4.2885047732943E-15));
#9470=AXIS2_PLACEMENT_3D('',#9467,#9469,#9468);
#9471=CIRCLE('',#9470,2.);
#9472=EDGE_CURVE('',#9457,#9459,#9471,.T.);
#9473=ORIENTED_EDGE('',*,*,#9472,.F.);
#9474=EDGE_LOOP('',(#9466,#9473));
#9475=FACE_BOUND('',#9474,.T.);
#9476=CARTESIAN_POINT('',(24.500000000001,-65.,2.0000000000012));
#9477=VERTEX_POINT('',#9476);
#9478=CARTESIAN_POINT('',(24.500000000001,-65.,-1.9999999999998));
#9479=VERTEX_POINT('',#9478);
#9480=CARTESIAN_POINT('',(24.500000000001,-65.,6.9388939039072E-13));
#9481=DIRECTION('',(-1.7763568393998E-15,-7.1054273575992E-15,1.));
#9482=DIRECTION('',(4.2885047732932E-15,1.,4.2885047732932E-15));
#9483=AXIS2_PLACEMENT_3D('',#9480,#9482,#9481);
#9484=CIRCLE('',#9483,2.0000000000005);
#9485=EDGE_CURVE('',#9477,#9479,#9484,.T.);
#9486=ORIENTED_EDGE('',*,*,#9485,.T.);
#9487=CARTESIAN_POINT('',(24.500000000001,-65.,6.936673457858E-13));
#9488=DIRECTION('',(-1.7763568393998E-15,-7.1054273575992E-15,1.));
#9489=DIRECTION('',(4.2885047732932E-15,-1.,-4.2885047732932E-15));
#9490=AXIS2_PLACEMENT_3D('',#9487,#9489,#9488);
#9491=CIRCLE('',#9490,2.0000000000005);
#9492=EDGE_CURVE('',#9477,#9479,#9491,.T.);
#9493=ORIENTED_EDGE('',*,*,#9492,.F.);
#9494=EDGE_LOOP('',(#9486,#9493));
#9495=FACE_BOUND('',#9494,.T.);
#9496=CARTESIAN_POINT('',(-24.499999999999,-65.,2.0000000000004));
#9497=VERTEX_POINT('',#9496);
#9498=CARTESIAN_POINT('',(-24.499999999999,-65.,-2.0000000000018));
#9499=VERTEX_POINT('',#9498);
#9500=CARTESIAN_POINT('',(-24.499999999999,-65.,-6.9677597025475E-13));
#9501=DIRECTION('',(0.,-7.1054273575971E-15,1.));
#9502=DIRECTION('',(4.2885047732919E-15,1.,4.2885047732919E-15));
#9503=AXIS2_PLACEMENT_3D('',#9500,#9502,#9501);
#9504=CIRCLE('',#9503,2.0000000000011);
#9505=EDGE_CURVE('',#9497,#9499,#9504,.T.);
#9506=ORIENTED_EDGE('',*,*,#9505,.T.);
#9507=CARTESIAN_POINT('',(-24.499999999999,-65.,-7.016609515631E-13));
#9508=DIRECTION('',(0.,-7.1054273575971E-15,1.));
#9509=DIRECTION('',(4.2885047732919E-15,-1.,-4.2885047732919E-15));
#9510=AXIS2_PLACEMENT_3D('',#9507,#9509,#9508);
#9511=CIRCLE('',#9510,2.0000000000011);
#9512=EDGE_CURVE('',#9497,#9499,#9511,.T.);
#9513=ORIENTED_EDGE('',*,*,#9512,.F.);
#9514=EDGE_LOOP('',(#9506,#9513));
#9515=FACE_BOUND('',#9514,.T.);
#9516=ORIENTED_EDGE('',*,*,#9199,.T.);
#9517=ORIENTED_EDGE('',*,*,#9160,.F.);
#9518=EDGE_LOOP('',(#9516,#9517));
#9519=FACE_BOUND('',#9518,.T.);
#9520=ORIENTED_EDGE('',*,*,#9281,.T.);
#9521=ORIENTED_EDGE('',*,*,#9234,.F.);
#9522=EDGE_LOOP('',(#9520,#9521));
#9523=FACE_BOUND('',#9522,.T.);
#9524=ORIENTED_EDGE('',*,*,#9355,.T.);
#9525=ORIENTED_EDGE('',*,*,#9308,.F.);
#9526=EDGE_LOOP('',(#9524,#9525));
#9527=FACE_BOUND('',#9526,.T.);
#9528=ORIENTED_EDGE('',*,*,#9390,.T.);
#9529=ORIENTED_EDGE('',*,*,#9428,.F.);
#9530=EDGE_LOOP('',(#9528,#9529));
#9531=FACE_BOUND('',#9530,.T.);
#9532=CARTESIAN_POINT('',(1.386662992774E-12,-65.,-22.499999999999));
#9533=VERTEX_POINT('',#9532);
#9534=CARTESIAN_POINT('',(1.3869079221338E-12,-65.,-26.500000000001));
#9535=VERTEX_POINT('',#9534);
#9536=CARTESIAN_POINT('',(1.386224468547E-12,-65.,-24.5));
#9537=DIRECTION('',(2.1926211351464E-16,0.,1.));
#9538=DIRECTION('',(0.,1.,0.));
#9539=AXIS2_PLACEMENT_3D('',#9536,#9538,#9537);
#9540=CIRCLE('',#9539,2.000000000001);
#9541=EDGE_CURVE('',#9533,#9535,#9540,.T.);
#9542=ORIENTED_EDGE('',*,*,#9541,.T.);
#9543=CARTESIAN_POINT('',(1.386002423942E-12,-65.,-24.5));
#9544=DIRECTION('',(3.3028441597711E-16,-7.1054273575975E-15,1.));
#9545=DIRECTION('',(4.2885047732921E-15,-1.,-4.2885047732921E-15));
#9546=AXIS2_PLACEMENT_3D('',#9543,#9545,#9544);
#9547=CIRCLE('',#9546,2.000000000001);
#9548=EDGE_CURVE('',#9533,#9535,#9547,.T.);
#9549=ORIENTED_EDGE('',*,*,#9548,.F.);
#9550=EDGE_LOOP('',(#9542,#9549));
#9551=FACE_BOUND('',#9550,.T.);
#9552=ADVANCED_FACE('',(#9455,#9475,#9495,#9515,#9519,#9523,#9527,#9531,#9551),#9446,.T.);
#9553=CARTESIAN_POINT('',(10.,-61.,-17.));
#9554=DIRECTION('',(-0.99999999999952,9.7801363949657E-07,0.));
#9555=DIRECTION('',(0.,-1.1842378929335E-15,-1.));
#9556=AXIS2_PLACEMENT_3D('',#9553,#9555,#9554);
#9557=CYLINDRICAL_SURFACE('',#9556,1.25);
#9558=CARTESIAN_POINT('',(11.25,-61.,-17.));
#9559=VERTEX_POINT('',#9558);
#9560=CARTESIAN_POINT('',(11.25,-61.,-17.));
#9561=DIRECTION('',(0.,0.,-1.));
#9562=VECTOR('',#9561,12.);
#9563=LINE('',#9560,#9562);
#9564=EDGE_CURVE('',#9559,#9084,#9563,.T.);
#9565=ORIENTED_EDGE('',*,*,#9564,.F.);
#9566=CARTESIAN_POINT('',(8.75,-61.,-17.));
#9567=VERTEX_POINT('',#9566);
#9568=CARTESIAN_POINT('',(10.,-61.,-17.));
#9569=DIRECTION('',(1.,0.,0.));
#9570=DIRECTION('',(0.,0.,1.));
#9571=AXIS2_PLACEMENT_3D('',#9568,#9570,#9569);
#9572=CIRCLE('',#9571,1.25);
#9573=EDGE_CURVE('',#9559,#9567,#9572,.T.);
#9574=ORIENTED_EDGE('',*,*,#9573,.T.);
#9575=CARTESIAN_POINT('',(8.75,-61.,-29.));
#9576=DIRECTION('',(0.,0.,1.));
#9577=VECTOR('',#9576,12.);
#9578=LINE('',#9575,#9577);
#9579=EDGE_CURVE('',#9086,#9567,#9578,.T.);
#9580=ORIENTED_EDGE('',*,*,#9579,.F.);
#9581=ORIENTED_EDGE('',*,*,#9092,.F.);
#9582=EDGE_LOOP('',(#9565,#9574,#9580,#9581));
#9583=FACE_OUTER_BOUND('',#9582,.T.);
#9584=ADVANCED_FACE('',(#9583),#9557,.F.);
#9585=CARTESIAN_POINT('',(10.,-61.,-17.));
#9586=DIRECTION('',(1.,-5.6843418860808E-15,0.));
#9587=DIRECTION('',(0.,0.,-1.));
#9588=AXIS2_PLACEMENT_3D('',#9585,#9587,#9586);
#9589=CYLINDRICAL_SURFACE('',#9588,1.25);
#9590=CARTESIAN_POINT('',(10.,-61.,-17.));
#9591=DIRECTION('',(-1.,0.,0.));
#9592=DIRECTION('',(-0.,0.,1.));
#9593=AXIS2_PLACEMENT_3D('',#9590,#9592,#9591);
#9594=CIRCLE('',#9593,1.25);
#9595=EDGE_CURVE('',#9567,#9559,#9594,.T.);
#9596=ORIENTED_EDGE('',*,*,#9595,.T.);
#9597=ORIENTED_EDGE('',*,*,#9564,.T.);
#9598=ORIENTED_EDGE('',*,*,#9099,.T.);
#9599=ORIENTED_EDGE('',*,*,#9579,.T.);
#9600=EDGE_LOOP('',(#9596,#9597,#9598,#9599));
#9601=FACE_OUTER_BOUND('',#9600,.T.);
#9602=ADVANCED_FACE('',(#9601),#9589,.F.);
#9603=CARTESIAN_POINT('',(-10.,-61.,-17.));
#9604=DIRECTION('',(-0.99999999999952,9.7801362244355E-07,2.8421709430404E-15));
#9605=DIRECTION('',(0.,0.,-1.));
#9606=AXIS2_PLACEMENT_3D('',#9603,#9605,#9604);
#9607=CYLINDRICAL_SURFACE('',#9606,1.25);
#9608=CARTESIAN_POINT('',(-8.75,-61.,-17.));
#9609=VERTEX_POINT('',#9608);
#9610=CARTESIAN_POINT('',(-8.75,-61.,-17.));
#9611=DIRECTION('',(0.,0.,-1.));
#9612=VECTOR('',#9611,12.);
#9613=LINE('',#9610,#9612);
#9614=EDGE_CURVE('',#9609,#9104,#9613,.T.);
#9615=ORIENTED_EDGE('',*,*,#9614,.F.);
#9616=CARTESIAN_POINT('',(-11.25,-61.,-17.));
#9617=VERTEX_POINT('',#9616);
#9618=CARTESIAN_POINT('',(-10.,-61.,-17.));
#9619=DIRECTION('',(1.,0.,0.));
#9620=DIRECTION('',(0.,0.,1.));
#9621=AXIS2_PLACEMENT_3D('',#9618,#9620,#9619);
#9622=CIRCLE('',#9621,1.25);
#9623=EDGE_CURVE('',#9609,#9617,#9622,.T.);
#9624=ORIENTED_EDGE('',*,*,#9623,.T.);
#9625=CARTESIAN_POINT('',(-11.25,-61.,-29.));
#9626=DIRECTION('',(0.,0.,1.));
#9627=VECTOR('',#9626,12.);
#9628=LINE('',#9625,#9627);
#9629=EDGE_CURVE('',#9106,#9617,#9628,.T.);
#9630=ORIENTED_EDGE('',*,*,#9629,.F.);
#9631=ORIENTED_EDGE('',*,*,#9112,.F.);
#9632=EDGE_LOOP('',(#9615,#9624,#9630,#9631));
#9633=FACE_OUTER_BOUND('',#9632,.T.);
#9634=ADVANCED_FACE('',(#9633),#9607,.F.);
#9635=CARTESIAN_POINT('',(-10.,-61.,-17.));
#9636=DIRECTION('',(1.,-5.6843418860808E-15,0.));
#9637=DIRECTION('',(0.,0.,-1.));
#9638=AXIS2_PLACEMENT_3D('',#9635,#9637,#9636);
#9639=CYLINDRICAL_SURFACE('',#9638,1.25);
#9640=CARTESIAN_POINT('',(-10.,-61.,-17.));
#9641=DIRECTION('',(-1.,0.,0.));
#9642=DIRECTION('',(-0.,0.,1.));
#9643=AXIS2_PLACEMENT_3D('',#9640,#9642,#9641);
#9644=CIRCLE('',#9643,1.25);
#9645=EDGE_CURVE('',#9617,#9609,#9644,.T.);
#9646=ORIENTED_EDGE('',*,*,#9645,.T.);
#9647=ORIENTED_EDGE('',*,*,#9614,.T.);
#9648=ORIENTED_EDGE('',*,*,#9119,.T.);
#9649=ORIENTED_EDGE('',*,*,#9629,.T.);
#9650=EDGE_LOOP('',(#9646,#9647,#9648,#9649));
#9651=FACE_OUTER_BOUND('',#9650,.T.);
#9652=ADVANCED_FACE('',(#9651),#9639,.F.);
#9653=CARTESIAN_POINT('',(10.,-61.,-17.));
#9654=DIRECTION('',(-1.,0.,0.));
#9655=DIRECTION('',(0.,0.,-1.));
#9656=AXIS2_PLACEMENT_3D('',#9653,#9655,#9654);
#9657=PLANE('',#9656);
#9658=ORIENTED_EDGE('',*,*,#9573,.F.);
#9659=ORIENTED_EDGE('',*,*,#9595,.F.);
#9660=EDGE_LOOP('',(#9658,#9659));
#9661=FACE_OUTER_BOUND('',#9660,.T.);
#9662=ADVANCED_FACE('',(#9661),#9657,.T.);
#9663=CARTESIAN_POINT('',(-10.,-61.,-17.));
#9664=DIRECTION('',(-1.,0.,0.));
#9665=DIRECTION('',(0.,0.,-1.));
#9666=AXIS2_PLACEMENT_3D('',#9663,#9665,#9664);
#9667=PLANE('',#9666);
#9668=ORIENTED_EDGE('',*,*,#9623,.F.);
#9669=ORIENTED_EDGE('',*,*,#9645,.F.);
#9670=EDGE_LOOP('',(#9668,#9669));
#9671=FACE_OUTER_BOUND('',#9670,.T.);
#9672=ADVANCED_FACE('',(#9671),#9667,.T.);
#9673=CARTESIAN_POINT('',(24.500000000001,-65.,6.918909889464E-13));
#9674=DIRECTION('',(-1.3357439776481E-07,7.1054273575993E-15,-0.99999999999999));
#9675=DIRECTION('',(0.,1.,2.7755575615629E-17));
#9676=AXIS2_PLACEMENT_3D('',#9673,#9675,#9674);
#9677=CYLINDRICAL_SURFACE('',#9676,2.0000000000005);
#9678=ORIENTED_EDGE('',*,*,#9492,.T.);
#9679=CARTESIAN_POINT('',(24.499999866427,-60.5,-1.9999999999998));
#9680=VERTEX_POINT('',#9679);
#9681=CARTESIAN_POINT('',(24.500000000001,-65.,-1.9999999999998));
#9682=DIRECTION('',(0.,1.,0.));
#9683=VECTOR('',#9682,4.5);
#9684=LINE('',#9681,#9683);
#9685=EDGE_CURVE('',#9479,#9680,#9684,.T.);
#9686=ORIENTED_EDGE('',*,*,#9685,.T.);
#9687=CARTESIAN_POINT('',(24.500000080055,-60.5,2.0000000000012));
#9688=VERTEX_POINT('',#9687);
#9689=CARTESIAN_POINT('',(24.500000000001,-60.5,6.936673457858E-13));
#9690=DIRECTION('',(-8.881784196999E-15,1.0658141036399E-14,1.));
#9691=DIRECTION('',(-6.4327571599399E-15,-1.,6.4327571599398E-15));
#9692=AXIS2_PLACEMENT_3D('',#9689,#9691,#9690);
#9693=CIRCLE('',#9692,2.0000000000005);
#9694=EDGE_CURVE('',#9688,#9680,#9693,.T.);
#9695=ORIENTED_EDGE('',*,*,#9694,.F.);
#9696=CARTESIAN_POINT('',(24.500000000001,-60.5,2.0000000000012));
#9697=DIRECTION('',(0.,-1.,0.));
#9698=VECTOR('',#9697,4.5);
#9699=LINE('',#9696,#9698);
#9700=EDGE_CURVE('',#9688,#9477,#9699,.T.);
#9701=ORIENTED_EDGE('',*,*,#9700,.T.);
#9702=EDGE_LOOP('',(#9678,#9686,#9695,#9701));
#9703=FACE_OUTER_BOUND('',#9702,.T.);
#9704=ADVANCED_FACE('',(#9703),#9677,.F.);
#9705=CARTESIAN_POINT('',(24.500000000001,-65.,6.9788619327937E-13));
#9706=DIRECTION('',(8.0054187279168E-08,7.1054273575992E-15,1.));
#9707=DIRECTION('',(0.,1.,2.7755575615629E-17));
#9708=AXIS2_PLACEMENT_3D('',#9705,#9707,#9706);
#9709=CYLINDRICAL_SURFACE('',#9708,2.0000000000005);
#9710=ORIENTED_EDGE('',*,*,#9485,.F.);
#9711=ORIENTED_EDGE('',*,*,#9700,.F.);
#9712=CARTESIAN_POINT('',(24.500000000001,-60.5,6.927791673661E-13));
#9713=DIRECTION('',(-7.1054273575992E-15,3.5527136787996E-15,-1.));
#9714=DIRECTION('',(2.1442523847031E-15,-1.,-2.1442523847031E-15));
#9715=AXIS2_PLACEMENT_3D('',#9712,#9714,#9713);
#9716=CIRCLE('',#9715,2.0000000000005);
#9717=EDGE_CURVE('',#9680,#9688,#9716,.T.);
#9718=ORIENTED_EDGE('',*,*,#9717,.F.);
#9719=ORIENTED_EDGE('',*,*,#9685,.F.);
#9720=EDGE_LOOP('',(#9710,#9711,#9718,#9719));
#9721=FACE_OUTER_BOUND('',#9720,.T.);
#9722=ADVANCED_FACE('',(#9721),#9709,.F.);
#9723=CARTESIAN_POINT('',(1.2956302697376E-12,-65.,-24.5));
#9724=DIRECTION('',(8.0054240830524E-08,1.4210854715191E-14,1.));
#9725=DIRECTION('',(-7.1054267885008E-15,1.,0.));
#9726=AXIS2_PLACEMENT_3D('',#9723,#9725,#9724);
#9727=CYLINDRICAL_SURFACE('',#9726,2.0000000000015);
#9728=ORIENTED_EDGE('',*,*,#9541,.F.);
#9729=CARTESIAN_POINT('',(8.0055565990005E-08,-60.5,-22.499999999999));
#9730=VERTEX_POINT('',#9729);
#9731=CARTESIAN_POINT('',(1.386662992774E-12,-60.5,-22.499999999999));
#9732=DIRECTION('',(0.,-1.,0.));
#9733=VECTOR('',#9732,4.5);
#9734=LINE('',#9731,#9733);
#9735=EDGE_CURVE('',#9730,#9533,#9734,.T.);
#9736=ORIENTED_EDGE('',*,*,#9735,.F.);
#9737=CARTESIAN_POINT('',(-1.33572990794E-07,-60.5,-26.500000000001));
#9738=VERTEX_POINT('',#9737);
#9739=CARTESIAN_POINT('',(1.2640999358382E-12,-60.5,-24.5));
#9740=DIRECTION('',(1.0886848752999E-14,-3.5527136787978E-15,-1.));
#9741=DIRECTION('',(3.5527136771876E-15,-1.,3.5527136771877E-15));
#9742=AXIS2_PLACEMENT_3D('',#9739,#9741,#9740);
#9743=CIRCLE('',#9742,2.0000000000015);
#9744=EDGE_CURVE('',#9738,#9730,#9743,.T.);
#9745=ORIENTED_EDGE('',*,*,#9744,.F.);
#9746=CARTESIAN_POINT('',(1.3869079221338E-12,-65.,-26.500000000001));
#9747=DIRECTION('',(0.,1.,0.));
#9748=VECTOR('',#9747,4.5);
#9749=LINE('',#9746,#9748);
#9750=EDGE_CURVE('',#9535,#9738,#9749,.T.);
#9751=ORIENTED_EDGE('',*,*,#9750,.F.);
#9752=EDGE_LOOP('',(#9728,#9736,#9745,#9751));
#9753=FACE_OUTER_BOUND('',#9752,.T.);
#9754=ADVANCED_FACE('',(#9753),#9727,.F.);
#9755=CARTESIAN_POINT('',(1.5625278848574E-12,-65.,-24.5));
#9756=DIRECTION('',(-1.3357449748623E-07,0.,-0.99999999999999));
#9757=DIRECTION('',(1.4210853749055E-14,1.,0.));
#9758=AXIS2_PLACEMENT_3D('',#9755,#9757,#9756);
#9759=CYLINDRICAL_SURFACE('',#9758,2.0000000000015);
#9760=ORIENTED_EDGE('',*,*,#9548,.T.);
#9761=ORIENTED_EDGE('',*,*,#9750,.T.);
#9762=CARTESIAN_POINT('',(1.6429080318403E-12,-60.5,-24.5));
#9763=DIRECTION('',(-1.1918968688037E-13,1.0658141036394E-14,1.));
#9764=DIRECTION('',(-1.4641871159273E-14,-1.,1.1089157480472E-14));
#9765=AXIS2_PLACEMENT_3D('',#9762,#9764,#9763);
#9766=CIRCLE('',#9765,2.0000000000015);
#9767=EDGE_CURVE('',#9730,#9738,#9766,.T.);
#9768=ORIENTED_EDGE('',*,*,#9767,.F.);
#9769=ORIENTED_EDGE('',*,*,#9735,.T.);
#9770=EDGE_LOOP('',(#9760,#9761,#9768,#9769));
#9771=FACE_OUTER_BOUND('',#9770,.T.);
#9772=ADVANCED_FACE('',(#9771),#9759,.F.);
#9773=CARTESIAN_POINT('',(-24.499999999999,-65.,-6.9522165802027E-13));
#9774=DIRECTION('',(8.0054189055501E-08,7.1054273575971E-15,1.));
#9775=DIRECTION('',(0.,1.,-2.7755575615629E-17));
#9776=AXIS2_PLACEMENT_3D('',#9773,#9775,#9774);
#9777=CYLINDRICAL_SURFACE('',#9776,2.0000000000011);
#9778=ORIENTED_EDGE('',*,*,#9505,.F.);
#9779=CARTESIAN_POINT('',(-24.499999919945,-60.5,2.0000000000004));
#9780=VERTEX_POINT('',#9779);
#9781=CARTESIAN_POINT('',(-24.499999999999,-60.5,2.0000000000004));
#9782=DIRECTION('',(0.,-1.,0.));
#9783=VECTOR('',#9782,4.5);
#9784=LINE('',#9781,#9783);
#9785=EDGE_CURVE('',#9780,#9497,#9784,.T.);
#9786=ORIENTED_EDGE('',*,*,#9785,.F.);
#9787=CARTESIAN_POINT('',(-24.500000133573,-60.5,-2.0000000000018));
#9788=VERTEX_POINT('',#9787);
#9789=CARTESIAN_POINT('',(-24.499999999999,-60.5,-6.9877437169907E-13));
#9790=DIRECTION('',(5.3290705181978E-15,-1.4210854715194E-14,-1.));
#9791=DIRECTION('',(-1.0721261923512E-14,-1.,1.0721261923512E-14));
#9792=AXIS2_PLACEMENT_3D('',#9789,#9791,#9790);
#9793=CIRCLE('',#9792,2.0000000000011);
#9794=EDGE_CURVE('',#9788,#9780,#9793,.T.);
#9795=ORIENTED_EDGE('',*,*,#9794,.F.);
#9796=CARTESIAN_POINT('',(-24.499999999999,-65.,-2.0000000000018));
#9797=DIRECTION('',(0.,1.,0.));
#9798=VECTOR('',#9797,4.5);
#9799=LINE('',#9796,#9798);
#9800=EDGE_CURVE('',#9499,#9788,#9799,.T.);
#9801=ORIENTED_EDGE('',*,*,#9800,.F.);
#9802=EDGE_LOOP('',(#9778,#9786,#9795,#9801));
#9803=FACE_OUTER_BOUND('',#9802,.T.);
#9804=ADVANCED_FACE('',(#9803),#9777,.F.);
#9805=CARTESIAN_POINT('',(-24.499999999999,-65.,-6.8589578461342E-13));
#9806=DIRECTION('',(-1.3357439776477E-07,7.1054273575971E-15,-0.99999999999999));
#9807=DIRECTION('',(0.,1.,2.7755575615629E-17));
#9808=AXIS2_PLACEMENT_3D('',#9805,#9807,#9806);
#9809=CYLINDRICAL_SURFACE('',#9808,2.0000000000011);
#9810=ORIENTED_EDGE('',*,*,#9512,.T.);
#9811=ORIENTED_EDGE('',*,*,#9800,.T.);
#9812=CARTESIAN_POINT('',(-24.499999999999,-60.5,-7.0121686235325E-13));
#9813=DIRECTION('',(-3.5527136787985E-15,-1.0658141036396E-14,1.));
#9814=DIRECTION('',(2.144252386646E-15,-1.,-2.144252386646E-15));
#9815=AXIS2_PLACEMENT_3D('',#9812,#9814,#9813);
#9816=CIRCLE('',#9815,2.0000000000011);
#9817=EDGE_CURVE('',#9780,#9788,#9816,.T.);
#9818=ORIENTED_EDGE('',*,*,#9817,.F.);
#9819=ORIENTED_EDGE('',*,*,#9785,.T.);
#9820=EDGE_LOOP('',(#9810,#9811,#9818,#9819));
#9821=FACE_OUTER_BOUND('',#9820,.T.);
#9822=ADVANCED_FACE('',(#9821),#9809,.F.);
#9823=CARTESIAN_POINT('',(9.2592600253738E-14,-65.,24.5));
#9824=DIRECTION('',(-1.3357444927341E-07,0.,-0.99999999999999));
#9825=DIRECTION('',(7.105427357601E-15,1.,0.));
#9826=AXIS2_PLACEMENT_3D('',#9823,#9825,#9824);
#9827=CYLINDRICAL_SURFACE('',#9826,2.);
#9828=ORIENTED_EDGE('',*,*,#9472,.T.);
#9829=CARTESIAN_POINT('',(-1.3357431947518E-07,-60.5,22.5));
#9830=VERTEX_POINT('',#9829);
#9831=CARTESIAN_POINT('',(2.4492935982947E-16,-65.,22.5));
#9832=DIRECTION('',(0.,1.,0.));
#9833=VECTOR('',#9832,4.5);
#9834=LINE('',#9831,#9833);
#9835=EDGE_CURVE('',#9459,#9830,#9834,.T.);
#9836=ORIENTED_EDGE('',*,*,#9835,.T.);
#9837=CARTESIAN_POINT('',(8.0054110879631E-08,-60.5,26.5));
#9838=VERTEX_POINT('',#9837);
#9839=CARTESIAN_POINT('',(1.3256062914024E-13,-60.5,24.5));
#9840=DIRECTION('',(-1.3470620142061E-13,7.105427357601E-15,1.));
#9841=DIRECTION('',(-1.2865514319886E-14,-1.,1.2865514319882E-14));
#9842=AXIS2_PLACEMENT_3D('',#9839,#9841,#9840);
#9843=CIRCLE('',#9842,2.);
#9844=EDGE_CURVE('',#9838,#9830,#9843,.T.);
#9845=ORIENTED_EDGE('',*,*,#9844,.F.);
#9846=CARTESIAN_POINT('',(0.,-60.5,26.5));
#9847=DIRECTION('',(0.,-1.,0.));
#9848=VECTOR('',#9847,4.5);
#9849=LINE('',#9846,#9848);
#9850=EDGE_CURVE('',#9838,#9457,#9849,.T.);
#9851=ORIENTED_EDGE('',*,*,#9850,.T.);
#9852=EDGE_LOOP('',(#9828,#9836,#9845,#9851));
#9853=FACE_OUTER_BOUND('',#9852,.T.);
#9854=ADVANCED_FACE('',(#9853),#9827,.F.);
#9855=CARTESIAN_POINT('',(-8.3932860661662E-14,-65.,24.5));
#9856=DIRECTION('',(8.0054237259159E-08,1.4210854715202E-14,1.));
#9857=DIRECTION('',(-7.1054273542923E-15,1.,0.));
#9858=AXIS2_PLACEMENT_3D('',#9855,#9857,#9856);
#9859=CYLINDRICAL_SURFACE('',#9858,2.);
#9860=ORIENTED_EDGE('',*,*,#9465,.F.);
#9861=ORIENTED_EDGE('',*,*,#9850,.F.);
#9862=CARTESIAN_POINT('',(-1.2412293415309E-13,-60.5,24.5));
#9863=DIRECTION('',(1.295761930853E-13,0.,-1.));
#9864=DIRECTION('',(4.2885047694082E-15,-1.,-4.2885047694071E-15));
#9865=AXIS2_PLACEMENT_3D('',#9862,#9864,#9863);
#9866=CIRCLE('',#9865,2.);
#9867=EDGE_CURVE('',#9830,#9838,#9866,.T.);
#9868=ORIENTED_EDGE('',*,*,#9867,.F.);
#9869=ORIENTED_EDGE('',*,*,#9835,.F.);
#9870=EDGE_LOOP('',(#9860,#9861,#9868,#9869));
#9871=FACE_OUTER_BOUND('',#9870,.T.);
#9872=ADVANCED_FACE('',(#9871),#9859,.F.);
#9873=CARTESIAN_POINT('',(1.3897771822258E-12,-57.,-24.5));
#9874=DIRECTION('',(1.,1.8947806286936E-15,0.));
#9875=DIRECTION('',(-6.3441315692866E-17,-1.,0.));
#9876=AXIS2_PLACEMENT_3D('',#9873,#9875,#9874);
#9877=CYLINDRICAL_SURFACE('',#9876,3.75);
#9878=CARTESIAN_POINT('',(3.7500000000014,-57.,-24.5));
#9879=VERTEX_POINT('',#9878);
#9880=CARTESIAN_POINT('',(1.3824497102632E-12,-57.,-24.5));
#9881=DIRECTION('',(1.,-0.,-1.8232535100526E-16));
#9882=DIRECTION('',(0.,1.,0.));
#9883=AXIS2_PLACEMENT_3D('',#9880,#9882,#9881);
#9884=CIRCLE('',#9883,3.75);
#9885=EDGE_CURVE('',#9879,#9879,#9884,.T.);
#9886=ORIENTED_EDGE('',*,*,#9885,.T.);
#9887=CARTESIAN_POINT('',(3.7500000000014,-60.5,-24.5));
#9888=VERTEX_POINT('',#9887);
#9889=CARTESIAN_POINT('',(3.7500000000014,-57.,-24.5));
#9890=DIRECTION('',(0.,-1.,0.));
#9891=VECTOR('',#9890,3.5);
#9892=LINE('',#9889,#9891);
#9893=EDGE_CURVE('',#9879,#9888,#9892,.T.);
#9894=ORIENTED_EDGE('',*,*,#9893,.T.);
#9895=CARTESIAN_POINT('',(1.3824497102632E-12,-60.5,-24.5));
#9896=DIRECTION('',(1.,-0.,-1.8232535100526E-16));
#9897=DIRECTION('',(0.,1.,0.));
#9898=AXIS2_PLACEMENT_3D('',#9895,#9897,#9896);
#9899=CIRCLE('',#9898,3.75);
#9900=EDGE_CURVE('',#9888,#9888,#9899,.T.);
#9901=ORIENTED_EDGE('',*,*,#9900,.F.);
#9902=ORIENTED_EDGE('',*,*,#9893,.F.);
#9903=EDGE_LOOP('',(#9886,#9894,#9901,#9902));
#9904=FACE_OUTER_BOUND('',#9903,.T.);
#9905=ADVANCED_FACE('',(#9904),#9877,.F.);
#9906=CARTESIAN_POINT('',(24.500000000001,-57.,6.972200594646E-13));
#9907=DIRECTION('',(1.,1.8947806286936E-15,-7.0683391991184E-16));
#9908=DIRECTION('',(0.,-1.,0.));
#9909=AXIS2_PLACEMENT_3D('',#9906,#9908,#9907);
#9910=CYLINDRICAL_SURFACE('',#9909,3.75);
#9911=CARTESIAN_POINT('',(28.250000000001,-57.,6.9456943226493E-13));
#9912=VERTEX_POINT('',#9911);
#9913=CARTESIAN_POINT('',(24.500000000001,-57.,6.9730431253001E-13));
#9914=DIRECTION('',(1.,-0.,-7.2930140402103E-16));
#9915=DIRECTION('',(0.,1.,0.));
#9916=AXIS2_PLACEMENT_3D('',#9913,#9915,#9914);
#9917=CIRCLE('',#9916,3.75);
#9918=EDGE_CURVE('',#9912,#9912,#9917,.T.);
#9919=ORIENTED_EDGE('',*,*,#9918,.T.);
#9920=CARTESIAN_POINT('',(28.250000000001,-60.5,6.9456943226493E-13));
#9921=VERTEX_POINT('',#9920);
#9922=CARTESIAN_POINT('',(28.250000000001,-57.,6.9548791736429E-13));
#9923=DIRECTION('',(0.,-1.,0.));
#9924=VECTOR('',#9923,3.5);
#9925=LINE('',#9922,#9924);
#9926=EDGE_CURVE('',#9912,#9921,#9925,.T.);
#9927=ORIENTED_EDGE('',*,*,#9926,.T.);
#9928=CARTESIAN_POINT('',(24.500000000001,-60.5,6.9730431253001E-13));
#9929=DIRECTION('',(1.,-0.,-7.2930140402103E-16));
#9930=DIRECTION('',(0.,1.,0.));
#9931=AXIS2_PLACEMENT_3D('',#9928,#9930,#9929);
#9932=CIRCLE('',#9931,3.75);
#9933=EDGE_CURVE('',#9921,#9921,#9932,.T.);
#9934=ORIENTED_EDGE('',*,*,#9933,.F.);
#9935=ORIENTED_EDGE('',*,*,#9926,.F.);
#9936=EDGE_LOOP('',(#9919,#9927,#9934,#9935));
#9937=FACE_OUTER_BOUND('',#9936,.T.);
#9938=ADVANCED_FACE('',(#9937),#9910,.F.);
#9939=CARTESIAN_POINT('',(-2.2204460492503E-16,-57.,24.5));
#9940=DIRECTION('',(1.,1.8947806286936E-15,-9.473903143468E-16));
#9941=DIRECTION('',(-6.3441315692866E-17,-1.,0.));
#9942=AXIS2_PLACEMENT_3D('',#9939,#9941,#9940);
#9943=CYLINDRICAL_SURFACE('',#9942,3.75);
#9944=CARTESIAN_POINT('',(3.75,-57.,24.5));
#9945=VERTEX_POINT('',#9944);
#9946=CARTESIAN_POINT('',(4.8849813083507E-15,-57.,24.5));
#9947=DIRECTION('',(1.,-0.,-4.5581337751314E-16));
#9948=DIRECTION('',(0.,1.,0.));
#9949=AXIS2_PLACEMENT_3D('',#9946,#9948,#9947);
#9950=CIRCLE('',#9949,3.75);
#9951=EDGE_CURVE('',#9945,#9945,#9950,.T.);
#9952=ORIENTED_EDGE('',*,*,#9951,.T.);
#9953=CARTESIAN_POINT('',(3.75,-60.5,24.5));
#9954=VERTEX_POINT('',#9953);
#9955=CARTESIAN_POINT('',(3.75,-57.,24.5));
#9956=DIRECTION('',(0.,-1.,0.));
#9957=VECTOR('',#9956,3.5);
#9958=LINE('',#9955,#9957);
#9959=EDGE_CURVE('',#9945,#9954,#9958,.T.);
#9960=ORIENTED_EDGE('',*,*,#9959,.T.);
#9961=CARTESIAN_POINT('',(4.8849813083507E-15,-60.5,24.5));
#9962=DIRECTION('',(1.,-0.,-4.5581337751314E-16));
#9963=DIRECTION('',(0.,1.,0.));
#9964=AXIS2_PLACEMENT_3D('',#9961,#9963,#9962);
#9965=CIRCLE('',#9964,3.75);
#9966=EDGE_CURVE('',#9954,#9954,#9965,.T.);
#9967=ORIENTED_EDGE('',*,*,#9966,.F.);
#9968=ORIENTED_EDGE('',*,*,#9959,.F.);
#9969=EDGE_LOOP('',(#9952,#9960,#9967,#9968));
#9970=FACE_OUTER_BOUND('',#9969,.T.);
#9971=ADVANCED_FACE('',(#9970),#9943,.F.);
#9972=CARTESIAN_POINT('',(-24.499999999999,-57.,-6.8878236447745E-13));
#9973=DIRECTION('',(1.,1.8947806286936E-15,-1.0333199546531E-16));
#9974=DIRECTION('',(0.,-1.,0.));
#9975=AXIS2_PLACEMENT_3D('',#9972,#9974,#9973);
#9976=CYLINDRICAL_SURFACE('',#9975,3.75);
#9977=CARTESIAN_POINT('',(-20.749999999999,-57.,-6.8916985946044E-13));
#9978=VERTEX_POINT('',#9977);
#9979=CARTESIAN_POINT('',(-24.499999999999,-57.,-6.8916985946044E-13));
#9980=DIRECTION('',(1.,-0.,-0.));
#9981=DIRECTION('',(0.,1.,0.));
#9982=AXIS2_PLACEMENT_3D('',#9979,#9981,#9980);
#9983=CIRCLE('',#9982,3.75);
#9984=EDGE_CURVE('',#9978,#9978,#9983,.T.);
#9985=ORIENTED_EDGE('',*,*,#9984,.T.);
#9986=CARTESIAN_POINT('',(-20.749999999999,-60.5,-6.8916985946044E-13));
#9987=VERTEX_POINT('',#9986);
#9988=CARTESIAN_POINT('',(-20.749999999999,-57.,-6.8825137436108E-13));
#9989=DIRECTION('',(0.,-1.,0.));
#9990=VECTOR('',#9989,3.5);
#9991=LINE('',#9988,#9990);
#9992=EDGE_CURVE('',#9978,#9987,#9991,.T.);
#9993=ORIENTED_EDGE('',*,*,#9992,.T.);
#9994=CARTESIAN_POINT('',(-24.499999999999,-60.5,-6.8916985946044E-13));
#9995=DIRECTION('',(1.,-0.,-0.));
#9996=DIRECTION('',(0.,1.,0.));
#9997=AXIS2_PLACEMENT_3D('',#9994,#9996,#9995);
#9998=CIRCLE('',#9997,3.75);
#9999=EDGE_CURVE('',#9987,#9987,#9998,.T.);
#10000=ORIENTED_EDGE('',*,*,#9999,.F.);
#10001=ORIENTED_EDGE('',*,*,#9992,.F.);
#10002=EDGE_LOOP('',(#9985,#9993,#10000,#10001));
#10003=FACE_OUTER_BOUND('',#10002,.T.);
#10004=ADVANCED_FACE('',(#10003),#9976,.F.);
#10005=CARTESIAN_POINT('',(-1.0048094716153,-60.5,-24.5));
#10006=DIRECTION('',(1.,0.,-2.4862547864353E-16));
#10007=DIRECTION('',(0.,1.,0.));
#10008=AXIS2_PLACEMENT_3D('',#10005,#10007,#10006);
#10009=PLANE('',#10008);
#10010=ORIENTED_EDGE('',*,*,#9900,.T.);
#10011=EDGE_LOOP('',(#10010));
#10012=FACE_OUTER_BOUND('',#10011,.T.);
#10013=ORIENTED_EDGE('',*,*,#9744,.T.);
#10014=ORIENTED_EDGE('',*,*,#9767,.T.);
#10015=EDGE_LOOP('',(#10013,#10014));
#10016=FACE_BOUND('',#10015,.T.);
#10017=ADVANCED_FACE('',(#10012,#10016),#10009,.T.);
#10018=CARTESIAN_POINT('',(23.495190528384,-60.5,6.98996416304E-13));
#10019=DIRECTION('',(1.,0.,-2.4862547864353E-16));
#10020=DIRECTION('',(0.,1.,0.));
#10021=AXIS2_PLACEMENT_3D('',#10018,#10020,#10019);
#10022=PLANE('',#10021);
#10023=ORIENTED_EDGE('',*,*,#9933,.T.);
#10024=EDGE_LOOP('',(#10023));
#10025=FACE_OUTER_BOUND('',#10024,.T.);
#10026=ORIENTED_EDGE('',*,*,#9694,.T.);
#10027=ORIENTED_EDGE('',*,*,#9717,.T.);
#10028=EDGE_LOOP('',(#10026,#10027));
#10029=FACE_BOUND('',#10028,.T.);
#10030=ADVANCED_FACE('',(#10025,#10029),#10022,.T.);
#10031=CARTESIAN_POINT('',(-1.0048094716167,-60.5,24.5));
#10032=DIRECTION('',(1.,0.,-2.4862547864353E-16));
#10033=DIRECTION('',(0.,1.,0.));
#10034=AXIS2_PLACEMENT_3D('',#10031,#10033,#10032);
#10035=PLANE('',#10034);
#10036=ORIENTED_EDGE('',*,*,#9966,.T.);
#10037=EDGE_LOOP('',(#10036));
#10038=FACE_OUTER_BOUND('',#10037,.T.);
#10039=ORIENTED_EDGE('',*,*,#9844,.T.);
#10040=ORIENTED_EDGE('',*,*,#9867,.T.);
#10041=EDGE_LOOP('',(#10039,#10040));
#10042=FACE_BOUND('',#10041,.T.);
#10043=ADVANCED_FACE('',(#10038,#10042),#10035,.T.);
#10044=CARTESIAN_POINT('',(-25.504809471616,-60.5,-6.838973831691E-13));
#10045=DIRECTION('',(1.,0.,-1.8646910898265E-16));
#10046=DIRECTION('',(0.,1.,0.));
#10047=AXIS2_PLACEMENT_3D('',#10044,#10046,#10045);
#10048=PLANE('',#10047);
#10049=ORIENTED_EDGE('',*,*,#9999,.T.);
#10050=EDGE_LOOP('',(#10049));
#10051=FACE_OUTER_BOUND('',#10050,.T.);
#10052=ORIENTED_EDGE('',*,*,#9794,.T.);
#10053=ORIENTED_EDGE('',*,*,#9817,.T.);
#10054=EDGE_LOOP('',(#10052,#10053));
#10055=FACE_BOUND('',#10054,.T.);
#10056=ADVANCED_FACE('',(#10051,#10055),#10048,.T.);
#10057=CARTESIAN_POINT('',(0.21922228649045,-57.,0.));
#10058=DIRECTION('',(-1.,0.,2.0861378492341E-16));
#10059=DIRECTION('',(0.,1.,-0.));
#10060=AXIS2_PLACEMENT_3D('',#10057,#10059,#10058);
#10061=PLANE('',#10060);
#10062=ORIENTED_EDGE('',*,*,#9140,.T.);
#10063=ORIENTED_EDGE('',*,*,#8912,.T.);
#10064=ORIENTED_EDGE('',*,*,#8950,.F.);
#10065=ORIENTED_EDGE('',*,*,#8984,.F.);
#10066=ORIENTED_EDGE('',*,*,#9001,.T.);
#10067=ORIENTED_EDGE('',*,*,#9033,.T.);
#10068=ORIENTED_EDGE('',*,*,#9078,.T.);
#10069=EDGE_LOOP('',(#10062,#10063,#10064,#10065,#10066,#10067,#10068));
#10070=FACE_OUTER_BOUND('',#10069,.T.);
#10071=CARTESIAN_POINT('',(2.8284271247476,-57.,-21.));
#10072=VERTEX_POINT('',#10071);
#10073=CARTESIAN_POINT('',(18.,-57.,-21.));
#10074=VERTEX_POINT('',#10073);
#10075=CARTESIAN_POINT('',(2.8284271247476,-57.,-21.));
#10076=DIRECTION('',(1.,0.,0.));
#10077=VECTOR('',#10076,15.171572875252);
#10078=LINE('',#10075,#10077);
#10079=EDGE_CURVE('',#10072,#10074,#10078,.T.);
#10080=ORIENTED_EDGE('',*,*,#10079,.T.);
#10081=CARTESIAN_POINT('',(21.,-57.,-18.));
#10082=VERTEX_POINT('',#10081);
#10083=CARTESIAN_POINT('',(18.,-57.,-21.));
#10084=DIRECTION('',(0.70710678118655,1.6747652892627E-15,0.70710678118655));
#10085=VECTOR('',#10084,4.2426406871193);
#10086=LINE('',#10083,#10085);
#10087=EDGE_CURVE('',#10074,#10082,#10086,.T.);
#10088=ORIENTED_EDGE('',*,*,#10087,.T.);
#10089=CARTESIAN_POINT('',(21.,-57.,-18.));
#10090=DIRECTION('',(0.,0.,1.));
#10091=VECTOR('',#10090,3.7618751311378);
#10092=LINE('',#10089,#10091);
#10093=EDGE_CURVE('',#10082,#8787,#10092,.T.);
#10094=ORIENTED_EDGE('',*,*,#10093,.T.);
#10095=ORIENTED_EDGE('',*,*,#9249,.F.);
#10096=ORIENTED_EDGE('',*,*,#9289,.F.);
#10097=ORIENTED_EDGE('',*,*,#9259,.F.);
#10098=CARTESIAN_POINT('',(21.,-57.,-2.8284271247442));
#10099=VERTEX_POINT('',#10098);
#10100=CARTESIAN_POINT('',(21.,-57.,-10.261875131135));
#10101=DIRECTION('',(0.,0.,1.));
#10102=VECTOR('',#10101,7.4334480063909);
#10103=LINE('',#10100,#10102);
#10104=EDGE_CURVE('',#8789,#10099,#10103,.T.);
#10105=ORIENTED_EDGE('',*,*,#10104,.T.);
#10106=CARTESIAN_POINT('',(21.,-57.,2.8284271247456));
#10107=VERTEX_POINT('',#10106);
#10108=CARTESIAN_POINT('',(24.500000000001,-57.,6.943220168788E-13));
#10109=DIRECTION('',(-0.777777777778,1.5789838572447E-15,-0.62853936105443));
#10110=DIRECTION('',(2.6645352591031E-15,1.,1.2560739669476E-15));
#10111=AXIS2_PLACEMENT_3D('',#10108,#10110,#10109);
#10112=CIRCLE('',#10111,4.5);
#10113=EDGE_CURVE('',#10099,#10107,#10112,.T.);
#10114=ORIENTED_EDGE('',*,*,#10113,.T.);
#10115=CARTESIAN_POINT('',(21.,-57.,2.8284271247455));
#10116=DIRECTION('',(-4.7793617117452E-16,0.,1.));
#10117=VECTOR('',#10116,7.4334480063933);
#10118=LINE('',#10115,#10117);
#10119=EDGE_CURVE('',#10107,#8862,#10118,.T.);
#10120=ORIENTED_EDGE('',*,*,#10119,.T.);
#10121=ORIENTED_EDGE('',*,*,#9323,.F.);
#10122=ORIENTED_EDGE('',*,*,#9363,.F.);
#10123=ORIENTED_EDGE('',*,*,#9333,.F.);
#10124=CARTESIAN_POINT('',(21.,-57.,18.));
#10125=VERTEX_POINT('',#10124);
#10126=CARTESIAN_POINT('',(21.,-57.,14.238124868863));
#10127=DIRECTION('',(0.,0.,1.));
#10128=VECTOR('',#10127,3.7618751311368);
#10129=LINE('',#10126,#10128);
#10130=EDGE_CURVE('',#8864,#10125,#10129,.T.);
#10131=ORIENTED_EDGE('',*,*,#10130,.T.);
#10132=CARTESIAN_POINT('',(18.,-57.,21.));
#10133=VERTEX_POINT('',#10132);
#10134=CARTESIAN_POINT('',(21.,-57.,18.));
#10135=DIRECTION('',(-0.70710678118655,-1.6747652892627E-15,0.70710678118655));
#10136=VECTOR('',#10135,4.2426406871193);
#10137=LINE('',#10134,#10136);
#10138=EDGE_CURVE('',#10125,#10133,#10137,.T.);
#10139=ORIENTED_EDGE('',*,*,#10138,.T.);
#10140=CARTESIAN_POINT('',(2.8284271247462,-57.,21.));
#10141=VERTEX_POINT('',#10140);
#10142=CARTESIAN_POINT('',(18.,-57.,21.));
#10143=DIRECTION('',(-1.,0.,0.));
#10144=VECTOR('',#10143,15.171572875254);
#10145=LINE('',#10142,#10144);
#10146=EDGE_CURVE('',#10133,#10141,#10145,.T.);
#10147=ORIENTED_EDGE('',*,*,#10146,.T.);
#10148=CARTESIAN_POINT('',(-2.8284271247462,-57.,21.));
#10149=VERTEX_POINT('',#10148);
#10150=CARTESIAN_POINT('',(-3.1086244689504E-15,-57.,24.5));
#10151=DIRECTION('',(-0.62853936105471,-3.1579677144893E-15,-0.77777777777778));
#10152=DIRECTION('',(0.,-1.,0.));
#10153=AXIS2_PLACEMENT_3D('',#10150,#10152,#10151);
#10154=CIRCLE('',#10153,4.5);
#10155=EDGE_CURVE('',#10149,#10141,#10154,.T.);
#10156=ORIENTED_EDGE('',*,*,#10155,.F.);
#10157=CARTESIAN_POINT('',(-18.,-57.,21.));
#10158=VERTEX_POINT('',#10157);
#10159=CARTESIAN_POINT('',(-2.8284271247462,-57.,21.));
#10160=DIRECTION('',(-1.,0.,0.));
#10161=VECTOR('',#10160,15.171572875254);
#10162=LINE('',#10159,#10161);
#10163=EDGE_CURVE('',#10149,#10158,#10162,.T.);
#10164=ORIENTED_EDGE('',*,*,#10163,.T.);
#10165=CARTESIAN_POINT('',(-21.,-57.,18.));
#10166=VERTEX_POINT('',#10165);
#10167=CARTESIAN_POINT('',(-18.,-57.,21.));
#10168=DIRECTION('',(-0.70710678118655,0.,-0.70710678118655));
#10169=VECTOR('',#10168,4.2426406871193);
#10170=LINE('',#10167,#10169);
#10171=EDGE_CURVE('',#10158,#10166,#10170,.T.);
#10172=ORIENTED_EDGE('',*,*,#10171,.T.);
#10173=CARTESIAN_POINT('',(-21.,-57.,18.));
#10174=DIRECTION('',(0.,0.,-1.));
#10175=VECTOR('',#10174,3.7618751311378);
#10176=LINE('',#10173,#10175);
#10177=EDGE_CURVE('',#10166,#8837,#10176,.T.);
#10178=ORIENTED_EDGE('',*,*,#10177,.T.);
#10179=ORIENTED_EDGE('',*,*,#9405,.F.);
#10180=ORIENTED_EDGE('',*,*,#9436,.F.);
#10181=ORIENTED_EDGE('',*,*,#9413,.F.);
#10182=CARTESIAN_POINT('',(-21.,-57.,2.8284271247467));
#10183=VERTEX_POINT('',#10182);
#10184=CARTESIAN_POINT('',(-21.,-57.,10.261875131135));
#10185=DIRECTION('',(0.,-9.5587234234966E-16,-1.));
#10186=VECTOR('',#10185,7.4334480063885);
#10187=LINE('',#10184,#10186);
#10188=EDGE_CURVE('',#8839,#10183,#10187,.T.);
#10189=ORIENTED_EDGE('',*,*,#10188,.T.);
#10190=CARTESIAN_POINT('',(-21.,-57.,-2.8284271247481));
#10191=VERTEX_POINT('',#10190);
#10192=CARTESIAN_POINT('',(-24.499999999999,-57.,-7.0157997850021E-13));
#10193=DIRECTION('',(0.77777777777756,-1.5789838572447E-15,-0.62853936105498));
#10194=DIRECTION('',(-2.1137667664483E-32,-1.,-1.3294556844133E-16));
#10195=AXIS2_PLACEMENT_3D('',#10192,#10194,#10193);
#10196=CIRCLE('',#10195,4.5);
#10197=EDGE_CURVE('',#10191,#10183,#10196,.T.);
#10198=ORIENTED_EDGE('',*,*,#10197,.F.);
#10199=CARTESIAN_POINT('',(-21.,-57.,-2.8284271247481));
#10200=DIRECTION('',(9.5587234234972E-16,9.5587234234972E-16,-1.));
#10201=VECTOR('',#10200,7.433448006388);
#10202=LINE('',#10199,#10201);
#10203=EDGE_CURVE('',#10191,#8812,#10202,.T.);
#10204=ORIENTED_EDGE('',*,*,#10203,.T.);
#10205=ORIENTED_EDGE('',*,*,#9207,.F.);
#10206=ORIENTED_EDGE('',*,*,#9177,.F.);
#10207=ORIENTED_EDGE('',*,*,#9215,.F.);
#10208=CARTESIAN_POINT('',(-21.,-57.,-18.));
#10209=VERTEX_POINT('',#10208);
#10210=CARTESIAN_POINT('',(-21.,-57.,-14.238124868866));
#10211=DIRECTION('',(0.,0.,-1.));
#10212=VECTOR('',#10211,3.7618751311341);
#10213=LINE('',#10210,#10212);
#10214=EDGE_CURVE('',#8814,#10209,#10213,.T.);
#10215=ORIENTED_EDGE('',*,*,#10214,.T.);
#10216=CARTESIAN_POINT('',(-18.,-57.,-21.));
#10217=VERTEX_POINT('',#10216);
#10218=CARTESIAN_POINT('',(-21.,-57.,-18.));
#10219=DIRECTION('',(0.70710678118655,0.,-0.70710678118655));
#10220=VECTOR('',#10219,4.2426406871193);
#10221=LINE('',#10218,#10220);
#10222=EDGE_CURVE('',#10209,#10217,#10221,.T.);
#10223=ORIENTED_EDGE('',*,*,#10222,.T.);
#10224=CARTESIAN_POINT('',(-2.8284271247448,-57.,-21.));
#10225=VERTEX_POINT('',#10224);
#10226=CARTESIAN_POINT('',(-18.,-57.,-21.));
#10227=DIRECTION('',(1.,0.,-2.341691074493E-16));
#10228=VECTOR('',#10227,15.171572875255);
#10229=LINE('',#10226,#10228);
#10230=EDGE_CURVE('',#10217,#10225,#10229,.T.);
#10231=ORIENTED_EDGE('',*,*,#10230,.T.);
#10232=CARTESIAN_POINT('',(1.3913314944602E-12,-57.,-24.5));
#10233=DIRECTION('',(0.62853936105471,0.,0.77777777777778));
#10234=DIRECTION('',(-1.1677901444205E-15,-1.,-6.7422395423819E-16));
#10235=AXIS2_PLACEMENT_3D('',#10232,#10234,#10233);
#10236=CIRCLE('',#10235,4.5);
#10237=EDGE_CURVE('',#10072,#10225,#10236,.T.);
#10238=ORIENTED_EDGE('',*,*,#10237,.F.);
#10239=EDGE_LOOP('',(#10080,#10088,#10094,#10095,#10096,#10097,#10105,#10114,#10120,#10121,#10122,#10123,#10131,#10139,#10147,#10156,#10164,#10172,#10178,#10179,#10180,#10181,#10189,#10198,#10204,#10205,#10206,#10207,#10215,#10223,#10231,#10238));
#10240=FACE_BOUND('',#10239,.T.);
#10241=ORIENTED_EDGE('',*,*,#9918,.F.);
#10242=EDGE_LOOP('',(#10241));
#10243=FACE_BOUND('',#10242,.T.);
#10244=ORIENTED_EDGE('',*,*,#9951,.F.);
#10245=EDGE_LOOP('',(#10244));
#10246=FACE_BOUND('',#10245,.T.);
#10247=ORIENTED_EDGE('',*,*,#9885,.F.);
#10248=EDGE_LOOP('',(#10247));
#10249=FACE_BOUND('',#10248,.T.);
#10250=ORIENTED_EDGE('',*,*,#9984,.F.);
#10251=EDGE_LOOP('',(#10250));
#10252=FACE_BOUND('',#10251,.T.);
#10253=ADVANCED_FACE('',(#10070,#10240,#10243,#10246,#10249,#10252),#10061,.T.);
#10254=CARTESIAN_POINT('',(24.500000000001,-57.,6.927791673661E-13));
#10255=DIRECTION('',(-0.77777777777801,-1.5789838572447E-15,0.62853936105443));
#10256=DIRECTION('',(0.,1.,0.));
#10257=AXIS2_PLACEMENT_3D('',#10254,#10256,#10255);
#10258=CYLINDRICAL_SURFACE('',#10257,4.5);
#10259=CARTESIAN_POINT('',(21.,-49.5,2.8284271247456));
#10260=VERTEX_POINT('',#10259);
#10261=CARTESIAN_POINT('',(21.,-49.5,2.8284271247456));
#10262=DIRECTION('',(0.,-1.,0.));
#10263=VECTOR('',#10262,7.5);
#10264=LINE('',#10261,#10263);
#10265=EDGE_CURVE('',#10260,#10107,#10264,.T.);
#10266=ORIENTED_EDGE('',*,*,#10265,.T.);
#10267=ORIENTED_EDGE('',*,*,#10113,.F.);
#10268=CARTESIAN_POINT('',(21.,-49.5,-2.8284271247442));
#10269=VERTEX_POINT('',#10268);
#10270=CARTESIAN_POINT('',(21.,-57.,-2.8284271247442));
#10271=DIRECTION('',(0.,1.,0.));
#10272=VECTOR('',#10271,7.5);
#10273=LINE('',#10270,#10272);
#10274=EDGE_CURVE('',#10099,#10269,#10273,.T.);
#10275=ORIENTED_EDGE('',*,*,#10274,.T.);
#10276=CARTESIAN_POINT('',(24.500000000001,-49.5,6.9307060090997E-13));
#10277=DIRECTION('',(-0.77777777777801,-1.5789838572447E-15,-0.62853936105442));
#10278=DIRECTION('',(-2.6645352591031E-15,1.,0.));
#10279=AXIS2_PLACEMENT_3D('',#10276,#10278,#10277);
#10280=CIRCLE('',#10279,4.5);
#10281=EDGE_CURVE('',#10269,#10260,#10280,.T.);
#10282=ORIENTED_EDGE('',*,*,#10281,.T.);
#10283=EDGE_LOOP('',(#10266,#10267,#10275,#10282));
#10284=FACE_OUTER_BOUND('',#10283,.T.);
#10285=ADVANCED_FACE('',(#10284),#10258,.F.);
#10286=CARTESIAN_POINT('',(25.705771365941,-49.5,6.945555242055E-13));
#10287=DIRECTION('',(-1.,0.,3.1078184830441E-16));
#10288=DIRECTION('',(-0.,-1.,-0.));
#10289=AXIS2_PLACEMENT_3D('',#10286,#10288,#10287);
#10290=PLANE('',#10289);
#10291=CARTESIAN_POINT('',(21.,-49.5,-2.8284271247443));
#10292=DIRECTION('',(0.,0.,1.));
#10293=VECTOR('',#10292,5.6568542494899);
#10294=LINE('',#10291,#10293);
#10295=EDGE_CURVE('',#10269,#10260,#10294,.T.);
#10296=ORIENTED_EDGE('',*,*,#10295,.T.);
#10297=ORIENTED_EDGE('',*,*,#10281,.F.);
#10298=EDGE_LOOP('',(#10296,#10297));
#10299=FACE_OUTER_BOUND('',#10298,.T.);
#10300=ADVANCED_FACE('',(#10299),#10290,.T.);
#10301=CARTESIAN_POINT('',(-24.499999999999,-57.,-7.034373084025E-13));
#10302=DIRECTION('',(-1.,1.5789838572447E-15,5.6604492827479E-16));
#10303=DIRECTION('',(0.,1.,0.));
#10304=AXIS2_PLACEMENT_3D('',#10301,#10303,#10302);
#10305=CYLINDRICAL_SURFACE('',#10304,4.5);
#10306=ORIENTED_EDGE('',*,*,#10197,.T.);
#10307=CARTESIAN_POINT('',(-21.,-49.5,2.8284271247467));
#10308=VERTEX_POINT('',#10307);
#10309=CARTESIAN_POINT('',(-21.,-57.,2.8284271247468));
#10310=DIRECTION('',(0.,1.,0.));
#10311=VECTOR('',#10310,7.5);
#10312=LINE('',#10309,#10311);
#10313=EDGE_CURVE('',#10183,#10308,#10312,.T.);
#10314=ORIENTED_EDGE('',*,*,#10313,.T.);
#10315=CARTESIAN_POINT('',(-21.,-49.5,-2.8284271247481));
#10316=VERTEX_POINT('',#10315);
#10317=CARTESIAN_POINT('',(-24.499999999999,-49.5,-7.0157997850021E-13));
#10318=DIRECTION('',(0.77777777777755,-1.5789838572447E-15,-0.62853936105499));
#10319=DIRECTION('',(7.0177060321985E-16,-1.,-2.7538724891419E-16));
#10320=AXIS2_PLACEMENT_3D('',#10317,#10319,#10318);
#10321=CIRCLE('',#10320,4.5);
#10322=EDGE_CURVE('',#10316,#10308,#10321,.T.);
#10323=ORIENTED_EDGE('',*,*,#10322,.F.);
#10324=CARTESIAN_POINT('',(-21.,-49.5,-2.8284271247482));
#10325=DIRECTION('',(0.,-1.,1.1842378929335E-16));
#10326=VECTOR('',#10325,7.5);
#10327=LINE('',#10324,#10326);
#10328=EDGE_CURVE('',#10316,#10191,#10327,.T.);
#10329=ORIENTED_EDGE('',*,*,#10328,.T.);
#10330=EDGE_LOOP('',(#10306,#10314,#10323,#10329));
#10331=FACE_OUTER_BOUND('',#10330,.T.);
#10332=ADVANCED_FACE('',(#10331),#10305,.F.);
#10333=CARTESIAN_POINT('',(-23.294228634059,-49.5,-6.998845947237E-13));
#10334=DIRECTION('',(-1.,0.,2.0718789886961E-16));
#10335=DIRECTION('',(-0.,-1.,0.));
#10336=AXIS2_PLACEMENT_3D('',#10333,#10335,#10334);
#10337=PLANE('',#10336);
#10338=ORIENTED_EDGE('',*,*,#10322,.T.);
#10339=CARTESIAN_POINT('',(-21.,-49.5,2.8284271247467));
#10340=DIRECTION('',(0.,0.,-1.));
#10341=VECTOR('',#10340,5.6568542494948);
#10342=LINE('',#10339,#10341);
#10343=EDGE_CURVE('',#10308,#10316,#10342,.T.);
#10344=ORIENTED_EDGE('',*,*,#10343,.T.);
#10345=EDGE_LOOP('',(#10338,#10344));
#10346=FACE_OUTER_BOUND('',#10345,.T.);
#10347=ADVANCED_FACE('',(#10346),#10337,.T.);
#10348=CARTESIAN_POINT('',(1.3806733534238E-12,-57.,-24.5));
#10349=DIRECTION('',(-1.,1.5789838572447E-15,0.));
#10350=DIRECTION('',(-5.9211894646675E-17,1.,0.));
#10351=AXIS2_PLACEMENT_3D('',#10348,#10350,#10349);
#10352=CYLINDRICAL_SURFACE('',#10351,4.5);
#10353=CARTESIAN_POINT('',(2.8284271247476,-49.5,-21.));
#10354=VERTEX_POINT('',#10353);
#10355=CARTESIAN_POINT('',(-2.8284271247448,-49.5,-21.));
#10356=VERTEX_POINT('',#10355);
#10357=CARTESIAN_POINT('',(1.3913314944602E-12,-49.5,-24.5));
#10358=DIRECTION('',(0.62853936105471,-3.1579677144893E-15,0.77777777777778));
#10359=DIRECTION('',(4.6327824978186E-16,-1.,-1.3531959644921E-15));
#10360=AXIS2_PLACEMENT_3D('',#10357,#10359,#10358);
#10361=CIRCLE('',#10360,4.5);
#10362=EDGE_CURVE('',#10354,#10356,#10361,.T.);
#10363=ORIENTED_EDGE('',*,*,#10362,.F.);
#10364=CARTESIAN_POINT('',(2.8284271247476,-49.5,-21.));
#10365=DIRECTION('',(0.,-1.,0.));
#10366=VECTOR('',#10365,7.5);
#10367=LINE('',#10364,#10366);
#10368=EDGE_CURVE('',#10354,#10072,#10367,.T.);
#10369=ORIENTED_EDGE('',*,*,#10368,.T.);
#10370=ORIENTED_EDGE('',*,*,#10237,.T.);
#10371=CARTESIAN_POINT('',(-2.8284271247448,-57.,-21.));
#10372=DIRECTION('',(-5.9211894646675E-17,1.,0.));
#10373=VECTOR('',#10372,7.5);
#10374=LINE('',#10371,#10373);
#10375=EDGE_CURVE('',#10225,#10356,#10374,.T.);
#10376=ORIENTED_EDGE('',*,*,#10375,.T.);
#10377=EDGE_LOOP('',(#10363,#10369,#10370,#10376));
#10378=FACE_OUTER_BOUND('',#10377,.T.);
#10379=ADVANCED_FACE('',(#10378),#10352,.F.);
#10380=CARTESIAN_POINT('',(1.2057713659414,-49.5,-24.5));
#10381=DIRECTION('',(-1.,0.,2.0718789886961E-16));
#10382=DIRECTION('',(-0.,-1.,0.));
#10383=AXIS2_PLACEMENT_3D('',#10380,#10382,#10381);
#10384=PLANE('',#10383);
#10385=ORIENTED_EDGE('',*,*,#10362,.T.);
#10386=CARTESIAN_POINT('',(-2.8284271247448,-49.5,-21.));
#10387=DIRECTION('',(1.,-1.256073966947E-15,0.));
#10388=VECTOR('',#10387,5.6568542494924);
#10389=LINE('',#10386,#10388);
#10390=EDGE_CURVE('',#10356,#10354,#10389,.T.);
#10391=ORIENTED_EDGE('',*,*,#10390,.T.);
#10392=EDGE_LOOP('',(#10385,#10391));
#10393=FACE_OUTER_BOUND('',#10392,.T.);
#10394=ADVANCED_FACE('',(#10393),#10384,.T.);
#10395=CARTESIAN_POINT('',(1.5543122344752E-15,-57.,24.5));
#10396=DIRECTION('',(-1.,1.5789838572447E-15,0.));
#10397=DIRECTION('',(2.9605947323338E-17,1.,0.));
#10398=AXIS2_PLACEMENT_3D('',#10395,#10397,#10396);
#10399=CYLINDRICAL_SURFACE('',#10398,4.5);
#10400=CARTESIAN_POINT('',(-2.8284271247462,-49.5,21.));
#10401=VERTEX_POINT('',#10400);
#10402=CARTESIAN_POINT('',(2.8284271247462,-49.5,21.));
#10403=VERTEX_POINT('',#10402);
#10404=CARTESIAN_POINT('',(-3.1086244689504E-15,-49.5,24.5));
#10405=DIRECTION('',(-0.62853936105471,0.,-0.77777777777778));
#10406=DIRECTION('',(0.,-1.,0.));
#10407=AXIS2_PLACEMENT_3D('',#10404,#10406,#10405);
#10408=CIRCLE('',#10407,4.5);
#10409=EDGE_CURVE('',#10401,#10403,#10408,.T.);
#10410=ORIENTED_EDGE('',*,*,#10409,.F.);
#10411=CARTESIAN_POINT('',(-2.8284271247462,-49.5,21.));
#10412=DIRECTION('',(0.,-1.,0.));
#10413=VECTOR('',#10412,7.5);
#10414=LINE('',#10411,#10413);
#10415=EDGE_CURVE('',#10401,#10149,#10414,.T.);
#10416=ORIENTED_EDGE('',*,*,#10415,.T.);
#10417=ORIENTED_EDGE('',*,*,#10155,.T.);
#10418=CARTESIAN_POINT('',(2.8284271247462,-57.,21.));
#10419=DIRECTION('',(0.,1.,0.));
#10420=VECTOR('',#10419,7.5);
#10421=LINE('',#10418,#10420);
#10422=EDGE_CURVE('',#10141,#10403,#10421,.T.);
#10423=ORIENTED_EDGE('',*,*,#10422,.T.);
#10424=EDGE_LOOP('',(#10410,#10416,#10417,#10423));
#10425=FACE_OUTER_BOUND('',#10424,.T.);
#10426=ADVANCED_FACE('',(#10425),#10399,.F.);
#10427=CARTESIAN_POINT('',(1.2057713659401,-49.5,24.5));
#10428=DIRECTION('',(-1.,0.,0.));
#10429=DIRECTION('',(-0.,-1.,0.));
#10430=AXIS2_PLACEMENT_3D('',#10427,#10429,#10428);
#10431=PLANE('',#10430);
#10432=ORIENTED_EDGE('',*,*,#10409,.T.);
#10433=CARTESIAN_POINT('',(2.8284271247462,-49.5,21.));
#10434=DIRECTION('',(-1.,0.,0.));
#10435=VECTOR('',#10434,5.6568542494924);
#10436=LINE('',#10433,#10435);
#10437=EDGE_CURVE('',#10403,#10401,#10436,.T.);
#10438=ORIENTED_EDGE('',*,*,#10437,.T.);
#10439=EDGE_LOOP('',(#10432,#10438));
#10440=FACE_OUTER_BOUND('',#10439,.T.);
#10441=ADVANCED_FACE('',(#10440),#10431,.T.);
#10442=CARTESIAN_POINT('',(19.5,-28.5,19.5));
#10443=DIRECTION('',(-0.70710678118655,4.1869132231567E-16,0.70710678118655));
#10444=DIRECTION('',(0.70710678118655,0.,0.70710678118655));
#10445=AXIS2_PLACEMENT_3D('',#10442,#10444,#10443);
#10446=PLANE('',#10445);
#10447=ORIENTED_EDGE('',*,*,#10138,.F.);
#10448=CARTESIAN_POINT('',(21.,-43.2,18.));
#10449=VERTEX_POINT('',#10448);
#10450=CARTESIAN_POINT('',(21.,-43.2,18.));
#10451=DIRECTION('',(0.,-1.,0.));
#10452=VECTOR('',#10451,13.8);
#10453=LINE('',#10450,#10452);
#10454=EDGE_CURVE('',#10449,#10125,#10453,.T.);
#10455=ORIENTED_EDGE('',*,*,#10454,.F.);
#10456=CARTESIAN_POINT('',(18.,-43.2,21.));
#10457=VERTEX_POINT('',#10456);
#10458=CARTESIAN_POINT('',(18.,-43.2,21.));
#10459=DIRECTION('',(0.70710678118655,0.,-0.70710678118655));
#10460=VECTOR('',#10459,4.2426406871193);
#10461=LINE('',#10458,#10460);
#10462=EDGE_CURVE('',#10457,#10449,#10461,.T.);
#10463=ORIENTED_EDGE('',*,*,#10462,.F.);
#10464=CARTESIAN_POINT('',(18.,-43.2,21.));
#10465=DIRECTION('',(0.,-1.,0.));
#10466=VECTOR('',#10465,13.8);
#10467=LINE('',#10464,#10466);
#10468=EDGE_CURVE('',#10457,#10133,#10467,.T.);
#10469=ORIENTED_EDGE('',*,*,#10468,.T.);
#10470=EDGE_LOOP('',(#10447,#10455,#10463,#10469));
#10471=FACE_OUTER_BOUND('',#10470,.T.);
#10472=ADVANCED_FACE('',(#10471),#10446,.T.);
#10473=CARTESIAN_POINT('',(19.5,-28.5,-19.5));
#10474=DIRECTION('',(0.70710678118655,4.1869132231567E-16,0.70710678118655));
#10475=DIRECTION('',(0.70710678118655,0.,-0.70710678118655));
#10476=AXIS2_PLACEMENT_3D('',#10473,#10475,#10474);
#10477=PLANE('',#10476);
#10478=ORIENTED_EDGE('',*,*,#10087,.F.);
#10479=CARTESIAN_POINT('',(18.,-43.2,-21.));
#10480=VERTEX_POINT('',#10479);
#10481=CARTESIAN_POINT('',(18.,-43.2,-21.));
#10482=DIRECTION('',(0.,-1.,0.));
#10483=VECTOR('',#10482,13.8);
#10484=LINE('',#10481,#10483);
#10485=EDGE_CURVE('',#10480,#10074,#10484,.T.);
#10486=ORIENTED_EDGE('',*,*,#10485,.F.);
#10487=CARTESIAN_POINT('',(21.,-43.2,-18.));
#10488=VERTEX_POINT('',#10487);
#10489=CARTESIAN_POINT('',(21.,-43.2,-18.));
#10490=DIRECTION('',(-0.70710678118655,0.,-0.70710678118655));
#10491=VECTOR('',#10490,4.2426406871193);
#10492=LINE('',#10489,#10491);
#10493=EDGE_CURVE('',#10488,#10480,#10492,.T.);
#10494=ORIENTED_EDGE('',*,*,#10493,.F.);
#10495=CARTESIAN_POINT('',(21.,-57.,-18.));
#10496=DIRECTION('',(0.,1.,0.));
#10497=VECTOR('',#10496,13.8);
#10498=LINE('',#10495,#10497);
#10499=EDGE_CURVE('',#10082,#10488,#10498,.T.);
#10500=ORIENTED_EDGE('',*,*,#10499,.F.);
#10501=EDGE_LOOP('',(#10478,#10486,#10494,#10500));
#10502=FACE_OUTER_BOUND('',#10501,.T.);
#10503=ADVANCED_FACE('',(#10502),#10477,.T.);
#10504=CARTESIAN_POINT('',(-19.5,-28.5,-19.5));
#10505=DIRECTION('',(0.70710678118655,4.1869132231567E-16,-0.70710678118655));
#10506=DIRECTION('',(-0.70710678118655,-0.,-0.70710678118655));
#10507=AXIS2_PLACEMENT_3D('',#10504,#10506,#10505);
#10508=PLANE('',#10507);
#10509=ORIENTED_EDGE('',*,*,#10222,.F.);
#10510=CARTESIAN_POINT('',(-21.,-43.2,-18.));
#10511=VERTEX_POINT('',#10510);
#10512=CARTESIAN_POINT('',(-21.,-43.200333333333,-18.));
#10513=DIRECTION('',(0.,-1.,0.));
#10514=VECTOR('',#10513,13.799666666667);
#10515=LINE('',#10512,#10514);
#10516=EDGE_CURVE('',#10511,#10209,#10515,.T.);
#10517=ORIENTED_EDGE('',*,*,#10516,.F.);
#10518=CARTESIAN_POINT('',(-18.,-43.2,-21.));
#10519=VERTEX_POINT('',#10518);
#10520=CARTESIAN_POINT('',(-18.,-43.2,-21.));
#10521=DIRECTION('',(-0.70710678118655,0.,0.70710678118655));
#10522=VECTOR('',#10521,4.2426406871193);
#10523=LINE('',#10520,#10522);
#10524=EDGE_CURVE('',#10519,#10511,#10523,.T.);
#10525=ORIENTED_EDGE('',*,*,#10524,.F.);
#10526=CARTESIAN_POINT('',(-18.,-43.2,-21.));
#10527=DIRECTION('',(0.,-1.,0.));
#10528=VECTOR('',#10527,13.8);
#10529=LINE('',#10526,#10528);
#10530=EDGE_CURVE('',#10519,#10217,#10529,.T.);
#10531=ORIENTED_EDGE('',*,*,#10530,.T.);
#10532=EDGE_LOOP('',(#10509,#10517,#10525,#10531));
#10533=FACE_OUTER_BOUND('',#10532,.T.);
#10534=ADVANCED_FACE('',(#10533),#10508,.T.);
#10535=CARTESIAN_POINT('',(-19.5,-28.5,19.5));
#10536=DIRECTION('',(-0.70710678118655,4.1869132231567E-16,-0.70710678118655));
#10537=DIRECTION('',(-0.70710678118655,0.,0.70710678118655));
#10538=AXIS2_PLACEMENT_3D('',#10535,#10537,#10536);
#10539=PLANE('',#10538);
#10540=ORIENTED_EDGE('',*,*,#10171,.F.);
#10541=CARTESIAN_POINT('',(-18.,-43.2,21.));
#10542=VERTEX_POINT('',#10541);
#10543=CARTESIAN_POINT('',(-18.,-43.2,21.));
#10544=DIRECTION('',(0.,-1.,0.));
#10545=VECTOR('',#10544,13.8);
#10546=LINE('',#10543,#10545);
#10547=EDGE_CURVE('',#10542,#10158,#10546,.T.);
#10548=ORIENTED_EDGE('',*,*,#10547,.F.);
#10549=CARTESIAN_POINT('',(-21.,-43.2,18.));
#10550=VERTEX_POINT('',#10549);
#10551=CARTESIAN_POINT('',(-21.,-43.2,18.));
#10552=DIRECTION('',(0.70710678118655,0.,0.70710678118655));
#10553=VECTOR('',#10552,4.2426406871193);
#10554=LINE('',#10551,#10553);
#10555=EDGE_CURVE('',#10550,#10542,#10554,.T.);
#10556=ORIENTED_EDGE('',*,*,#10555,.F.);
#10557=CARTESIAN_POINT('',(-21.,-43.2005,18.));
#10558=DIRECTION('',(0.,-1.,0.));
#10559=VECTOR('',#10558,13.7995);
#10560=LINE('',#10557,#10559);
#10561=EDGE_CURVE('',#10550,#10166,#10560,.T.);
#10562=ORIENTED_EDGE('',*,*,#10561,.T.);
#10563=EDGE_LOOP('',(#10540,#10548,#10556,#10562));
#10564=FACE_OUTER_BOUND('',#10563,.T.);
#10565=ADVANCED_FACE('',(#10564),#10539,.T.);
#10566=CARTESIAN_POINT('',(21.,-28.5,2.8125649957171E-15));
#10567=DIRECTION('',(0.,9.8686491077792E-17,1.));
#10568=DIRECTION('',(1.,0.,-0.));
#10569=AXIS2_PLACEMENT_3D('',#10566,#10568,#10567);
#10570=PLANE('',#10569);
#10571=ORIENTED_EDGE('',*,*,#10130,.F.);
#10572=ORIENTED_EDGE('',*,*,#8869,.F.);
#10573=ORIENTED_EDGE('',*,*,#10119,.F.);
#10574=ORIENTED_EDGE('',*,*,#10265,.F.);
#10575=ORIENTED_EDGE('',*,*,#10295,.F.);
#10576=ORIENTED_EDGE('',*,*,#10274,.F.);
#10577=ORIENTED_EDGE('',*,*,#10104,.F.);
#10578=ORIENTED_EDGE('',*,*,#8794,.F.);
#10579=ORIENTED_EDGE('',*,*,#10093,.F.);
#10580=ORIENTED_EDGE('',*,*,#10499,.T.);
#10581=CARTESIAN_POINT('',(21.,-43.2,18.));
#10582=DIRECTION('',(0.,0.,-1.));
#10583=VECTOR('',#10582,36.);
#10584=LINE('',#10581,#10583);
#10585=EDGE_CURVE('',#10449,#10488,#10584,.T.);
#10586=ORIENTED_EDGE('',*,*,#10585,.F.);
#10587=ORIENTED_EDGE('',*,*,#10454,.T.);
#10588=EDGE_LOOP('',(#10571,#10572,#10573,#10574,#10575,#10576,#10577,#10578,#10579,#10580,#10586,#10587));
#10589=FACE_OUTER_BOUND('',#10588,.T.);
#10590=ADVANCED_FACE('',(#10589),#10570,.T.);
#10591=CARTESIAN_POINT('',(-21.,-28.5,1.4062824978585E-15));
#10592=DIRECTION('',(1.9737298215558E-16,-4.9343245538896E-17,-1.));
#10593=DIRECTION('',(-1.,-1.2301924447891E-32,-1.9737298215558E-16));
#10594=AXIS2_PLACEMENT_3D('',#10591,#10593,#10592);
#10595=PLANE('',#10594);
#10596=ORIENTED_EDGE('',*,*,#10214,.F.);
#10597=ORIENTED_EDGE('',*,*,#8819,.F.);
#10598=ORIENTED_EDGE('',*,*,#10203,.F.);
#10599=ORIENTED_EDGE('',*,*,#10328,.F.);
#10600=ORIENTED_EDGE('',*,*,#10343,.F.);
#10601=ORIENTED_EDGE('',*,*,#10313,.F.);
#10602=ORIENTED_EDGE('',*,*,#10188,.F.);
#10603=ORIENTED_EDGE('',*,*,#8844,.F.);
#10604=ORIENTED_EDGE('',*,*,#10177,.F.);
#10605=ORIENTED_EDGE('',*,*,#10561,.F.);
#10606=CARTESIAN_POINT('',(-21.,-43.2,-18.));
#10607=DIRECTION('',(0.,0.,1.));
#10608=VECTOR('',#10607,36.);
#10609=LINE('',#10606,#10608);
#10610=EDGE_CURVE('',#10511,#10550,#10609,.T.);
#10611=ORIENTED_EDGE('',*,*,#10610,.F.);
#10612=ORIENTED_EDGE('',*,*,#10516,.T.);
#10613=EDGE_LOOP('',(#10596,#10597,#10598,#10599,#10600,#10601,#10602,#10603,#10604,#10605,#10611,#10612));
#10614=FACE_OUTER_BOUND('',#10613,.T.);
#10615=ADVANCED_FACE('',(#10614),#10595,.T.);
#10616=CARTESIAN_POINT('',(-7.105427357601E-15,-28.5,-21.));
#10617=DIRECTION('',(1.,0.,0.));
#10618=DIRECTION('',(0.,0.,-1.));
#10619=AXIS2_PLACEMENT_3D('',#10616,#10618,#10617);
#10620=PLANE('',#10619);
#10621=ORIENTED_EDGE('',*,*,#10079,.F.);
#10622=ORIENTED_EDGE('',*,*,#10368,.F.);
#10623=ORIENTED_EDGE('',*,*,#10390,.F.);
#10624=ORIENTED_EDGE('',*,*,#10375,.F.);
#10625=ORIENTED_EDGE('',*,*,#10230,.F.);
#10626=ORIENTED_EDGE('',*,*,#10530,.F.);
#10627=CARTESIAN_POINT('',(18.,-43.2,-21.));
#10628=DIRECTION('',(-1.,0.,0.));
#10629=VECTOR('',#10628,36.);
#10630=LINE('',#10627,#10629);
#10631=EDGE_CURVE('',#10480,#10519,#10630,.T.);
#10632=ORIENTED_EDGE('',*,*,#10631,.F.);
#10633=ORIENTED_EDGE('',*,*,#10485,.T.);
#10634=EDGE_LOOP('',(#10621,#10622,#10623,#10624,#10625,#10626,#10632,#10633));
#10635=FACE_OUTER_BOUND('',#10634,.T.);
#10636=ADVANCED_FACE('',(#10635),#10620,.T.);
#10637=CARTESIAN_POINT('',(-1.4062824978585E-15,-28.5,21.));
#10638=DIRECTION('',(-1.,4.9343245538896E-17,0.));
#10639=DIRECTION('',(0.,0.,1.));
#10640=AXIS2_PLACEMENT_3D('',#10637,#10639,#10638);
#10641=PLANE('',#10640);
#10642=ORIENTED_EDGE('',*,*,#10163,.F.);
#10643=ORIENTED_EDGE('',*,*,#10415,.F.);
#10644=ORIENTED_EDGE('',*,*,#10437,.F.);
#10645=ORIENTED_EDGE('',*,*,#10422,.F.);
#10646=ORIENTED_EDGE('',*,*,#10146,.F.);
#10647=ORIENTED_EDGE('',*,*,#10468,.F.);
#10648=CARTESIAN_POINT('',(-18.,-43.2,21.));
#10649=DIRECTION('',(1.,0.,0.));
#10650=VECTOR('',#10649,36.);
#10651=LINE('',#10648,#10650);
#10652=EDGE_CURVE('',#10542,#10457,#10651,.T.);
#10653=ORIENTED_EDGE('',*,*,#10652,.F.);
#10654=ORIENTED_EDGE('',*,*,#10547,.T.);
#10655=EDGE_LOOP('',(#10642,#10643,#10644,#10645,#10646,#10647,#10653,#10654));
#10656=FACE_OUTER_BOUND('',#10655,.T.);
#10657=ADVANCED_FACE('',(#10656),#10641,.T.);
#10658=CARTESIAN_POINT('',(0.,-43.1,0.));
#10659=DIRECTION('',(1.537971289524E-16,0.,1.));
#10660=DIRECTION('',(-0.,1.,0.));
#10661=AXIS2_PLACEMENT_3D('',#10658,#10660,#10659);
#10662=PLANE('',#10661);
#10663=CARTESIAN_POINT('',(21.,-43.1,-18.));
#10664=VERTEX_POINT('',#10663);
#10665=CARTESIAN_POINT('',(18.,-43.1,-21.));
#10666=VERTEX_POINT('',#10665);
#10667=CARTESIAN_POINT('',(21.,-43.1,-18.));
#10668=DIRECTION('',(-0.70710678118655,0.,-0.70710678118655));
#10669=VECTOR('',#10668,4.2426406871193);
#10670=LINE('',#10667,#10669);
#10671=EDGE_CURVE('',#10664,#10666,#10670,.T.);
#10672=ORIENTED_EDGE('',*,*,#10671,.T.);
#10673=CARTESIAN_POINT('',(-18.,-43.1,-21.));
#10674=VERTEX_POINT('',#10673);
#10675=CARTESIAN_POINT('',(18.,-43.1,-21.));
#10676=DIRECTION('',(-1.,0.,0.));
#10677=VECTOR('',#10676,36.);
#10678=LINE('',#10675,#10677);
#10679=EDGE_CURVE('',#10666,#10674,#10678,.T.);
#10680=ORIENTED_EDGE('',*,*,#10679,.T.);
#10681=CARTESIAN_POINT('',(-21.,-43.1,-18.));
#10682=VERTEX_POINT('',#10681);
#10683=CARTESIAN_POINT('',(-18.,-43.1,-21.));
#10684=DIRECTION('',(-0.70710678118655,0.,0.70710678118655));
#10685=VECTOR('',#10684,4.2426406871193);
#10686=LINE('',#10683,#10685);
#10687=EDGE_CURVE('',#10674,#10682,#10686,.T.);
#10688=ORIENTED_EDGE('',*,*,#10687,.T.);
#10689=CARTESIAN_POINT('',(-21.,-43.1,18.));
#10690=VERTEX_POINT('',#10689);
#10691=CARTESIAN_POINT('',(-21.,-43.1,-18.));
#10692=DIRECTION('',(0.,0.,1.));
#10693=VECTOR('',#10692,36.);
#10694=LINE('',#10691,#10693);
#10695=EDGE_CURVE('',#10682,#10690,#10694,.T.);
#10696=ORIENTED_EDGE('',*,*,#10695,.T.);
#10697=CARTESIAN_POINT('',(-18.,-43.1,21.));
#10698=VERTEX_POINT('',#10697);
#10699=CARTESIAN_POINT('',(-21.,-43.1,18.));
#10700=DIRECTION('',(0.70710678118655,0.,0.70710678118655));
#10701=VECTOR('',#10700,4.2426406871193);
#10702=LINE('',#10699,#10701);
#10703=EDGE_CURVE('',#10690,#10698,#10702,.T.);
#10704=ORIENTED_EDGE('',*,*,#10703,.T.);
#10705=CARTESIAN_POINT('',(18.,-43.1,21.));
#10706=VERTEX_POINT('',#10705);
#10707=CARTESIAN_POINT('',(-18.,-43.1,21.));
#10708=DIRECTION('',(1.,0.,0.));
#10709=VECTOR('',#10708,36.);
#10710=LINE('',#10707,#10709);
#10711=EDGE_CURVE('',#10698,#10706,#10710,.T.);
#10712=ORIENTED_EDGE('',*,*,#10711,.T.);
#10713=CARTESIAN_POINT('',(21.,-43.1,18.));
#10714=VERTEX_POINT('',#10713);
#10715=CARTESIAN_POINT('',(18.,-43.1,21.));
#10716=DIRECTION('',(0.70710678118655,0.,-0.70710678118655));
#10717=VECTOR('',#10716,4.2426406871193);
#10718=LINE('',#10715,#10717);
#10719=EDGE_CURVE('',#10706,#10714,#10718,.T.);
#10720=ORIENTED_EDGE('',*,*,#10719,.T.);
#10721=CARTESIAN_POINT('',(21.,-43.1,18.));
#10722=DIRECTION('',(0.,0.,-1.));
#10723=VECTOR('',#10722,36.);
#10724=LINE('',#10721,#10723);
#10725=EDGE_CURVE('',#10714,#10664,#10724,.T.);
#10726=ORIENTED_EDGE('',*,*,#10725,.T.);
#10727=EDGE_LOOP('',(#10672,#10680,#10688,#10696,#10704,#10712,#10720,#10726));
#10728=FACE_OUTER_BOUND('',#10727,.F.);
#10729=CARTESIAN_POINT('',(-20.8,-43.1,-17.917157287525));
#10730=VERTEX_POINT('',#10729);
#10731=CARTESIAN_POINT('',(-17.917157287525,-43.1,-20.8));
#10732=VERTEX_POINT('',#10731);
#10733=CARTESIAN_POINT('',(-20.8,-43.1,-17.917157287525));
#10734=DIRECTION('',(0.70710678118655,0.,-0.70710678118655));
#10735=VECTOR('',#10734,4.07695526217);
#10736=LINE('',#10733,#10735);
#10737=EDGE_CURVE('',#10730,#10732,#10736,.T.);
#10738=ORIENTED_EDGE('',*,*,#10737,.T.);
#10739=CARTESIAN_POINT('',(17.917157287525,-43.1,-20.8));
#10740=VERTEX_POINT('',#10739);
#10741=CARTESIAN_POINT('',(-17.917157287525,-43.1,-20.8));
#10742=DIRECTION('',(1.,0.,-9.9142783137648E-17));
#10743=VECTOR('',#10742,35.834314575051);
#10744=LINE('',#10741,#10743);
#10745=EDGE_CURVE('',#10732,#10740,#10744,.T.);
#10746=ORIENTED_EDGE('',*,*,#10745,.T.);
#10747=CARTESIAN_POINT('',(20.8,-43.1,-17.917157287525));
#10748=VERTEX_POINT('',#10747);
#10749=CARTESIAN_POINT('',(17.917157287525,-43.1,-20.8));
#10750=DIRECTION('',(0.70710678118655,0.,0.70710678118655));
#10751=VECTOR('',#10750,4.07695526217);
#10752=LINE('',#10749,#10751);
#10753=EDGE_CURVE('',#10740,#10748,#10752,.T.);
#10754=ORIENTED_EDGE('',*,*,#10753,.T.);
#10755=CARTESIAN_POINT('',(20.8,-43.1,17.917157287525));
#10756=VERTEX_POINT('',#10755);
#10757=CARTESIAN_POINT('',(20.8,-43.1,-17.917157287525));
#10758=DIRECTION('',(0.,0.,1.));
#10759=VECTOR('',#10758,35.834314575051);
#10760=LINE('',#10757,#10759);
#10761=EDGE_CURVE('',#10748,#10756,#10760,.T.);
#10762=ORIENTED_EDGE('',*,*,#10761,.T.);
#10763=CARTESIAN_POINT('',(17.917157287525,-43.1,20.8));
#10764=VERTEX_POINT('',#10763);
#10765=CARTESIAN_POINT('',(20.8,-43.1,17.917157287525));
#10766=DIRECTION('',(-0.70710678118655,0.,0.70710678118655));
#10767=VECTOR('',#10766,4.07695526217);
#10768=LINE('',#10765,#10767);
#10769=EDGE_CURVE('',#10756,#10764,#10768,.T.);
#10770=ORIENTED_EDGE('',*,*,#10769,.T.);
#10771=CARTESIAN_POINT('',(-17.917157287525,-43.1,20.8));
#10772=VERTEX_POINT('',#10771);
#10773=CARTESIAN_POINT('',(17.917157287525,-43.1,20.8));
#10774=DIRECTION('',(-1.,0.,9.9142783137648E-17));
#10775=VECTOR('',#10774,35.834314575051);
#10776=LINE('',#10773,#10775);
#10777=EDGE_CURVE('',#10764,#10772,#10776,.T.);
#10778=ORIENTED_EDGE('',*,*,#10777,.T.);
#10779=CARTESIAN_POINT('',(-20.8,-43.1,17.917157287525));
#10780=VERTEX_POINT('',#10779);
#10781=CARTESIAN_POINT('',(-17.917157287525,-43.1,20.8));
#10782=DIRECTION('',(-0.70710678118655,0.,-0.70710678118655));
#10783=VECTOR('',#10782,4.07695526217);
#10784=LINE('',#10781,#10783);
#10785=EDGE_CURVE('',#10772,#10780,#10784,.T.);
#10786=ORIENTED_EDGE('',*,*,#10785,.T.);
#10787=CARTESIAN_POINT('',(-20.8,-43.1,17.917157287525));
#10788=DIRECTION('',(0.,0.,-1.));
#10789=VECTOR('',#10788,35.834314575051);
#10790=LINE('',#10787,#10789);
#10791=EDGE_CURVE('',#10780,#10730,#10790,.T.);
#10792=ORIENTED_EDGE('',*,*,#10791,.T.);
#10793=EDGE_LOOP('',(#10738,#10746,#10754,#10762,#10770,#10778,#10786,#10792));
#10794=FACE_BOUND('',#10793,.F.);
#10795=ADVANCED_FACE('',(#10728,#10794),#10662,.F.);
#10796=CARTESIAN_POINT('',(-19.358578643763,-43.15,-19.358578643763));
#10797=DIRECTION('',(0.70710678118655,0.,-0.70710678118655));
#10798=DIRECTION('',(0.70710678118655,-0.,0.70710678118655));
#10799=AXIS2_PLACEMENT_3D('',#10796,#10798,#10797);
#10800=PLANE('',#10799);
#10801=CARTESIAN_POINT('',(-20.8,-43.2,-17.917157287525));
#10802=VERTEX_POINT('',#10801);
#10803=CARTESIAN_POINT('',(-17.917157287525,-43.2,-20.8));
#10804=VERTEX_POINT('',#10803);
#10805=CARTESIAN_POINT('',(-20.8,-43.2,-17.917157287525));
#10806=DIRECTION('',(0.70710678118655,0.,-0.70710678118655));
#10807=VECTOR('',#10806,4.07695526217);
#10808=LINE('',#10805,#10807);
#10809=EDGE_CURVE('',#10802,#10804,#10808,.T.);
#10810=ORIENTED_EDGE('',*,*,#10809,.T.);
#10811=CARTESIAN_POINT('',(-17.917157287525,-43.2,-20.8));
#10812=DIRECTION('',(0.,1.,0.));
#10813=VECTOR('',#10812,0.1);
#10814=LINE('',#10811,#10813);
#10815=EDGE_CURVE('',#10804,#10732,#10814,.T.);
#10816=ORIENTED_EDGE('',*,*,#10815,.T.);
#10817=ORIENTED_EDGE('',*,*,#10737,.F.);
#10818=CARTESIAN_POINT('',(-20.8,-43.2,-17.917157287525));
#10819=DIRECTION('',(0.,1.,0.));
#10820=VECTOR('',#10819,0.1);
#10821=LINE('',#10818,#10820);
#10822=EDGE_CURVE('',#10802,#10730,#10821,.T.);
#10823=ORIENTED_EDGE('',*,*,#10822,.F.);
#10824=EDGE_LOOP('',(#10810,#10816,#10817,#10823));
#10825=FACE_OUTER_BOUND('',#10824,.F.);
#10826=ADVANCED_FACE('',(#10825),#10800,.F.);
#10827=CARTESIAN_POINT('',(7.105427357601E-15,-43.15,-20.8));
#10828=DIRECTION('',(1.,0.,-9.9142783137648E-17));
#10829=DIRECTION('',(9.9142783137648E-17,-0.,1.));
#10830=AXIS2_PLACEMENT_3D('',#10827,#10829,#10828);
#10831=PLANE('',#10830);
#10832=CARTESIAN_POINT('',(17.917157287525,-43.2,-20.8));
#10833=VERTEX_POINT('',#10832);
#10834=CARTESIAN_POINT('',(-17.917157287525,-43.2,-20.8));
#10835=DIRECTION('',(1.,0.,-9.9142783137648E-17));
#10836=VECTOR('',#10835,35.834314575051);
#10837=LINE('',#10834,#10836);
#10838=EDGE_CURVE('',#10804,#10833,#10837,.T.);
#10839=ORIENTED_EDGE('',*,*,#10838,.T.);
#10840=CARTESIAN_POINT('',(17.917157287525,-43.2,-20.8));
#10841=DIRECTION('',(0.,1.,0.));
#10842=VECTOR('',#10841,0.1);
#10843=LINE('',#10840,#10842);
#10844=EDGE_CURVE('',#10833,#10740,#10843,.T.);
#10845=ORIENTED_EDGE('',*,*,#10844,.T.);
#10846=ORIENTED_EDGE('',*,*,#10745,.F.);
#10847=ORIENTED_EDGE('',*,*,#10815,.F.);
#10848=EDGE_LOOP('',(#10839,#10845,#10846,#10847));
#10849=FACE_OUTER_BOUND('',#10848,.F.);
#10850=ADVANCED_FACE('',(#10849),#10831,.F.);
#10851=CARTESIAN_POINT('',(19.358578643763,-43.15,-19.358578643763));
#10852=DIRECTION('',(0.70710678118655,0.,0.70710678118655));
#10853=DIRECTION('',(-0.70710678118655,0.,0.70710678118655));
#10854=AXIS2_PLACEMENT_3D('',#10851,#10853,#10852);
#10855=PLANE('',#10854);
#10856=CARTESIAN_POINT('',(20.8,-43.2,-17.917157287525));
#10857=VERTEX_POINT('',#10856);
#10858=CARTESIAN_POINT('',(17.917157287525,-43.2,-20.8));
#10859=DIRECTION('',(0.70710678118655,0.,0.70710678118655));
#10860=VECTOR('',#10859,4.07695526217);
#10861=LINE('',#10858,#10860);
#10862=EDGE_CURVE('',#10833,#10857,#10861,.T.);
#10863=ORIENTED_EDGE('',*,*,#10862,.T.);
#10864=CARTESIAN_POINT('',(20.8,-43.2,-17.917157287525));
#10865=DIRECTION('',(0.,1.,0.));
#10866=VECTOR('',#10865,0.1);
#10867=LINE('',#10864,#10866);
#10868=EDGE_CURVE('',#10857,#10748,#10867,.T.);
#10869=ORIENTED_EDGE('',*,*,#10868,.T.);
#10870=ORIENTED_EDGE('',*,*,#10753,.F.);
#10871=ORIENTED_EDGE('',*,*,#10844,.F.);
#10872=EDGE_LOOP('',(#10863,#10869,#10870,#10871));
#10873=FACE_OUTER_BOUND('',#10872,.F.);
#10874=ADVANCED_FACE('',(#10873),#10855,.F.);
#10875=CARTESIAN_POINT('',(20.8,-43.15,-3.5527136788005E-15));
#10876=DIRECTION('',(0.,0.,1.));
#10877=DIRECTION('',(-1.,0.,0.));
#10878=AXIS2_PLACEMENT_3D('',#10875,#10877,#10876);
#10879=PLANE('',#10878);
#10880=ORIENTED_EDGE('',*,*,#10868,.F.);
#10881=CARTESIAN_POINT('',(20.8,-43.2,17.917157287525));
#10882=VERTEX_POINT('',#10881);
#10883=CARTESIAN_POINT('',(20.8,-43.2,-17.917157287525));
#10884=DIRECTION('',(0.,0.,1.));
#10885=VECTOR('',#10884,35.834314575051);
#10886=LINE('',#10883,#10885);
#10887=EDGE_CURVE('',#10857,#10882,#10886,.T.);
#10888=ORIENTED_EDGE('',*,*,#10887,.T.);
#10889=CARTESIAN_POINT('',(20.8,-43.2,17.917157287525));
#10890=DIRECTION('',(0.,1.,0.));
#10891=VECTOR('',#10890,0.1);
#10892=LINE('',#10889,#10891);
#10893=EDGE_CURVE('',#10882,#10756,#10892,.T.);
#10894=ORIENTED_EDGE('',*,*,#10893,.T.);
#10895=ORIENTED_EDGE('',*,*,#10761,.F.);
#10896=EDGE_LOOP('',(#10880,#10888,#10894,#10895));
#10897=FACE_OUTER_BOUND('',#10896,.F.);
#10898=ADVANCED_FACE('',(#10897),#10879,.F.);
#10899=CARTESIAN_POINT('',(19.358578643763,-43.15,19.358578643763));
#10900=DIRECTION('',(-0.70710678118655,0.,0.70710678118655));
#10901=DIRECTION('',(-0.70710678118655,0.,-0.70710678118655));
#10902=AXIS2_PLACEMENT_3D('',#10899,#10901,#10900);
#10903=PLANE('',#10902);
#10904=CARTESIAN_POINT('',(17.917157287525,-43.2,20.8));
#10905=VERTEX_POINT('',#10904);
#10906=CARTESIAN_POINT('',(20.8,-43.2,17.917157287525));
#10907=DIRECTION('',(-0.70710678118655,0.,0.70710678118655));
#10908=VECTOR('',#10907,4.07695526217);
#10909=LINE('',#10906,#10908);
#10910=EDGE_CURVE('',#10882,#10905,#10909,.T.);
#10911=ORIENTED_EDGE('',*,*,#10910,.T.);
#10912=CARTESIAN_POINT('',(17.917157287525,-43.2,20.8));
#10913=DIRECTION('',(0.,1.,0.));
#10914=VECTOR('',#10913,0.1);
#10915=LINE('',#10912,#10914);
#10916=EDGE_CURVE('',#10905,#10764,#10915,.T.);
#10917=ORIENTED_EDGE('',*,*,#10916,.T.);
#10918=ORIENTED_EDGE('',*,*,#10769,.F.);
#10919=ORIENTED_EDGE('',*,*,#10893,.F.);
#10920=EDGE_LOOP('',(#10911,#10917,#10918,#10919));
#10921=FACE_OUTER_BOUND('',#10920,.F.);
#10922=ADVANCED_FACE('',(#10921),#10903,.F.);
#10923=CARTESIAN_POINT('',(-7.105427357601E-15,-43.15,20.8));
#10924=DIRECTION('',(-1.,0.,9.9142783137648E-17));
#10925=DIRECTION('',(-9.9142783137648E-17,0.,-1.));
#10926=AXIS2_PLACEMENT_3D('',#10923,#10925,#10924);
#10927=PLANE('',#10926);
#10928=CARTESIAN_POINT('',(-17.917157287525,-43.2,20.8));
#10929=VERTEX_POINT('',#10928);
#10930=CARTESIAN_POINT('',(17.917157287525,-43.2,20.8));
#10931=DIRECTION('',(-1.,0.,9.9142783137648E-17));
#10932=VECTOR('',#10931,35.834314575051);
#10933=LINE('',#10930,#10932);
#10934=EDGE_CURVE('',#10905,#10929,#10933,.T.);
#10935=ORIENTED_EDGE('',*,*,#10934,.T.);
#10936=CARTESIAN_POINT('',(-17.917157287525,-43.2,20.8));
#10937=DIRECTION('',(0.,1.,0.));
#10938=VECTOR('',#10937,0.1);
#10939=LINE('',#10936,#10938);
#10940=EDGE_CURVE('',#10929,#10772,#10939,.T.);
#10941=ORIENTED_EDGE('',*,*,#10940,.T.);
#10942=ORIENTED_EDGE('',*,*,#10777,.F.);
#10943=ORIENTED_EDGE('',*,*,#10916,.F.);
#10944=EDGE_LOOP('',(#10935,#10941,#10942,#10943));
#10945=FACE_OUTER_BOUND('',#10944,.F.);
#10946=ADVANCED_FACE('',(#10945),#10927,.F.);
#10947=CARTESIAN_POINT('',(-19.358578643763,-43.15,19.358578643763));
#10948=DIRECTION('',(-0.70710678118655,0.,-0.70710678118655));
#10949=DIRECTION('',(0.70710678118655,0.,-0.70710678118655));
#10950=AXIS2_PLACEMENT_3D('',#10947,#10949,#10948);
#10951=PLANE('',#10950);
#10952=CARTESIAN_POINT('',(-20.8,-43.2,17.917157287525));
#10953=VERTEX_POINT('',#10952);
#10954=CARTESIAN_POINT('',(-17.917157287525,-43.2,20.8));
#10955=DIRECTION('',(-0.70710678118655,0.,-0.70710678118655));
#10956=VECTOR('',#10955,4.07695526217);
#10957=LINE('',#10954,#10956);
#10958=EDGE_CURVE('',#10929,#10953,#10957,.T.);
#10959=ORIENTED_EDGE('',*,*,#10958,.T.);
#10960=CARTESIAN_POINT('',(-20.8,-43.2,17.917157287525));
#10961=DIRECTION('',(0.,1.,0.));
#10962=VECTOR('',#10961,0.1);
#10963=LINE('',#10960,#10962);
#10964=EDGE_CURVE('',#10953,#10780,#10963,.T.);
#10965=ORIENTED_EDGE('',*,*,#10964,.T.);
#10966=ORIENTED_EDGE('',*,*,#10785,.F.);
#10967=ORIENTED_EDGE('',*,*,#10940,.F.);
#10968=EDGE_LOOP('',(#10959,#10965,#10966,#10967));
#10969=FACE_OUTER_BOUND('',#10968,.F.);
#10970=ADVANCED_FACE('',(#10969),#10951,.F.);
#10971=CARTESIAN_POINT('',(-20.8,-43.15,-3.5527136788005E-15));
#10972=DIRECTION('',(0.,0.,-1.));
#10973=DIRECTION('',(1.,-0.,0.));
#10974=AXIS2_PLACEMENT_3D('',#10971,#10973,#10972);
#10975=PLANE('',#10974);
#10976=ORIENTED_EDGE('',*,*,#10822,.T.);
#10977=ORIENTED_EDGE('',*,*,#10791,.F.);
#10978=ORIENTED_EDGE('',*,*,#10964,.F.);
#10979=CARTESIAN_POINT('',(-20.8,-43.2,17.917157287525));
#10980=DIRECTION('',(0.,0.,-1.));
#10981=VECTOR('',#10980,35.834314575051);
#10982=LINE('',#10979,#10981);
#10983=EDGE_CURVE('',#10953,#10802,#10982,.T.);
#10984=ORIENTED_EDGE('',*,*,#10983,.T.);
#10985=EDGE_LOOP('',(#10976,#10977,#10978,#10984));
#10986=FACE_OUTER_BOUND('',#10985,.F.);
#10987=ADVANCED_FACE('',(#10986),#10975,.F.);
#10988=CARTESIAN_POINT('',(0.,-43.2,0.));
#10989=DIRECTION('',(1.537971289524E-16,0.,1.));
#10990=DIRECTION('',(-0.,1.,0.));
#10991=AXIS2_PLACEMENT_3D('',#10988,#10990,#10989);
#10992=PLANE('',#10991);
#10993=ORIENTED_EDGE('',*,*,#10493,.T.);
#10994=ORIENTED_EDGE('',*,*,#10631,.T.);
#10995=ORIENTED_EDGE('',*,*,#10524,.T.);
#10996=ORIENTED_EDGE('',*,*,#10610,.T.);
#10997=ORIENTED_EDGE('',*,*,#10555,.T.);
#10998=ORIENTED_EDGE('',*,*,#10652,.T.);
#10999=ORIENTED_EDGE('',*,*,#10462,.T.);
#11000=ORIENTED_EDGE('',*,*,#10585,.T.);
#11001=EDGE_LOOP('',(#10993,#10994,#10995,#10996,#10997,#10998,#10999,#11000));
#11002=FACE_OUTER_BOUND('',#11001,.T.);
#11003=ORIENTED_EDGE('',*,*,#10809,.T.);
#11004=ORIENTED_EDGE('',*,*,#10838,.T.);
#11005=ORIENTED_EDGE('',*,*,#10862,.T.);
#11006=ORIENTED_EDGE('',*,*,#10887,.T.);
#11007=ORIENTED_EDGE('',*,*,#10910,.T.);
#11008=ORIENTED_EDGE('',*,*,#10934,.T.);
#11009=ORIENTED_EDGE('',*,*,#10958,.T.);
#11010=ORIENTED_EDGE('',*,*,#10983,.T.);
#11011=EDGE_LOOP('',(#11003,#11004,#11005,#11006,#11007,#11008,#11009,#11010));
#11012=FACE_BOUND('',#11011,.T.);
#11013=ADVANCED_FACE('',(#11002,#11012),#10992,.T.);
#11014=CARTESIAN_POINT('',(19.5,-28.5,19.5));
#11015=DIRECTION('',(-0.70710678118655,4.1869132231567E-16,0.70710678118655));
#11016=DIRECTION('',(0.70710678118655,0.,0.70710678118655));
#11017=AXIS2_PLACEMENT_3D('',#11014,#11016,#11015);
#11018=PLANE('',#11017);
#11019=ORIENTED_EDGE('',*,*,#7100,.T.);
#11020=CARTESIAN_POINT('',(18.,-13.,21.));
#11021=VERTEX_POINT('',#11020);
#11022=CARTESIAN_POINT('',(18.,0.,21.));
#11023=DIRECTION('',(0.,-1.,0.));
#11024=VECTOR('',#11023,13.);
#11025=LINE('',#11022,#11024);
#11026=EDGE_CURVE('',#7087,#11021,#11025,.T.);
#11027=ORIENTED_EDGE('',*,*,#11026,.T.);
#11028=CARTESIAN_POINT('',(21.,-13.,18.));
#11029=VERTEX_POINT('',#11028);
#11030=CARTESIAN_POINT('',(21.,-13.,18.));
#11031=DIRECTION('',(-0.70710678118655,0.,0.70710678118655));
#11032=VECTOR('',#11031,4.2426406871193);
#11033=LINE('',#11030,#11032);
#11034=EDGE_CURVE('',#11029,#11021,#11033,.T.);
#11035=ORIENTED_EDGE('',*,*,#11034,.F.);
#11036=CARTESIAN_POINT('',(21.,0.,18.));
#11037=DIRECTION('',(0.,-1.,0.));
#11038=VECTOR('',#11037,13.);
#11039=LINE('',#11036,#11038);
#11040=EDGE_CURVE('',#7095,#11029,#11039,.T.);
#11041=ORIENTED_EDGE('',*,*,#11040,.F.);
#11042=EDGE_LOOP('',(#11019,#11027,#11035,#11041));
#11043=FACE_OUTER_BOUND('',#11042,.T.);
#11044=ADVANCED_FACE('',(#11043),#11018,.T.);
#11045=CARTESIAN_POINT('',(19.5,-28.5,19.5));
#11046=DIRECTION('',(-0.70710678118655,4.1869132231567E-16,0.70710678118655));
#11047=DIRECTION('',(0.70710678118655,0.,0.70710678118655));
#11048=AXIS2_PLACEMENT_3D('',#11045,#11047,#11046);
#11049=PLANE('',#11048);
#11050=ORIENTED_EDGE('',*,*,#10719,.T.);
#11051=CARTESIAN_POINT('',(21.,-35.,18.));
#11052=VERTEX_POINT('',#11051);
#11053=CARTESIAN_POINT('',(21.,-35.,18.));
#11054=DIRECTION('',(0.,-1.,0.));
#11055=VECTOR('',#11054,8.1);
#11056=LINE('',#11053,#11055);
#11057=EDGE_CURVE('',#11052,#10714,#11056,.T.);
#11058=ORIENTED_EDGE('',*,*,#11057,.F.);
#11059=CARTESIAN_POINT('',(18.,-35.,21.));
#11060=VERTEX_POINT('',#11059);
#11061=CARTESIAN_POINT('',(18.,-35.,21.));
#11062=DIRECTION('',(0.70710678118655,0.,-0.70710678118655));
#11063=VECTOR('',#11062,4.2426406871193);
#11064=LINE('',#11061,#11063);
#11065=EDGE_CURVE('',#11060,#11052,#11064,.T.);
#11066=ORIENTED_EDGE('',*,*,#11065,.F.);
#11067=CARTESIAN_POINT('',(18.,-35.,21.));
#11068=DIRECTION('',(0.,-1.,0.));
#11069=VECTOR('',#11068,8.1);
#11070=LINE('',#11067,#11069);
#11071=EDGE_CURVE('',#11060,#10706,#11070,.T.);
#11072=ORIENTED_EDGE('',*,*,#11071,.T.);
#11073=EDGE_LOOP('',(#11050,#11058,#11066,#11072));
#11074=FACE_OUTER_BOUND('',#11073,.T.);
#11075=ADVANCED_FACE('',(#11074),#11049,.T.);
#11076=CARTESIAN_POINT('',(19.5,-28.5,-19.5));
#11077=DIRECTION('',(0.70710678118655,4.1869132231567E-16,0.70710678118655));
#11078=DIRECTION('',(0.70710678118655,0.,-0.70710678118655));
#11079=AXIS2_PLACEMENT_3D('',#11076,#11078,#11077);
#11080=PLANE('',#11079);
#11081=ORIENTED_EDGE('',*,*,#6499,.T.);
#11082=CARTESIAN_POINT('',(21.,-13.,-18.));
#11083=VERTEX_POINT('',#11082);
#11084=CARTESIAN_POINT('',(21.,-13.,-18.));
#11085=DIRECTION('',(0.,1.,0.));
#11086=VECTOR('',#11085,13.);
#11087=LINE('',#11084,#11086);
#11088=EDGE_CURVE('',#11083,#6486,#11087,.T.);
#11089=ORIENTED_EDGE('',*,*,#11088,.F.);
#11090=CARTESIAN_POINT('',(18.,-13.,-21.));
#11091=VERTEX_POINT('',#11090);
#11092=CARTESIAN_POINT('',(18.,-13.,-21.));
#11093=DIRECTION('',(0.70710678118655,1.6747652892627E-15,0.70710678118655));
#11094=VECTOR('',#11093,4.2426406871193);
#11095=LINE('',#11092,#11094);
#11096=EDGE_CURVE('',#11091,#11083,#11095,.T.);
#11097=ORIENTED_EDGE('',*,*,#11096,.F.);
#11098=CARTESIAN_POINT('',(18.,0.,-21.));
#11099=DIRECTION('',(0.,-1.,0.));
#11100=VECTOR('',#11099,13.);
#11101=LINE('',#11098,#11100);
#11102=EDGE_CURVE('',#6494,#11091,#11101,.T.);
#11103=ORIENTED_EDGE('',*,*,#11102,.F.);
#11104=EDGE_LOOP('',(#11081,#11089,#11097,#11103));
#11105=FACE_OUTER_BOUND('',#11104,.T.);
#11106=ADVANCED_FACE('',(#11105),#11080,.T.);
#11107=CARTESIAN_POINT('',(19.5,-28.5,-19.5));
#11108=DIRECTION('',(0.70710678118655,4.1869132231567E-16,0.70710678118655));
#11109=DIRECTION('',(0.70710678118655,0.,-0.70710678118655));
#11110=AXIS2_PLACEMENT_3D('',#11107,#11109,#11108);
#11111=PLANE('',#11110);
#11112=ORIENTED_EDGE('',*,*,#10671,.T.);
#11113=CARTESIAN_POINT('',(18.,-35.,-21.));
#11114=VERTEX_POINT('',#11113);
#11115=CARTESIAN_POINT('',(18.,-35.,-21.));
#11116=DIRECTION('',(0.,-1.,0.));
#11117=VECTOR('',#11116,8.1);
#11118=LINE('',#11115,#11117);
#11119=EDGE_CURVE('',#11114,#10666,#11118,.T.);
#11120=ORIENTED_EDGE('',*,*,#11119,.F.);
#11121=CARTESIAN_POINT('',(21.,-35.,-18.));
#11122=VERTEX_POINT('',#11121);
#11123=CARTESIAN_POINT('',(21.,-35.,-18.));
#11124=DIRECTION('',(-0.70710678118655,-1.6747652892627E-15,-0.70710678118655));
#11125=VECTOR('',#11124,4.2426406871193);
#11126=LINE('',#11123,#11125);
#11127=EDGE_CURVE('',#11122,#11114,#11126,.T.);
#11128=ORIENTED_EDGE('',*,*,#11127,.F.);
#11129=CARTESIAN_POINT('',(21.,-43.1,-18.));
#11130=DIRECTION('',(0.,1.,0.));
#11131=VECTOR('',#11130,8.1);
#11132=LINE('',#11129,#11131);
#11133=EDGE_CURVE('',#10664,#11122,#11132,.T.);
#11134=ORIENTED_EDGE('',*,*,#11133,.F.);
#11135=EDGE_LOOP('',(#11112,#11120,#11128,#11134));
#11136=FACE_OUTER_BOUND('',#11135,.T.);
#11137=ADVANCED_FACE('',(#11136),#11111,.T.);
#11138=CARTESIAN_POINT('',(-19.5,-28.5,-19.5));
#11139=DIRECTION('',(0.70710678118655,4.1869132231567E-16,-0.70710678118655));
#11140=DIRECTION('',(-0.70710678118655,-0.,-0.70710678118655));
#11141=AXIS2_PLACEMENT_3D('',#11138,#11140,#11139);
#11142=PLANE('',#11141);
#11143=ORIENTED_EDGE('',*,*,#6513,.T.);
#11144=CARTESIAN_POINT('',(-18.,-13.,-21.));
#11145=VERTEX_POINT('',#11144);
#11146=CARTESIAN_POINT('',(-18.,0.,-21.));
#11147=DIRECTION('',(0.,-1.,0.));
#11148=VECTOR('',#11147,13.);
#11149=LINE('',#11146,#11148);
#11150=EDGE_CURVE('',#6502,#11145,#11149,.T.);
#11151=ORIENTED_EDGE('',*,*,#11150,.T.);
#11152=CARTESIAN_POINT('',(-21.,-13.,-18.));
#11153=VERTEX_POINT('',#11152);
#11154=CARTESIAN_POINT('',(-21.,-13.,-18.));
#11155=DIRECTION('',(0.70710678118655,0.,-0.70710678118655));
#11156=VECTOR('',#11155,4.2426406871193);
#11157=LINE('',#11154,#11156);
#11158=EDGE_CURVE('',#11153,#11145,#11157,.T.);
#11159=ORIENTED_EDGE('',*,*,#11158,.F.);
#11160=CARTESIAN_POINT('',(-21.,0.,-18.));
#11161=DIRECTION('',(0.,-1.,0.));
#11162=VECTOR('',#11161,13.);
#11163=LINE('',#11160,#11162);
#11164=EDGE_CURVE('',#6461,#11153,#11163,.T.);
#11165=ORIENTED_EDGE('',*,*,#11164,.F.);
#11166=EDGE_LOOP('',(#11143,#11151,#11159,#11165));
#11167=FACE_OUTER_BOUND('',#11166,.T.);
#11168=ADVANCED_FACE('',(#11167),#11142,.T.);
#11169=CARTESIAN_POINT('',(-19.5,-28.5,-19.5));
#11170=DIRECTION('',(0.70710678118655,4.1869132231567E-16,-0.70710678118655));
#11171=DIRECTION('',(-0.70710678118655,-0.,-0.70710678118655));
#11172=AXIS2_PLACEMENT_3D('',#11169,#11171,#11170);
#11173=PLANE('',#11172);
#11174=ORIENTED_EDGE('',*,*,#10687,.T.);
#11175=CARTESIAN_POINT('',(-21.,-35.,-18.));
#11176=VERTEX_POINT('',#11175);
#11177=CARTESIAN_POINT('',(-21.,-35.,-18.));
#11178=DIRECTION('',(0.,-1.,0.));
#11179=VECTOR('',#11178,8.0996666666666);
#11180=LINE('',#11177,#11179);
#11181=EDGE_CURVE('',#11176,#10682,#11180,.T.);
#11182=ORIENTED_EDGE('',*,*,#11181,.F.);
#11183=CARTESIAN_POINT('',(-18.,-35.,-21.));
#11184=VERTEX_POINT('',#11183);
#11185=CARTESIAN_POINT('',(-18.,-35.,-21.));
#11186=DIRECTION('',(-0.70710678118655,0.,0.70710678118655));
#11187=VECTOR('',#11186,4.2426406871193);
#11188=LINE('',#11185,#11187);
#11189=EDGE_CURVE('',#11184,#11176,#11188,.T.);
#11190=ORIENTED_EDGE('',*,*,#11189,.F.);
#11191=CARTESIAN_POINT('',(-18.,-35.,-21.));
#11192=DIRECTION('',(0.,-1.,0.));
#11193=VECTOR('',#11192,8.1);
#11194=LINE('',#11191,#11193);
#11195=EDGE_CURVE('',#11184,#10674,#11194,.T.);
#11196=ORIENTED_EDGE('',*,*,#11195,.T.);
#11197=EDGE_LOOP('',(#11174,#11182,#11190,#11196));
#11198=FACE_OUTER_BOUND('',#11197,.T.);
#11199=ADVANCED_FACE('',(#11198),#11173,.T.);
#11200=CARTESIAN_POINT('',(-19.5,-28.5,19.5));
#11201=DIRECTION('',(-0.70710678118655,4.1869132231567E-16,-0.70710678118655));
#11202=DIRECTION('',(-0.70710678118655,0.,0.70710678118655));
#11203=AXIS2_PLACEMENT_3D('',#11200,#11202,#11201);
#11204=PLANE('',#11203);
#11205=ORIENTED_EDGE('',*,*,#7084,.T.);
#11206=CARTESIAN_POINT('',(-21.,-13.,18.));
#11207=VERTEX_POINT('',#11206);
#11208=CARTESIAN_POINT('',(-21.,2.0238440553063E-15,18.));
#11209=DIRECTION('',(0.,-1.,0.));
#11210=VECTOR('',#11209,13.);
#11211=LINE('',#11208,#11210);
#11212=EDGE_CURVE('',#7069,#11207,#11211,.T.);
#11213=ORIENTED_EDGE('',*,*,#11212,.T.);
#11214=CARTESIAN_POINT('',(-18.,-13.,21.));
#11215=VERTEX_POINT('',#11214);
#11216=CARTESIAN_POINT('',(-18.,-13.,21.));
#11217=DIRECTION('',(-0.70710678118655,0.,-0.70710678118655));
#11218=VECTOR('',#11217,4.2426406871193);
#11219=LINE('',#11216,#11218);
#11220=EDGE_CURVE('',#11215,#11207,#11219,.T.);
#11221=ORIENTED_EDGE('',*,*,#11220,.F.);
#11222=CARTESIAN_POINT('',(-18.,5.7824115865894E-16,21.));
#11223=DIRECTION('',(0.,-1.,0.));
#11224=VECTOR('',#11223,13.);
#11225=LINE('',#11222,#11224);
#11226=EDGE_CURVE('',#7079,#11215,#11225,.T.);
#11227=ORIENTED_EDGE('',*,*,#11226,.F.);
#11228=EDGE_LOOP('',(#11205,#11213,#11221,#11227));
#11229=FACE_OUTER_BOUND('',#11228,.T.);
#11230=ADVANCED_FACE('',(#11229),#11204,.T.);
#11231=CARTESIAN_POINT('',(-19.5,-28.5,19.5));
#11232=DIRECTION('',(-0.70710678118655,4.1869132231567E-16,-0.70710678118655));
#11233=DIRECTION('',(-0.70710678118655,0.,0.70710678118655));
#11234=AXIS2_PLACEMENT_3D('',#11231,#11233,#11232);
#11235=PLANE('',#11234);
#11236=ORIENTED_EDGE('',*,*,#10703,.T.);
#11237=CARTESIAN_POINT('',(-18.,-35.,21.));
#11238=VERTEX_POINT('',#11237);
#11239=CARTESIAN_POINT('',(-18.,-35.,21.));
#11240=DIRECTION('',(0.,-1.,0.));
#11241=VECTOR('',#11240,8.1);
#11242=LINE('',#11239,#11241);
#11243=EDGE_CURVE('',#11238,#10698,#11242,.T.);
#11244=ORIENTED_EDGE('',*,*,#11243,.F.);
#11245=CARTESIAN_POINT('',(-21.,-35.,18.));
#11246=VERTEX_POINT('',#11245);
#11247=CARTESIAN_POINT('',(-21.,-35.,18.));
#11248=DIRECTION('',(0.70710678118655,0.,0.70710678118655));
#11249=VECTOR('',#11248,4.2426406871193);
#11250=LINE('',#11247,#11249);
#11251=EDGE_CURVE('',#11246,#11238,#11250,.T.);
#11252=ORIENTED_EDGE('',*,*,#11251,.F.);
#11253=CARTESIAN_POINT('',(-21.,-35.,18.));
#11254=DIRECTION('',(0.,-1.,0.));
#11255=VECTOR('',#11254,8.0996666666666);
#11256=LINE('',#11253,#11255);
#11257=EDGE_CURVE('',#11246,#10690,#11256,.T.);
#11258=ORIENTED_EDGE('',*,*,#11257,.T.);
#11259=EDGE_LOOP('',(#11236,#11244,#11252,#11258));
#11260=FACE_OUTER_BOUND('',#11259,.T.);
#11261=ADVANCED_FACE('',(#11260),#11235,.T.);
#11262=CARTESIAN_POINT('',(21.,-28.5,2.8125649957171E-15));
#11263=DIRECTION('',(0.,9.8686491077792E-17,1.));
#11264=DIRECTION('',(1.,0.,-0.));
#11265=AXIS2_PLACEMENT_3D('',#11262,#11264,#11263);
#11266=PLANE('',#11265);
#11267=ORIENTED_EDGE('',*,*,#11040,.T.);
#11268=CARTESIAN_POINT('',(21.,-13.,13.928932188135));
#11269=VERTEX_POINT('',#11268);
#11270=CARTESIAN_POINT('',(21.,-13.,13.928932188135));
#11271=DIRECTION('',(-8.7267366769127E-16,8.7267366769127E-16,1.));
#11272=VECTOR('',#11271,4.0710678118655);
#11273=LINE('',#11270,#11272);
#11274=EDGE_CURVE('',#11269,#11029,#11273,.T.);
#11275=ORIENTED_EDGE('',*,*,#11274,.F.);
#11276=CARTESIAN_POINT('',(21.,-35.,13.928932188135));
#11277=VERTEX_POINT('',#11276);
#11278=CARTESIAN_POINT('',(21.,-35.,13.928932188135));
#11279=DIRECTION('',(-3.2297397080005E-16,1.,-4.8446095620007E-16));
#11280=VECTOR('',#11279,22.);
#11281=LINE('',#11278,#11280);
#11282=EDGE_CURVE('',#11277,#11269,#11281,.T.);
#11283=ORIENTED_EDGE('',*,*,#11282,.F.);
#11284=CARTESIAN_POINT('',(21.,-35.,13.928932188135));
#11285=DIRECTION('',(-8.7267366769127E-16,1.7453473353825E-15,1.));
#11286=VECTOR('',#11285,4.0710678118655);
#11287=LINE('',#11284,#11286);
#11288=EDGE_CURVE('',#11277,#11052,#11287,.T.);
#11289=ORIENTED_EDGE('',*,*,#11288,.T.);
#11290=ORIENTED_EDGE('',*,*,#11057,.T.);
#11291=ORIENTED_EDGE('',*,*,#10725,.T.);
#11292=ORIENTED_EDGE('',*,*,#11133,.T.);
#11293=CARTESIAN_POINT('',(21.,-35.,-13.928932188134));
#11294=VERTEX_POINT('',#11293);
#11295=CARTESIAN_POINT('',(21.,-35.,-18.));
#11296=DIRECTION('',(-8.7267366769126E-16,0.,1.));
#11297=VECTOR('',#11296,4.0710678118655);
#11298=LINE('',#11295,#11297);
#11299=EDGE_CURVE('',#11122,#11294,#11298,.T.);
#11300=ORIENTED_EDGE('',*,*,#11299,.T.);
#11301=CARTESIAN_POINT('',(21.,-13.,-13.928932188134));
#11302=VERTEX_POINT('',#11301);
#11303=CARTESIAN_POINT('',(21.,-35.,-13.928932188134));
#11304=DIRECTION('',(-3.2297397080005E-16,1.,-4.8446095620007E-16));
#11305=VECTOR('',#11304,22.);
#11306=LINE('',#11303,#11305);
#11307=EDGE_CURVE('',#11294,#11302,#11306,.T.);
#11308=ORIENTED_EDGE('',*,*,#11307,.T.);
#11309=CARTESIAN_POINT('',(21.,-13.,-18.));
#11310=DIRECTION('',(0.,0.,1.));
#11311=VECTOR('',#11310,4.0710678118655);
#11312=LINE('',#11309,#11311);
#11313=EDGE_CURVE('',#11083,#11302,#11312,.T.);
#11314=ORIENTED_EDGE('',*,*,#11313,.F.);
#11315=ORIENTED_EDGE('',*,*,#11088,.T.);
#11316=ORIENTED_EDGE('',*,*,#6491,.T.);
#11317=CARTESIAN_POINT('',(21.,-7.105427357601E-15,-12.));
#11318=DIRECTION('',(0.,-1.,0.));
#11319=VECTOR('',#11318,5.);
#11320=LINE('',#11317,#11319);
#11321=EDGE_CURVE('',#6477,#6436,#11320,.T.);
#11322=ORIENTED_EDGE('',*,*,#11321,.T.);
#11323=ORIENTED_EDGE('',*,*,#6441,.T.);
#11324=CARTESIAN_POINT('',(21.,-5.,12.));
#11325=DIRECTION('',(-7.105427357601E-16,1.,-7.105427357601E-16));
#11326=VECTOR('',#11325,5.);
#11327=LINE('',#11324,#11326);
#11328=EDGE_CURVE('',#6427,#7103,#11327,.T.);
#11329=ORIENTED_EDGE('',*,*,#11328,.T.);
#11330=ORIENTED_EDGE('',*,*,#7108,.T.);
#11331=EDGE_LOOP('',(#11267,#11275,#11283,#11289,#11290,#11291,#11292,#11300,#11308,#11314,#11315,#11316,#11322,#11323,#11329,#11330));
#11332=FACE_OUTER_BOUND('',#11331,.T.);
#11333=ADVANCED_FACE('',(#11332),#11266,.T.);
#11334=CARTESIAN_POINT('',(-21.,-28.5,1.4062824978585E-15));
#11335=DIRECTION('',(1.9737298215558E-16,-4.9343245538896E-17,-1.));
#11336=DIRECTION('',(-1.,-1.2301924447891E-32,-1.9737298215558E-16));
#11337=AXIS2_PLACEMENT_3D('',#11334,#11336,#11335);
#11338=PLANE('',#11337);
#11339=CARTESIAN_POINT('',(-21.,-5.,-12.));
#11340=DIRECTION('',(0.,1.,0.));
#11341=VECTOR('',#11340,5.);
#11342=LINE('',#11339,#11341);
#11343=EDGE_CURVE('',#6557,#6459,#11342,.T.);
#11344=ORIENTED_EDGE('',*,*,#11343,.T.);
#11345=ORIENTED_EDGE('',*,*,#6466,.T.);
#11346=ORIENTED_EDGE('',*,*,#11164,.T.);
#11347=CARTESIAN_POINT('',(-21.,-13.,-13.928932188135));
#11348=VERTEX_POINT('',#11347);
#11349=CARTESIAN_POINT('',(-21.,-13.,-13.928932188135));
#11350=DIRECTION('',(8.7267366769126E-16,-8.7267366769126E-16,-1.));
#11351=VECTOR('',#11350,4.0710678118655);
#11352=LINE('',#11349,#11351);
#11353=EDGE_CURVE('',#11348,#11153,#11352,.T.);
#11354=ORIENTED_EDGE('',*,*,#11353,.F.);
#11355=CARTESIAN_POINT('',(-21.,-35.,-13.928932188135));
#11356=VERTEX_POINT('',#11355);
#11357=CARTESIAN_POINT('',(-21.,-35.,-13.928932188135));
#11358=DIRECTION('',(-3.2297397080005E-16,1.,-4.8446095620007E-16));
#11359=VECTOR('',#11358,22.);
#11360=LINE('',#11357,#11359);
#11361=EDGE_CURVE('',#11356,#11348,#11360,.T.);
#11362=ORIENTED_EDGE('',*,*,#11361,.F.);
#11363=CARTESIAN_POINT('',(-21.,-35.,-13.928932188135));
#11364=DIRECTION('',(1.7453473353825E-15,0.,-1.));
#11365=VECTOR('',#11364,4.0710678118655);
#11366=LINE('',#11363,#11365);
#11367=EDGE_CURVE('',#11356,#11176,#11366,.T.);
#11368=ORIENTED_EDGE('',*,*,#11367,.T.);
#11369=ORIENTED_EDGE('',*,*,#11181,.T.);
#11370=ORIENTED_EDGE('',*,*,#10695,.T.);
#11371=ORIENTED_EDGE('',*,*,#11257,.F.);
#11372=CARTESIAN_POINT('',(-21.,-35.,13.928932188135));
#11373=VERTEX_POINT('',#11372);
#11374=CARTESIAN_POINT('',(-21.,-35.,18.));
#11375=DIRECTION('',(8.7267366769127E-16,0.,-1.));
#11376=VECTOR('',#11375,4.0710678118655);
#11377=LINE('',#11374,#11376);
#11378=EDGE_CURVE('',#11246,#11373,#11377,.T.);
#11379=ORIENTED_EDGE('',*,*,#11378,.T.);
#11380=CARTESIAN_POINT('',(-21.,-13.,13.928932188134));
#11381=VERTEX_POINT('',#11380);
#11382=CARTESIAN_POINT('',(-21.,-35.,13.928932188135));
#11383=DIRECTION('',(-3.2297397080005E-16,1.,-4.8446095620007E-16));
#11384=VECTOR('',#11383,22.);
#11385=LINE('',#11382,#11384);
#11386=EDGE_CURVE('',#11373,#11381,#11385,.T.);
#11387=ORIENTED_EDGE('',*,*,#11386,.T.);
#11388=CARTESIAN_POINT('',(-21.,-13.,18.));
#11389=DIRECTION('',(1.7453473353825E-15,0.,-1.));
#11390=VECTOR('',#11389,4.0710678118655);
#11391=LINE('',#11388,#11390);
#11392=EDGE_CURVE('',#11207,#11381,#11391,.T.);
#11393=ORIENTED_EDGE('',*,*,#11392,.F.);
#11394=ORIENTED_EDGE('',*,*,#11212,.F.);
#11395=ORIENTED_EDGE('',*,*,#7076,.T.);
#11396=CARTESIAN_POINT('',(-21.,-1.0658141036402E-14,12.));
#11397=DIRECTION('',(0.,-1.,0.));
#11398=VECTOR('',#11397,5.);
#11399=LINE('',#11396,#11398);
#11400=EDGE_CURVE('',#7071,#6566,#11399,.T.);
#11401=ORIENTED_EDGE('',*,*,#11400,.T.);
#11402=ORIENTED_EDGE('',*,*,#6571,.T.);
#11403=EDGE_LOOP('',(#11344,#11345,#11346,#11354,#11362,#11368,#11369,#11370,#11371,#11379,#11387,#11393,#11394,#11395,#11401,#11402));
#11404=FACE_OUTER_BOUND('',#11403,.T.);
#11405=ADVANCED_FACE('',(#11404),#11338,.T.);
#11406=CARTESIAN_POINT('',(-7.105427357601E-15,-28.5,-21.));
#11407=DIRECTION('',(1.,0.,0.));
#11408=DIRECTION('',(0.,0.,-1.));
#11409=AXIS2_PLACEMENT_3D('',#11406,#11408,#11407);
#11410=PLANE('',#11409);
#11411=ORIENTED_EDGE('',*,*,#11102,.T.);
#11412=CARTESIAN_POINT('',(13.928932188135,-13.,-21.));
#11413=VERTEX_POINT('',#11412);
#11414=CARTESIAN_POINT('',(13.928932188135,-13.,-21.));
#11415=DIRECTION('',(1.,8.7267366769127E-16,0.));
#11416=VECTOR('',#11415,4.0710678118655);
#11417=LINE('',#11414,#11416);
#11418=EDGE_CURVE('',#11413,#11091,#11417,.T.);
#11419=ORIENTED_EDGE('',*,*,#11418,.F.);
#11420=CARTESIAN_POINT('',(13.928932188135,-35.,-21.));
#11421=VERTEX_POINT('',#11420);
#11422=CARTESIAN_POINT('',(13.928932188135,-35.,-21.));
#11423=DIRECTION('',(-4.0371746350006E-16,1.,-4.8446095620007E-16));
#11424=VECTOR('',#11423,22.);
#11425=LINE('',#11422,#11424);
#11426=EDGE_CURVE('',#11421,#11413,#11425,.T.);
#11427=ORIENTED_EDGE('',*,*,#11426,.F.);
#11428=CARTESIAN_POINT('',(13.928932188135,-35.,-21.));
#11429=DIRECTION('',(1.,1.7453473353825E-15,8.7267366769127E-16));
#11430=VECTOR('',#11429,4.0710678118655);
#11431=LINE('',#11428,#11430);
#11432=EDGE_CURVE('',#11421,#11114,#11431,.T.);
#11433=ORIENTED_EDGE('',*,*,#11432,.T.);
#11434=ORIENTED_EDGE('',*,*,#11119,.T.);
#11435=ORIENTED_EDGE('',*,*,#10679,.T.);
#11436=ORIENTED_EDGE('',*,*,#11195,.F.);
#11437=CARTESIAN_POINT('',(-13.928932188134,-35.,-21.));
#11438=VERTEX_POINT('',#11437);
#11439=CARTESIAN_POINT('',(-18.,-35.,-21.));
#11440=DIRECTION('',(1.,0.,8.7267366769126E-16));
#11441=VECTOR('',#11440,4.0710678118655);
#11442=LINE('',#11439,#11441);
#11443=EDGE_CURVE('',#11184,#11438,#11442,.T.);
#11444=ORIENTED_EDGE('',*,*,#11443,.T.);
#11445=CARTESIAN_POINT('',(-13.928932188134,-13.,-21.));
#11446=VERTEX_POINT('',#11445);
#11447=CARTESIAN_POINT('',(-13.928932188134,-35.,-21.));
#11448=DIRECTION('',(-4.0371746350006E-16,1.,-4.8446095620007E-16));
#11449=VECTOR('',#11448,22.);
#11450=LINE('',#11447,#11449);
#11451=EDGE_CURVE('',#11438,#11446,#11450,.T.);
#11452=ORIENTED_EDGE('',*,*,#11451,.T.);
#11453=CARTESIAN_POINT('',(-18.,-13.,-21.));
#11454=DIRECTION('',(1.,8.7267366769126E-16,1.7453473353825E-15));
#11455=VECTOR('',#11454,4.0710678118655);
#11456=LINE('',#11453,#11455);
#11457=EDGE_CURVE('',#11145,#11446,#11456,.T.);
#11458=ORIENTED_EDGE('',*,*,#11457,.F.);
#11459=ORIENTED_EDGE('',*,*,#11150,.F.);
#11460=ORIENTED_EDGE('',*,*,#6507,.T.);
#11461=EDGE_LOOP('',(#11411,#11419,#11427,#11433,#11434,#11435,#11436,#11444,#11452,#11458,#11459,#11460));
#11462=FACE_OUTER_BOUND('',#11461,.T.);
#11463=ADVANCED_FACE('',(#11462),#11410,.T.);
#11464=CARTESIAN_POINT('',(-1.4062824978585E-15,-28.5,21.));
#11465=DIRECTION('',(-1.,4.9343245538896E-17,0.));
#11466=DIRECTION('',(0.,0.,1.));
#11467=AXIS2_PLACEMENT_3D('',#11464,#11466,#11465);
#11468=PLANE('',#11467);
#11469=ORIENTED_EDGE('',*,*,#7092,.T.);
#11470=ORIENTED_EDGE('',*,*,#11226,.T.);
#11471=CARTESIAN_POINT('',(-13.928932188135,-13.,21.));
#11472=VERTEX_POINT('',#11471);
#11473=CARTESIAN_POINT('',(-13.928932188135,-13.,21.));
#11474=DIRECTION('',(-1.,-8.7267366769127E-16,-8.7267366769127E-16));
#11475=VECTOR('',#11474,4.0710678118655);
#11476=LINE('',#11473,#11475);
#11477=EDGE_CURVE('',#11472,#11215,#11476,.T.);
#11478=ORIENTED_EDGE('',*,*,#11477,.F.);
#11479=CARTESIAN_POINT('',(-13.928932188135,-35.,21.));
#11480=VERTEX_POINT('',#11479);
#11481=CARTESIAN_POINT('',(-13.928932188135,-35.,21.));
#11482=DIRECTION('',(-4.0371746350006E-16,1.,-4.8446095620007E-16));
#11483=VECTOR('',#11482,22.);
#11484=LINE('',#11481,#11483);
#11485=EDGE_CURVE('',#11480,#11472,#11484,.T.);
#11486=ORIENTED_EDGE('',*,*,#11485,.F.);
#11487=CARTESIAN_POINT('',(-13.928932188135,-35.,21.));
#11488=DIRECTION('',(-1.,-1.7453473353825E-15,-8.7267366769127E-16));
#11489=VECTOR('',#11488,4.0710678118655);
#11490=LINE('',#11487,#11489);
#11491=EDGE_CURVE('',#11480,#11238,#11490,.T.);
#11492=ORIENTED_EDGE('',*,*,#11491,.T.);
#11493=ORIENTED_EDGE('',*,*,#11243,.T.);
#11494=ORIENTED_EDGE('',*,*,#10711,.T.);
#11495=ORIENTED_EDGE('',*,*,#11071,.F.);
#11496=CARTESIAN_POINT('',(13.928932188135,-35.,21.));
#11497=VERTEX_POINT('',#11496);
#11498=CARTESIAN_POINT('',(18.,-35.,21.));
#11499=DIRECTION('',(-1.,0.,-1.7453473353825E-15));
#11500=VECTOR('',#11499,4.0710678118655);
#11501=LINE('',#11498,#11500);
#11502=EDGE_CURVE('',#11060,#11497,#11501,.T.);
#11503=ORIENTED_EDGE('',*,*,#11502,.T.);
#11504=CARTESIAN_POINT('',(13.928932188134,-13.,21.));
#11505=VERTEX_POINT('',#11504);
#11506=CARTESIAN_POINT('',(13.928932188135,-35.,21.));
#11507=DIRECTION('',(-4.0371746350006E-16,1.,-4.8446095620007E-16));
#11508=VECTOR('',#11507,22.);
#11509=LINE('',#11506,#11508);
#11510=EDGE_CURVE('',#11497,#11505,#11509,.T.);
#11511=ORIENTED_EDGE('',*,*,#11510,.T.);
#11512=CARTESIAN_POINT('',(18.,-13.,21.));
#11513=DIRECTION('',(-1.,-8.7267366769126E-16,-8.7267366769126E-16));
#11514=VECTOR('',#11513,4.0710678118655);
#11515=LINE('',#11512,#11514);
#11516=EDGE_CURVE('',#11021,#11505,#11515,.T.);
#11517=ORIENTED_EDGE('',*,*,#11516,.F.);
#11518=ORIENTED_EDGE('',*,*,#11026,.F.);
#11519=EDGE_LOOP('',(#11469,#11470,#11478,#11486,#11492,#11493,#11494,#11495,#11503,#11511,#11517,#11518));
#11520=FACE_OUTER_BOUND('',#11519,.T.);
#11521=ADVANCED_FACE('',(#11520),#11468,.T.);
#11522=CARTESIAN_POINT('',(17.464466094067,-13.,17.464466094067));
#11523=DIRECTION('',(1.,0.,6.8513125469837E-16));
#11524=DIRECTION('',(0.,-1.,0.));
#11525=AXIS2_PLACEMENT_3D('',#11522,#11524,#11523);
#11526=PLANE('',#11525);
#11527=CARTESIAN_POINT('',(13.928932188134,-13.,21.));
#11528=DIRECTION('',(0.70710678118655,0.,-0.70710678118655));
#11529=VECTOR('',#11528,10.);
#11530=LINE('',#11527,#11529);
#11531=EDGE_CURVE('',#11505,#11269,#11530,.T.);
#11532=ORIENTED_EDGE('',*,*,#11531,.T.);
#11533=ORIENTED_EDGE('',*,*,#11274,.T.);
#11534=ORIENTED_EDGE('',*,*,#11034,.T.);
#11535=ORIENTED_EDGE('',*,*,#11516,.T.);
#11536=EDGE_LOOP('',(#11532,#11533,#11534,#11535));
#11537=FACE_OUTER_BOUND('',#11536,.T.);
#11538=ADVANCED_FACE('',(#11537),#11526,.T.);
#11539=CARTESIAN_POINT('',(17.464466094067,-24.,17.464466094067));
#11540=DIRECTION('',(0.70710678118655,0.,-0.70710678118655));
#11541=DIRECTION('',(0.70710678118655,6.2803698347351E-16,0.70710678118655));
#11542=AXIS2_PLACEMENT_3D('',#11539,#11541,#11540);
#11543=PLANE('',#11542);
#11544=CARTESIAN_POINT('',(13.928932188135,-35.,21.));
#11545=DIRECTION('',(0.70710678118655,0.,-0.70710678118655));
#11546=VECTOR('',#11545,10.);
#11547=LINE('',#11544,#11546);
#11548=EDGE_CURVE('',#11497,#11277,#11547,.T.);
#11549=ORIENTED_EDGE('',*,*,#11548,.T.);
#11550=ORIENTED_EDGE('',*,*,#11282,.T.);
#11551=ORIENTED_EDGE('',*,*,#11531,.F.);
#11552=ORIENTED_EDGE('',*,*,#11510,.F.);
#11553=EDGE_LOOP('',(#11549,#11550,#11551,#11552));
#11554=FACE_OUTER_BOUND('',#11553,.T.);
#11555=ADVANCED_FACE('',(#11554),#11543,.T.);
#11556=CARTESIAN_POINT('',(17.464466094067,-35.,17.464466094067));
#11557=DIRECTION('',(1.,0.,6.8513125469837E-16));
#11558=DIRECTION('',(0.,-1.,0.));
#11559=AXIS2_PLACEMENT_3D('',#11556,#11558,#11557);
#11560=PLANE('',#11559);
#11561=ORIENTED_EDGE('',*,*,#11548,.T.);
#11562=ORIENTED_EDGE('',*,*,#11288,.T.);
#11563=ORIENTED_EDGE('',*,*,#11065,.F.);
#11564=ORIENTED_EDGE('',*,*,#11502,.T.);
#11565=EDGE_LOOP('',(#11561,#11562,#11563,#11564));
#11566=FACE_OUTER_BOUND('',#11565,.F.);
#11567=ADVANCED_FACE('',(#11566),#11560,.F.);
#11568=CARTESIAN_POINT('',(17.464466094067,-35.,-17.464466094067));
#11569=DIRECTION('',(1.,9.1350833959783E-16,4.5675416979892E-16));
#11570=DIRECTION('',(9.1350833959783E-16,-1.,9.1350833959783E-16));
#11571=AXIS2_PLACEMENT_3D('',#11568,#11570,#11569);
#11572=PLANE('',#11571);
#11573=CARTESIAN_POINT('',(21.,-35.,-13.928932188134));
#11574=DIRECTION('',(-0.70710678118655,-7.105427357601E-16,-0.70710678118655));
#11575=VECTOR('',#11574,10.);
#11576=LINE('',#11573,#11575);
#11577=EDGE_CURVE('',#11294,#11421,#11576,.T.);
#11578=ORIENTED_EDGE('',*,*,#11577,.T.);
#11579=ORIENTED_EDGE('',*,*,#11432,.T.);
#11580=ORIENTED_EDGE('',*,*,#11127,.F.);
#11581=ORIENTED_EDGE('',*,*,#11299,.T.);
#11582=EDGE_LOOP('',(#11578,#11579,#11580,#11581));
#11583=FACE_OUTER_BOUND('',#11582,.F.);
#11584=ADVANCED_FACE('',(#11583),#11572,.F.);
#11585=CARTESIAN_POINT('',(17.464466094067,-24.,-17.464466094067));
#11586=DIRECTION('',(-0.70710678118655,-7.105427357601E-16,-0.70710678118655));
#11587=DIRECTION('',(0.70710678118655,-1.1418854244973E-16,-0.70710678118655));
#11588=AXIS2_PLACEMENT_3D('',#11585,#11587,#11586);
#11589=PLANE('',#11588);
#11590=ORIENTED_EDGE('',*,*,#11577,.T.);
#11591=ORIENTED_EDGE('',*,*,#11426,.T.);
#11592=CARTESIAN_POINT('',(21.,-13.,-13.928932188134));
#11593=DIRECTION('',(-0.70710678118655,-7.105427357601E-16,-0.70710678118655));
#11594=VECTOR('',#11593,10.);
#11595=LINE('',#11592,#11594);
#11596=EDGE_CURVE('',#11302,#11413,#11595,.T.);
#11597=ORIENTED_EDGE('',*,*,#11596,.F.);
#11598=ORIENTED_EDGE('',*,*,#11307,.F.);
#11599=EDGE_LOOP('',(#11590,#11591,#11597,#11598));
#11600=FACE_OUTER_BOUND('',#11599,.T.);
#11601=ADVANCED_FACE('',(#11600),#11589,.T.);
#11602=CARTESIAN_POINT('',(17.464466094067,-13.,-17.464466094067));
#11603=DIRECTION('',(1.,9.1350833959783E-16,4.5675416979892E-16));
#11604=DIRECTION('',(9.1350833959783E-16,-1.,9.1350833959783E-16));
#11605=AXIS2_PLACEMENT_3D('',#11602,#11604,#11603);
#11606=PLANE('',#11605);
#11607=ORIENTED_EDGE('',*,*,#11596,.T.);
#11608=ORIENTED_EDGE('',*,*,#11418,.T.);
#11609=ORIENTED_EDGE('',*,*,#11096,.T.);
#11610=ORIENTED_EDGE('',*,*,#11313,.T.);
#11611=EDGE_LOOP('',(#11607,#11608,#11609,#11610));
#11612=FACE_OUTER_BOUND('',#11611,.T.);
#11613=ADVANCED_FACE('',(#11612),#11606,.T.);
#11614=CARTESIAN_POINT('',(-17.464466094067,-13.,-17.464466094067));
#11615=DIRECTION('',(1.,9.1350833959783E-16,4.5675416979892E-16));
#11616=DIRECTION('',(9.1350833959783E-16,-1.,9.1350833959783E-16));
#11617=AXIS2_PLACEMENT_3D('',#11614,#11616,#11615);
#11618=PLANE('',#11617);
#11619=CARTESIAN_POINT('',(-13.928932188134,-13.,-21.));
#11620=DIRECTION('',(-0.70710678118655,0.,0.70710678118655));
#11621=VECTOR('',#11620,10.);
#11622=LINE('',#11619,#11621);
#11623=EDGE_CURVE('',#11446,#11348,#11622,.T.);
#11624=ORIENTED_EDGE('',*,*,#11623,.T.);
#11625=ORIENTED_EDGE('',*,*,#11353,.T.);
#11626=ORIENTED_EDGE('',*,*,#11158,.T.);
#11627=ORIENTED_EDGE('',*,*,#11457,.T.);
#11628=EDGE_LOOP('',(#11624,#11625,#11626,#11627));
#11629=FACE_OUTER_BOUND('',#11628,.T.);
#11630=ADVANCED_FACE('',(#11629),#11618,.T.);
#11631=CARTESIAN_POINT('',(-17.464466094067,-24.,-17.464466094067));
#11632=DIRECTION('',(-0.70710678118655,0.,0.70710678118655));
#11633=DIRECTION('',(-0.70710678118655,-6.2803698347351E-16,-0.70710678118655));
#11634=AXIS2_PLACEMENT_3D('',#11631,#11633,#11632);
#11635=PLANE('',#11634);
#11636=CARTESIAN_POINT('',(-13.928932188134,-35.,-21.));
#11637=DIRECTION('',(-0.70710678118655,0.,0.70710678118655));
#11638=VECTOR('',#11637,10.);
#11639=LINE('',#11636,#11638);
#11640=EDGE_CURVE('',#11438,#11356,#11639,.T.);
#11641=ORIENTED_EDGE('',*,*,#11640,.T.);
#11642=ORIENTED_EDGE('',*,*,#11361,.T.);
#11643=ORIENTED_EDGE('',*,*,#11623,.F.);
#11644=ORIENTED_EDGE('',*,*,#11451,.F.);
#11645=EDGE_LOOP('',(#11641,#11642,#11643,#11644));
#11646=FACE_OUTER_BOUND('',#11645,.T.);
#11647=ADVANCED_FACE('',(#11646),#11635,.T.);
#11648=CARTESIAN_POINT('',(-17.464466094067,-35.,-17.464466094067));
#11649=DIRECTION('',(1.,9.1350833959783E-16,4.5675416979892E-16));
#11650=DIRECTION('',(9.1350833959783E-16,-1.,9.1350833959783E-16));
#11651=AXIS2_PLACEMENT_3D('',#11648,#11650,#11649);
#11652=PLANE('',#11651);
#11653=ORIENTED_EDGE('',*,*,#11640,.T.);
#11654=ORIENTED_EDGE('',*,*,#11367,.T.);
#11655=ORIENTED_EDGE('',*,*,#11189,.F.);
#11656=ORIENTED_EDGE('',*,*,#11443,.T.);
#11657=EDGE_LOOP('',(#11653,#11654,#11655,#11656));
#11658=FACE_OUTER_BOUND('',#11657,.F.);
#11659=ADVANCED_FACE('',(#11658),#11652,.F.);
#11660=CARTESIAN_POINT('',(-17.464466094067,-35.,17.464466094067));
#11661=DIRECTION('',(1.,0.,6.8513125469837E-16));
#11662=DIRECTION('',(0.,-1.,0.));
#11663=AXIS2_PLACEMENT_3D('',#11660,#11662,#11661);
#11664=PLANE('',#11663);
#11665=CARTESIAN_POINT('',(-21.,-35.,13.928932188135));
#11666=DIRECTION('',(0.70710678118655,7.105427357601E-16,0.70710678118655));
#11667=VECTOR('',#11666,10.);
#11668=LINE('',#11665,#11667);
#11669=EDGE_CURVE('',#11373,#11480,#11668,.T.);
#11670=ORIENTED_EDGE('',*,*,#11669,.T.);
#11671=ORIENTED_EDGE('',*,*,#11491,.T.);
#11672=ORIENTED_EDGE('',*,*,#11251,.F.);
#11673=ORIENTED_EDGE('',*,*,#11378,.T.);
#11674=EDGE_LOOP('',(#11670,#11671,#11672,#11673));
#11675=FACE_OUTER_BOUND('',#11674,.F.);
#11676=ADVANCED_FACE('',(#11675),#11664,.F.);
#11677=CARTESIAN_POINT('',(-17.464466094067,-24.,17.464466094067));
#11678=DIRECTION('',(0.70710678118655,7.105427357601E-16,0.70710678118655));
#11679=DIRECTION('',(-0.70710678118655,1.1418854244973E-16,0.70710678118655));
#11680=AXIS2_PLACEMENT_3D('',#11677,#11679,#11678);
#11681=PLANE('',#11680);
#11682=ORIENTED_EDGE('',*,*,#11669,.T.);
#11683=ORIENTED_EDGE('',*,*,#11485,.T.);
#11684=CARTESIAN_POINT('',(-21.,-13.,13.928932188134));
#11685=DIRECTION('',(0.70710678118655,7.105427357601E-16,0.70710678118655));
#11686=VECTOR('',#11685,10.);
#11687=LINE('',#11684,#11686);
#11688=EDGE_CURVE('',#11381,#11472,#11687,.T.);
#11689=ORIENTED_EDGE('',*,*,#11688,.F.);
#11690=ORIENTED_EDGE('',*,*,#11386,.F.);
#11691=EDGE_LOOP('',(#11682,#11683,#11689,#11690));
#11692=FACE_OUTER_BOUND('',#11691,.T.);
#11693=ADVANCED_FACE('',(#11692),#11681,.T.);
#11694=CARTESIAN_POINT('',(-17.464466094067,-13.,17.464466094067));
#11695=DIRECTION('',(1.,0.,6.8513125469837E-16));
#11696=DIRECTION('',(0.,-1.,0.));
#11697=AXIS2_PLACEMENT_3D('',#11694,#11696,#11695);
#11698=PLANE('',#11697);
#11699=ORIENTED_EDGE('',*,*,#11688,.T.);
#11700=ORIENTED_EDGE('',*,*,#11477,.T.);
#11701=ORIENTED_EDGE('',*,*,#11220,.T.);
#11702=ORIENTED_EDGE('',*,*,#11392,.T.);
#11703=EDGE_LOOP('',(#11699,#11700,#11701,#11702));
#11704=FACE_OUTER_BOUND('',#11703,.T.);
#11705=ADVANCED_FACE('',(#11704),#11698,.T.);
#11706=CARTESIAN_POINT('',(23.,32.0625,-12.));
#11707=DIRECTION('',(-1.,3.5527136788005E-15,8.8817841970012E-16));
#11708=DIRECTION('',(0.,-1.,0.));
#11709=AXIS2_PLACEMENT_3D('',#11706,#11708,#11707);
#11710=CYLINDRICAL_SURFACE('',#11709,2.);
#11711=ORIENTED_EDGE('',*,*,#11321,.F.);
#11712=ORIENTED_EDGE('',*,*,#6483,.T.);
#11713=ORIENTED_EDGE('',*,*,#6211,.T.);
#11714=ORIENTED_EDGE('',*,*,#6448,.T.);
#11715=EDGE_LOOP('',(#11711,#11712,#11713,#11714));
#11716=FACE_OUTER_BOUND('',#11715,.T.);
#11717=ADVANCED_FACE('',(#11716),#11710,.F.);
#11718=CARTESIAN_POINT('',(23.,-47.75,12.));
#11719=DIRECTION('',(-1.,0.,0.));
#11720=DIRECTION('',(0.,1.,0.));
#11721=AXIS2_PLACEMENT_3D('',#11718,#11720,#11719);
#11722=CYLINDRICAL_SURFACE('',#11721,2.);
#11723=ORIENTED_EDGE('',*,*,#6933,.T.);
#11724=ORIENTED_EDGE('',*,*,#7115,.F.);
#11725=ORIENTED_EDGE('',*,*,#11328,.F.);
#11726=ORIENTED_EDGE('',*,*,#6433,.F.);
#11727=EDGE_LOOP('',(#11723,#11724,#11725,#11726));
#11728=FACE_OUTER_BOUND('',#11727,.T.);
#11729=ADVANCED_FACE('',(#11728),#11722,.F.);
#11730=CARTESIAN_POINT('',(-23.,-47.75,-12.));
#11731=DIRECTION('',(1.,0.,3.5527136788004E-15));
#11732=DIRECTION('',(0.,1.,0.));
#11733=AXIS2_PLACEMENT_3D('',#11730,#11732,#11731);
#11734=CYLINDRICAL_SURFACE('',#11733,2.);
#11735=ORIENTED_EDGE('',*,*,#6227,.T.);
#11736=ORIENTED_EDGE('',*,*,#6473,.F.);
#11737=ORIENTED_EDGE('',*,*,#11343,.F.);
#11738=ORIENTED_EDGE('',*,*,#6563,.F.);
#11739=EDGE_LOOP('',(#11735,#11736,#11737,#11738));
#11740=FACE_OUTER_BOUND('',#11739,.T.);
#11741=ADVANCED_FACE('',(#11740),#11734,.F.);
#11742=CARTESIAN_POINT('',(-23.,32.0625,12.));
#11743=DIRECTION('',(1.,3.5527136788005E-15,0.));
#11744=DIRECTION('',(0.,-1.,0.));
#11745=AXIS2_PLACEMENT_3D('',#11742,#11744,#11743);
#11746=CYLINDRICAL_SURFACE('',#11745,2.);
#11747=ORIENTED_EDGE('',*,*,#11400,.F.);
#11748=ORIENTED_EDGE('',*,*,#7123,.T.);
#11749=ORIENTED_EDGE('',*,*,#7012,.T.);
#11750=ORIENTED_EDGE('',*,*,#6578,.T.);
#11751=EDGE_LOOP('',(#11747,#11748,#11749,#11750));
#11752=FACE_OUTER_BOUND('',#11751,.T.);
#11753=ADVANCED_FACE('',(#11752),#11746,.F.);
#11754=CLOSED_SHELL('',(#6129,#6145,#6163,#6313,#6345,#6370,#6394,#6452,#6517,#6582,#6606,#6631,#6656,#6681,#6705,#6723,#6755,#6773,#6805,#6830,#6897,#6921,#7062,#7127,#7151,#7218,#7243,#7268,#7293,#7381,#7399,#7409,#7474,#7498,#7531,#7562,#7602,#7626,#7750,#7767,#7792,#7815,#7832,#7857,#7882,#7900,#7932,#7950,#7982,#8000,#8025,#8056,#8080,#8120,#8137,#8186,#8258,#8275,#8300,#8355,#8372,#8389,#8406,#8418,#8440,#8452,#8464,#8481,#8521,#8533,#8550,#8590,#8607,#8624,#8636,#8668,#8686,#8698,#8708,#8718,#8730,#8752,#8764,#8780,#8805,#8830,#8855,#8880,#8922,#8955,#8988,#9021,#9052,#9123,#9145,#9187,#9219,#9269,#9293,#9343,#9367,#9417,#9441,#9552,#9584,#9602,#9634,#9652,#9662,#9672,#9704,#9722,#9754,#9772,#9804,#9822,#9854,#9872,#9905,#9938,#9971,#10004,#10017,#10030,#10043,#10056,#10253,#10285,#10300,#10332,#10347,#10379,#10394,#10426,#10441,#10472,#10503,#10534,#10565,#10590,#10615,#10636,#10657,#10795,#10826,#10850,#10874,#10898,#10922,#10946,#10970,#10987,#11013,#11044,#11075,#11106,#11137,#11168,#11199,#11230,#11261,#11333,#11405,#11463,#11521,#11538,#11555,#11567,#11584,#11601,#11613,#11630,#11647,#11659,#11676,#11693,#11705,#11717,#11729,#11741,#11753));
#11755=COLOUR_RGB('',0.372549,0.372549,0.372549);
#11756=FILL_AREA_STYLE_COLOUR('',#11755);
#11757=FILL_AREA_STYLE('',(#11756));
#11758=SURFACE_STYLE_FILL_AREA(#11757);
#11759=SURFACE_SIDE_STYLE('',(#11758));
#11760=SURFACE_STYLE_USAGE(.BOTH.,#11759);
#11761=PRESENTATION_STYLE_ASSIGNMENT((#11760));
#11762=OVER_RIDING_STYLED_ITEM('',(#11761),#6129,#11754);
#11763=OVER_RIDING_STYLED_ITEM('',(#11761),#6145,#11754);
#11764=OVER_RIDING_STYLED_ITEM('',(#11761),#6163,#11754);
#11765=OVER_RIDING_STYLED_ITEM('',(#11761),#6313,#11754);
#11766=OVER_RIDING_STYLED_ITEM('',(#11761),#6345,#11754);
#11767=OVER_RIDING_STYLED_ITEM('',(#11761),#6370,#11754);
#11768=OVER_RIDING_STYLED_ITEM('',(#11761),#6394,#11754);
#11769=OVER_RIDING_STYLED_ITEM('',(#11761),#6452,#11754);
#11770=OVER_RIDING_STYLED_ITEM('',(#11761),#6517,#11754);
#11771=OVER_RIDING_STYLED_ITEM('',(#11761),#6582,#11754);
#11772=OVER_RIDING_STYLED_ITEM('',(#11761),#6606,#11754);
#11773=OVER_RIDING_STYLED_ITEM('',(#11761),#6631,#11754);
#11774=OVER_RIDING_STYLED_ITEM('',(#11761),#6656,#11754);
#11775=OVER_RIDING_STYLED_ITEM('',(#11761),#6681,#11754);
#11776=OVER_RIDING_STYLED_ITEM('',(#11761),#6705,#11754);
#11777=OVER_RIDING_STYLED_ITEM('',(#11761),#6723,#11754);
#11778=OVER_RIDING_STYLED_ITEM('',(#11761),#6755,#11754);
#11779=OVER_RIDING_STYLED_ITEM('',(#11761),#6773,#11754);
#11780=OVER_RIDING_STYLED_ITEM('',(#11761),#6805,#11754);
#11781=OVER_RIDING_STYLED_ITEM('',(#11761),#6830,#11754);
#11782=OVER_RIDING_STYLED_ITEM('',(#11761),#6897,#11754);
#11783=OVER_RIDING_STYLED_ITEM('',(#11761),#6921,#11754);
#11784=OVER_RIDING_STYLED_ITEM('',(#11761),#7062,#11754);
#11785=OVER_RIDING_STYLED_ITEM('',(#11761),#7127,#11754);
#11786=OVER_RIDING_STYLED_ITEM('',(#11761),#7151,#11754);
#11787=OVER_RIDING_STYLED_ITEM('',(#11761),#7218,#11754);
#11788=OVER_RIDING_STYLED_ITEM('',(#11761),#7243,#11754);
#11789=OVER_RIDING_STYLED_ITEM('',(#11761),#7268,#11754);
#11790=OVER_RIDING_STYLED_ITEM('',(#11761),#7293,#11754);
#11791=OVER_RIDING_STYLED_ITEM('',(#11761),#7381,#11754);
#11792=OVER_RIDING_STYLED_ITEM('',(#11761),#7399,#11754);
#11793=OVER_RIDING_STYLED_ITEM('',(#11761),#7409,#11754);
#11794=OVER_RIDING_STYLED_ITEM('',(#11761),#7474,#11754);
#11795=OVER_RIDING_STYLED_ITEM('',(#11761),#7498,#11754);
#11796=OVER_RIDING_STYLED_ITEM('',(#11761),#7531,#11754);
#11797=OVER_RIDING_STYLED_ITEM('',(#11761),#7562,#11754);
#11798=OVER_RIDING_STYLED_ITEM('',(#11761),#7602,#11754);
#11799=OVER_RIDING_STYLED_ITEM('',(#11761),#7626,#11754);
#11800=OVER_RIDING_STYLED_ITEM('',(#11761),#7750,#11754);
#11801=OVER_RIDING_STYLED_ITEM('',(#11761),#7767,#11754);
#11802=OVER_RIDING_STYLED_ITEM('',(#11761),#7792,#11754);
#11803=OVER_RIDING_STYLED_ITEM('',(#11761),#7815,#11754);
#11804=OVER_RIDING_STYLED_ITEM('',(#11761),#7832,#11754);
#11805=OVER_RIDING_STYLED_ITEM('',(#11761),#7857,#11754);
#11806=OVER_RIDING_STYLED_ITEM('',(#11761),#7882,#11754);
#11807=OVER_RIDING_STYLED_ITEM('',(#11761),#7900,#11754);
#11808=OVER_RIDING_STYLED_ITEM('',(#11761),#7932,#11754);
#11809=OVER_RIDING_STYLED_ITEM('',(#11761),#7950,#11754);
#11810=OVER_RIDING_STYLED_ITEM('',(#11761),#7982,#11754);
#11811=OVER_RIDING_STYLED_ITEM('',(#11761),#8000,#11754);
#11812=OVER_RIDING_STYLED_ITEM('',(#11761),#8025,#11754);
#11813=OVER_RIDING_STYLED_ITEM('',(#11761),#8056,#11754);
#11814=OVER_RIDING_STYLED_ITEM('',(#11761),#8080,#11754);
#11815=OVER_RIDING_STYLED_ITEM('',(#11761),#8120,#11754);
#11816=OVER_RIDING_STYLED_ITEM('',(#11761),#8137,#11754);
#11817=OVER_RIDING_STYLED_ITEM('',(#11761),#8186,#11754);
#11818=OVER_RIDING_STYLED_ITEM('',(#11761),#8258,#11754);
#11819=OVER_RIDING_STYLED_ITEM('',(#11761),#8275,#11754);
#11820=OVER_RIDING_STYLED_ITEM('',(#11761),#8300,#11754);
#11821=OVER_RIDING_STYLED_ITEM('',(#11761),#8355,#11754);
#11822=OVER_RIDING_STYLED_ITEM('',(#11761),#8372,#11754);
#11823=OVER_RIDING_STYLED_ITEM('',(#11761),#8389,#11754);
#11824=OVER_RIDING_STYLED_ITEM('',(#11761),#8406,#11754);
#11825=OVER_RIDING_STYLED_ITEM('',(#11761),#8418,#11754);
#11826=OVER_RIDING_STYLED_ITEM('',(#11761),#8440,#11754);
#11827=OVER_RIDING_STYLED_ITEM('',(#11761),#8452,#11754);
#11828=OVER_RIDING_STYLED_ITEM('',(#11761),#8464,#11754);
#11829=OVER_RIDING_STYLED_ITEM('',(#11761),#8481,#11754);
#11830=OVER_RIDING_STYLED_ITEM('',(#11761),#8521,#11754);
#11831=OVER_RIDING_STYLED_ITEM('',(#11761),#8533,#11754);
#11832=OVER_RIDING_STYLED_ITEM('',(#11761),#8550,#11754);
#11833=OVER_RIDING_STYLED_ITEM('',(#11761),#8590,#11754);
#11834=OVER_RIDING_STYLED_ITEM('',(#11761),#8607,#11754);
#11835=OVER_RIDING_STYLED_ITEM('',(#11761),#8624,#11754);
#11836=OVER_RIDING_STYLED_ITEM('',(#11761),#8636,#11754);
#11837=OVER_RIDING_STYLED_ITEM('',(#11761),#8668,#11754);
#11838=OVER_RIDING_STYLED_ITEM('',(#11761),#8686,#11754);
#11839=OVER_RIDING_STYLED_ITEM('',(#11761),#8698,#11754);
#11840=OVER_RIDING_STYLED_ITEM('',(#11761),#8708,#11754);
#11841=OVER_RIDING_STYLED_ITEM('',(#11761),#8718,#11754);
#11842=OVER_RIDING_STYLED_ITEM('',(#11761),#8730,#11754);
#11843=OVER_RIDING_STYLED_ITEM('',(#11761),#8752,#11754);
#11844=OVER_RIDING_STYLED_ITEM('',(#11761),#8764,#11754);
#11845=OVER_RIDING_STYLED_ITEM('',(#11761),#8780,#11754);
#11846=OVER_RIDING_STYLED_ITEM('',(#11761),#8805,#11754);
#11847=OVER_RIDING_STYLED_ITEM('',(#11761),#8830,#11754);
#11848=OVER_RIDING_STYLED_ITEM('',(#11761),#8855,#11754);
#11849=OVER_RIDING_STYLED_ITEM('',(#11761),#8880,#11754);
#11850=OVER_RIDING_STYLED_ITEM('',(#11761),#8922,#11754);
#11851=OVER_RIDING_STYLED_ITEM('',(#11761),#8955,#11754);
#11852=OVER_RIDING_STYLED_ITEM('',(#11761),#8988,#11754);
#11853=OVER_RIDING_STYLED_ITEM('',(#11761),#9021,#11754);
#11854=OVER_RIDING_STYLED_ITEM('',(#11761),#9052,#11754);
#11855=OVER_RIDING_STYLED_ITEM('',(#11761),#9123,#11754);
#11856=OVER_RIDING_STYLED_ITEM('',(#11761),#9145,#11754);
#11857=OVER_RIDING_STYLED_ITEM('',(#11761),#9187,#11754);
#11858=OVER_RIDING_STYLED_ITEM('',(#11761),#9219,#11754);
#11859=OVER_RIDING_STYLED_ITEM('',(#11761),#9269,#11754);
#11860=OVER_RIDING_STYLED_ITEM('',(#11761),#9293,#11754);
#11861=OVER_RIDING_STYLED_ITEM('',(#11761),#9343,#11754);
#11862=OVER_RIDING_STYLED_ITEM('',(#11761),#9367,#11754);
#11863=OVER_RIDING_STYLED_ITEM('',(#11761),#9417,#11754);
#11864=OVER_RIDING_STYLED_ITEM('',(#11761),#9441,#11754);
#11865=OVER_RIDING_STYLED_ITEM('',(#11761),#9552,#11754);
#11866=OVER_RIDING_STYLED_ITEM('',(#11761),#9584,#11754);
#11867=OVER_RIDING_STYLED_ITEM('',(#11761),#9602,#11754);
#11868=OVER_RIDING_STYLED_ITEM('',(#11761),#9634,#11754);
#11869=OVER_RIDING_STYLED_ITEM('',(#11761),#9652,#11754);
#11870=OVER_RIDING_STYLED_ITEM('',(#11761),#9662,#11754);
#11871=OVER_RIDING_STYLED_ITEM('',(#11761),#9672,#11754);
#11872=OVER_RIDING_STYLED_ITEM('',(#11761),#9704,#11754);
#11873=OVER_RIDING_STYLED_ITEM('',(#11761),#9722,#11754);
#11874=OVER_RIDING_STYLED_ITEM('',(#11761),#9754,#11754);
#11875=OVER_RIDING_STYLED_ITEM('',(#11761),#9772,#11754);
#11876=OVER_RIDING_STYLED_ITEM('',(#11761),#9804,#11754);
#11877=OVER_RIDING_STYLED_ITEM('',(#11761),#9822,#11754);
#11878=OVER_RIDING_STYLED_ITEM('',(#11761),#9854,#11754);
#11879=OVER_RIDING_STYLED_ITEM('',(#11761),#9872,#11754);
#11880=OVER_RIDING_STYLED_ITEM('',(#11761),#9905,#11754);
#11881=OVER_RIDING_STYLED_ITEM('',(#11761),#9938,#11754);
#11882=OVER_RIDING_STYLED_ITEM('',(#11761),#9971,#11754);
#11883=OVER_RIDING_STYLED_ITEM('',(#11761),#10004,#11754);
#11884=OVER_RIDING_STYLED_ITEM('',(#11761),#10017,#11754);
#11885=OVER_RIDING_STYLED_ITEM('',(#11761),#10030,#11754);
#11886=OVER_RIDING_STYLED_ITEM('',(#11761),#10043,#11754);
#11887=OVER_RIDING_STYLED_ITEM('',(#11761),#10056,#11754);
#11888=OVER_RIDING_STYLED_ITEM('',(#11761),#10253,#11754);
#11889=OVER_RIDING_STYLED_ITEM('',(#11761),#10285,#11754);
#11890=OVER_RIDING_STYLED_ITEM('',(#11761),#10300,#11754);
#11891=OVER_RIDING_STYLED_ITEM('',(#11761),#10332,#11754);
#11892=OVER_RIDING_STYLED_ITEM('',(#11761),#10347,#11754);
#11893=OVER_RIDING_STYLED_ITEM('',(#11761),#10379,#11754);
#11894=OVER_RIDING_STYLED_ITEM('',(#11761),#10394,#11754);
#11895=OVER_RIDING_STYLED_ITEM('',(#11761),#10426,#11754);
#11896=OVER_RIDING_STYLED_ITEM('',(#11761),#10441,#11754);
#11897=OVER_RIDING_STYLED_ITEM('',(#11761),#10472,#11754);
#11898=OVER_RIDING_STYLED_ITEM('',(#11761),#10503,#11754);
#11899=OVER_RIDING_STYLED_ITEM('',(#11761),#10534,#11754);
#11900=OVER_RIDING_STYLED_ITEM('',(#11761),#10565,#11754);
#11901=OVER_RIDING_STYLED_ITEM('',(#11761),#10590,#11754);
#11902=OVER_RIDING_STYLED_ITEM('',(#11761),#10615,#11754);
#11903=OVER_RIDING_STYLED_ITEM('',(#11761),#10636,#11754);
#11904=OVER_RIDING_STYLED_ITEM('',(#11761),#10657,#11754);
#11905=OVER_RIDING_STYLED_ITEM('',(#11761),#10795,#11754);
#11906=OVER_RIDING_STYLED_ITEM('',(#11761),#10826,#11754);
#11907=OVER_RIDING_STYLED_ITEM('',(#11761),#10850,#11754);
#11908=OVER_RIDING_STYLED_ITEM('',(#11761),#10874,#11754);
#11909=OVER_RIDING_STYLED_ITEM('',(#11761),#10898,#11754);
#11910=OVER_RIDING_STYLED_ITEM('',(#11761),#10922,#11754);
#11911=OVER_RIDING_STYLED_ITEM('',(#11761),#10946,#11754);
#11912=OVER_RIDING_STYLED_ITEM('',(#11761),#10970,#11754);
#11913=OVER_RIDING_STYLED_ITEM('',(#11761),#10987,#11754);
#11914=OVER_RIDING_STYLED_ITEM('',(#11761),#11013,#11754);
#11915=OVER_RIDING_STYLED_ITEM('',(#11761),#11044,#11754);
#11916=OVER_RIDING_STYLED_ITEM('',(#11761),#11075,#11754);
#11917=OVER_RIDING_STYLED_ITEM('',(#11761),#11106,#11754);
#11918=OVER_RIDING_STYLED_ITEM('',(#11761),#11137,#11754);
#11919=OVER_RIDING_STYLED_ITEM('',(#11761),#11168,#11754);
#11920=OVER_RIDING_STYLED_ITEM('',(#11761),#11199,#11754);
#11921=OVER_RIDING_STYLED_ITEM('',(#11761),#11230,#11754);
#11922=OVER_RIDING_STYLED_ITEM('',(#11761),#11261,#11754);
#11923=OVER_RIDING_STYLED_ITEM('',(#11761),#11333,#11754);
#11924=OVER_RIDING_STYLED_ITEM('',(#11761),#11405,#11754);
#11925=OVER_RIDING_STYLED_ITEM('',(#11761),#11463,#11754);
#11926=OVER_RIDING_STYLED_ITEM('',(#11761),#11521,#11754);
#11927=OVER_RIDING_STYLED_ITEM('',(#11761),#11538,#11754);
#11928=OVER_RIDING_STYLED_ITEM('',(#11761),#11555,#11754);
#11929=OVER_RIDING_STYLED_ITEM('',(#11761),#11567,#11754);
#11930=OVER_RIDING_STYLED_ITEM('',(#11761),#11584,#11754);
#11931=OVER_RIDING_STYLED_ITEM('',(#11761),#11601,#11754);
#11932=OVER_RIDING_STYLED_ITEM('',(#11761),#11613,#11754);
#11933=OVER_RIDING_STYLED_ITEM('',(#11761),#11630,#11754);
#11934=OVER_RIDING_STYLED_ITEM('',(#11761),#11647,#11754);
#11935=OVER_RIDING_STYLED_ITEM('',(#11761),#11659,#11754);
#11936=OVER_RIDING_STYLED_ITEM('',(#11761),#11676,#11754);
#11937=OVER_RIDING_STYLED_ITEM('',(#11761),#11693,#11754);
#11938=OVER_RIDING_STYLED_ITEM('',(#11761),#11705,#11754);
#11939=OVER_RIDING_STYLED_ITEM('',(#11761),#11717,#11754);
#11940=OVER_RIDING_STYLED_ITEM('',(#11761),#11729,#11754);
#11941=OVER_RIDING_STYLED_ITEM('',(#11761),#11741,#11754);
#11942=OVER_RIDING_STYLED_ITEM('',(#11761),#11753,#11754);
#11943=MANIFOLD_SOLID_BREP('S2',#11754);
#11944=ADVANCED_BREP_SHAPE_REPRESENTATION('',(#11943),#5);
#11945=SHAPE_REPRESENTATION_RELATIONSHIP('NONE', 'NONE', #6086, #11944);
#11946=PRESENTATION_LAYER_ASSIGNMENT('图层000','',(#11943));
#11947=CARTESIAN_POINT('',(0.,0.,0.));
#11948=DIRECTION('',(0.,0.,1.));
#11949=DIRECTION('',(1.,0.,0.));
#11950=AXIS2_PLACEMENT_3D('',#11947,#11948,#11949);
#11951=CARTESIAN_POINT('',(66.540970636842,68.464582481888,65.410596283348));
#11952=DIRECTION('',(0.,0.,1.));
#11953=DIRECTION('',(1.,0.,0.));
#11954=AXIS2_PLACEMENT_3D('',#11951,#11952,#11953);
#11955 = ITEM_DEFINED_TRANSFORMATION('', '', #11950, #11954);
#11956 = (REPRESENTATION_RELATIONSHIP('','',#6086,#28)REPRESENTATION_RELATIONSHIP_WITH_TRANSFORMATION(#11955)SHAPE_REPRESENTATION_RELATIONSHIP());
#11957 = NEXT_ASSEMBLY_USAGE_OCCURRENCE('', '', '', #26, #6084,$ );
#11958 = PRODUCT_DEFINITION_SHAPE('', '', #11957);
#11959 = CONTEXT_DEPENDENT_SHAPE_REPRESENTATION(#11956,#11958);
#11960=CARTESIAN_POINT('',(0.,0.,0.));
#11961=DIRECTION('',(0.,0.,1.));
#11962=DIRECTION('',(1.,0.,0.));
#11963=AXIS2_PLACEMENT_3D('',#11960,#11961,#11962);
#11964=APPLICATION_CONTEXT('part');
#11965=MECHANICAL_CONTEXT('none',#11964,'component');
#11966=PRODUCT('FA-竖直平移部分','FA-竖直平移部分','',(#11965));
#11967=PRODUCT_RELATED_PRODUCT_CATEGORY('detail','',(#11966));
#11968=PRODUCT_DEFINITION_FORMATION_WITH_SPECIFIED_SOURCE('ANY','UNSPECIFIED',#11966,.NOT_KNOWN.);
#11969=APPLICATION_CONTEXT('part');
#11970=APPLICATION_PROTOCOL_DEFINITION('international standard','config_control_design',1994,#11969);
#11971=DESIGN_CONTEXT('detailed',#11969,'design');
#11972=PRODUCT_DEFINITION('','UNSPECIFIED',#11968,#11971);
#11973=PRODUCT_DEFINITION_SHAPE('NONE','NONE',#11972);
#11974=SHAPE_REPRESENTATION('FA-竖直平移部分',(#11963),#5);
#11975=SHAPE_DEFINITION_REPRESENTATION(#11973,#11974);
#11976=CARTESIAN_POINT('',(-46.,-5.,3.));
#11977=DIRECTION('',(1.,2.6645352591004E-14,0.));
#11978=DIRECTION('',(0.,0.,-1.));
#11979=AXIS2_PLACEMENT_3D('',#11976,#11978,#11977);
#11980=CYLINDRICAL_SURFACE('',#11979,1.5);
#11981=CARTESIAN_POINT('',(-47.5,-5.,3.));
#11982=VERTEX_POINT('',#11981);
#11983=CARTESIAN_POINT('',(-44.5,-5.,3.));
#11984=VERTEX_POINT('',#11983);
#11985=CARTESIAN_POINT('',(-46.,-5.,3.));
#11986=DIRECTION('',(-1.,-5.9211894646675E-16,0.));
#11987=DIRECTION('',(2.6803154833089E-16,2.6803154833089E-16,1.));
#11988=AXIS2_PLACEMENT_3D('',#11985,#11987,#11986);
#11989=CIRCLE('',#11988,1.5);
#11990=EDGE_CURVE('',#11982,#11984,#11989,.T.);
#11991=ORIENTED_EDGE('',*,*,#11990,.T.);
#11992=CARTESIAN_POINT('',(-44.5,-5.,-3.));
#11993=VERTEX_POINT('',#11992);
#11994=CARTESIAN_POINT('',(-44.5,-5.,3.));
#11995=DIRECTION('',(0.,0.,-1.));
#11996=VECTOR('',#11995,6.);
#11997=LINE('',#11994,#11996);
#11998=EDGE_CURVE('',#11984,#11993,#11997,.T.);
#11999=ORIENTED_EDGE('',*,*,#11998,.T.);
#12000=CARTESIAN_POINT('',(-47.5,-5.,-3.));
#12001=VERTEX_POINT('',#12000);
#12002=CARTESIAN_POINT('',(-46.,-5.,-3.));
#12003=DIRECTION('',(1.,-5.9211894646675E-16,0.));
#12004=DIRECTION('',(8.9343849443631E-17,-8.9343849443631E-17,-1.));
#12005=AXIS2_PLACEMENT_3D('',#12002,#12004,#12003);
#12006=CIRCLE('',#12005,1.5);
#12007=EDGE_CURVE('',#11993,#12001,#12006,.T.);
#12008=ORIENTED_EDGE('',*,*,#12007,.T.);
#12009=CARTESIAN_POINT('',(-47.5,-5.,-3.));
#12010=DIRECTION('',(0.,0.,1.));
#12011=VECTOR('',#12010,6.);
#12012=LINE('',#12009,#12011);
#12013=EDGE_CURVE('',#12001,#11982,#12012,.T.);
#12014=ORIENTED_EDGE('',*,*,#12013,.T.);
#12015=EDGE_LOOP('',(#11991,#11999,#12008,#12014));
#12016=FACE_OUTER_BOUND('',#12015,.T.);
#12017=ADVANCED_FACE('',(#12016),#11980,.F.);
#12018=CARTESIAN_POINT('',(-37.172963471938,-3.2440312838036,3.));
#12019=DIRECTION('',(-0.99999999999999,-1.4750172583345E-07,0.));
#12020=DIRECTION('',(0.,-1.4802973661669E-16,-1.));
#12021=AXIS2_PLACEMENT_3D('',#12018,#12020,#12019);
#12022=CYLINDRICAL_SURFACE('',#12021,3.9999999999998);
#12023=CARTESIAN_POINT('',(-40.001390596684,-0.4156041590574,3.));
#12024=VERTEX_POINT('',#12023);
#12025=CARTESIAN_POINT('',(-41.172963471938,-3.2440312838036,3.));
#12026=VERTEX_POINT('',#12025);
#12027=CARTESIAN_POINT('',(-37.172963471938,-3.2440312838036,3.));
#12028=DIRECTION('',(-0.70710678118652,0.70710678118657,2.2204460492504E-16));
#12029=DIRECTION('',(2.94762472388E-16,-1.2209461374174E-16,1.));
#12030=AXIS2_PLACEMENT_3D('',#12027,#12029,#12028);
#12031=CIRCLE('',#12030,3.9999999999999);
#12032=EDGE_CURVE('',#12024,#12026,#12031,.T.);
#12033=ORIENTED_EDGE('',*,*,#12032,.T.);
#12034=CARTESIAN_POINT('',(-41.172963471938,-3.2440312838036,-3.));
#12035=VERTEX_POINT('',#12034);
#12036=CARTESIAN_POINT('',(-41.172963471938,-3.2440312838036,3.));
#12037=DIRECTION('',(0.,0.,-1.));
#12038=VECTOR('',#12037,6.);
#12039=LINE('',#12036,#12038);
#12040=EDGE_CURVE('',#12026,#12035,#12039,.T.);
#12041=ORIENTED_EDGE('',*,*,#12040,.T.);
#12042=CARTESIAN_POINT('',(-40.001390596684,-0.4156041590574,-3.));
#12043=VERTEX_POINT('',#12042);
#12044=CARTESIAN_POINT('',(-37.172963471938,-3.2440312838036,-3.));
#12045=DIRECTION('',(-1.,-1.3322676295502E-15,-1.1102230246252E-16));
#12046=DIRECTION('',(2.1054462313428E-16,-8.7210438386956E-17,-1.));
#12047=AXIS2_PLACEMENT_3D('',#12044,#12046,#12045);
#12048=CIRCLE('',#12047,4.);
#12049=EDGE_CURVE('',#12035,#12043,#12048,.T.);
#12050=ORIENTED_EDGE('',*,*,#12049,.T.);
#12051=CARTESIAN_POINT('',(-40.001390596684,-0.4156041590574,-3.));
#12052=DIRECTION('',(0.,0.,1.));
#12053=VECTOR('',#12052,6.);
#12054=LINE('',#12051,#12053);
#12055=EDGE_CURVE('',#12043,#12024,#12054,.T.);
#12056=ORIENTED_EDGE('',*,*,#12055,.T.);
#12057=EDGE_LOOP('',(#12033,#12041,#12050,#12056));
#12058=FACE_OUTER_BOUND('',#12057,.T.);
#12059=ADVANCED_FACE('',(#12058),#12022,.F.);
#12060=CARTESIAN_POINT('',(-45.999999999993,-4.9999999999997,3.));
#12061=DIRECTION('',(1.,9.0355207760369E-10,0.));
#12062=DIRECTION('',(0.,0.,-1.));
#12063=AXIS2_PLACEMENT_3D('',#12060,#12062,#12061);
#12064=CYLINDRICAL_SURFACE('',#12063,4.9999999999928);
#12065=CARTESIAN_POINT('',(-41.096090817743,-4.0244618243353,3.));
#12066=VERTEX_POINT('',#12065);
#12067=CARTESIAN_POINT('',(-41.,-5.,3.));
#12068=VERTEX_POINT('',#12067);
#12069=CARTESIAN_POINT('',(-46.000000000002,-5.0000000000002,3.));
#12070=DIRECTION('',(0.98078183645133,0.19510763513289,-2.3980817331893E-15));
#12071=DIRECTION('',(-2.2941118510141E-15,-2.2597074031317E-16,-1.));
#12072=AXIS2_PLACEMENT_3D('',#12069,#12071,#12070);
#12073=CIRCLE('',#12072,5.0000000000021);
#12074=EDGE_CURVE('',#12066,#12068,#12073,.T.);
#12075=ORIENTED_EDGE('',*,*,#12074,.T.);
#12076=CARTESIAN_POINT('',(-41.,-5.,-3.));
#12077=VERTEX_POINT('',#12076);
#12078=CARTESIAN_POINT('',(-41.,-5.,3.));
#12079=DIRECTION('',(0.,0.,-1.));
#12080=VECTOR('',#12079,6.);
#12081=LINE('',#12078,#12080);
#12082=EDGE_CURVE('',#12068,#12077,#12081,.T.);
#12083=ORIENTED_EDGE('',*,*,#12082,.T.);
#12084=CARTESIAN_POINT('',(-41.096090817743,-4.0244618243353,-3.));
#12085=VERTEX_POINT('',#12084);
#12086=CARTESIAN_POINT('',(-46.000000000001,-5.0000000000001,-3.));
#12087=DIRECTION('',(1.,1.456612608308E-14,0.));
#12088=DIRECTION('',(7.1690995344181E-17,7.0615856347856E-18,1.));
#12089=AXIS2_PLACEMENT_3D('',#12086,#12088,#12087);
#12090=CIRCLE('',#12089,5.0000000000007);
#12091=EDGE_CURVE('',#12077,#12085,#12090,.T.);
#12092=ORIENTED_EDGE('',*,*,#12091,.T.);
#12093=CARTESIAN_POINT('',(-41.096090817743,-4.0244618243353,-3.));
#12094=DIRECTION('',(0.,0.,1.));
#12095=VECTOR('',#12094,6.);
#12096=LINE('',#12093,#12095);
#12097=EDGE_CURVE('',#12085,#12066,#12096,.T.);
#12098=ORIENTED_EDGE('',*,*,#12097,.T.);
#12099=EDGE_LOOP('',(#12075,#12083,#12092,#12098));
#12100=FACE_OUTER_BOUND('',#12099,.T.);
#12101=ADVANCED_FACE('',(#12100),#12064,.T.);
#12102=CARTESIAN_POINT('',(-46.,-5.,3.));
#12103=DIRECTION('',(-1.,-4.7961634663807E-15,-1.0658141036401E-15));
#12104=DIRECTION('',(1.1842378929335E-15,7.4014868308344E-16,-1.));
#12105=AXIS2_PLACEMENT_3D('',#12102,#12104,#12103);
#12106=CYLINDRICAL_SURFACE('',#12105,5.);
#12107=ORIENTED_EDGE('',*,*,#12082,.F.);
#12108=CARTESIAN_POINT('',(-51.,-5.,3.));
#12109=VERTEX_POINT('',#12108);
#12110=CARTESIAN_POINT('',(-46.,-5.,3.));
#12111=DIRECTION('',(1.,0.,0.));
#12112=DIRECTION('',(5.3606309666179E-17,-5.3606309666179E-17,-1.));
#12113=AXIS2_PLACEMENT_3D('',#12110,#12112,#12111);
#12114=CIRCLE('',#12113,5.);
#12115=EDGE_CURVE('',#12068,#12109,#12114,.T.);
#12116=ORIENTED_EDGE('',*,*,#12115,.T.);
#12117=CARTESIAN_POINT('',(-51.,-5.,-3.));
#12118=VERTEX_POINT('',#12117);
#12119=CARTESIAN_POINT('',(-51.,-5.,3.));
#12120=DIRECTION('',(0.,0.,-1.));
#12121=VECTOR('',#12120,6.);
#12122=LINE('',#12119,#12121);
#12123=EDGE_CURVE('',#12109,#12118,#12122,.T.);
#12124=ORIENTED_EDGE('',*,*,#12123,.T.);
#12125=CARTESIAN_POINT('',(-46.,-5.,-3.));
#12126=DIRECTION('',(-1.,0.,0.));
#12127=DIRECTION('',(-5.3606309666179E-17,-5.3606309666179E-17,1.));
#12128=AXIS2_PLACEMENT_3D('',#12125,#12127,#12126);
#12129=CIRCLE('',#12128,5.);
#12130=EDGE_CURVE('',#12118,#12077,#12129,.T.);
#12131=ORIENTED_EDGE('',*,*,#12130,.T.);
#12132=EDGE_LOOP('',(#12107,#12116,#12124,#12131));
#12133=FACE_OUTER_BOUND('',#12132,.T.);
#12134=ADVANCED_FACE('',(#12133),#12106,.T.);
#12135=CARTESIAN_POINT('',(46.,-5.,3.));
#12136=DIRECTION('',(1.,4.736951571734E-15,-2.9605947323337E-16));
#12137=DIRECTION('',(0.,0.,-1.));
#12138=AXIS2_PLACEMENT_3D('',#12135,#12137,#12136);
#12139=CYLINDRICAL_SURFACE('',#12138,1.5);
#12140=CARTESIAN_POINT('',(44.5,-5.,3.));
#12141=VERTEX_POINT('',#12140);
#12142=CARTESIAN_POINT('',(47.5,-5.,3.));
#12143=VERTEX_POINT('',#12142);
#12144=CARTESIAN_POINT('',(46.,-5.,3.));
#12145=DIRECTION('',(-1.,2.368475785867E-15,0.));
#12146=DIRECTION('',(2.6803154833089E-16,2.6803154833089E-16,1.));
#12147=AXIS2_PLACEMENT_3D('',#12144,#12146,#12145);
#12148=CIRCLE('',#12147,1.5);
#12149=EDGE_CURVE('',#12141,#12143,#12148,.T.);
#12150=ORIENTED_EDGE('',*,*,#12149,.T.);
#12151=CARTESIAN_POINT('',(47.5,-5.,-3.));
#12152=VERTEX_POINT('',#12151);
#12153=CARTESIAN_POINT('',(47.5,-5.,3.));
#12154=DIRECTION('',(0.,0.,-1.));
#12155=VECTOR('',#12154,6.);
#12156=LINE('',#12153,#12155);
#12157=EDGE_CURVE('',#12143,#12152,#12156,.T.);
#12158=ORIENTED_EDGE('',*,*,#12157,.T.);
#12159=CARTESIAN_POINT('',(44.5,-5.,-3.));
#12160=VERTEX_POINT('',#12159);
#12161=CARTESIAN_POINT('',(46.,-5.,-3.));
#12162=DIRECTION('',(1.,2.368475785867E-15,0.));
#12163=DIRECTION('',(8.9343849443631E-17,-8.9343849443631E-17,-1.));
#12164=AXIS2_PLACEMENT_3D('',#12161,#12163,#12162);
#12165=CIRCLE('',#12164,1.5);
#12166=EDGE_CURVE('',#12152,#12160,#12165,.T.);
#12167=ORIENTED_EDGE('',*,*,#12166,.T.);
#12168=CARTESIAN_POINT('',(44.5,-5.,-3.));
#12169=DIRECTION('',(0.,0.,1.));
#12170=VECTOR('',#12169,6.);
#12171=LINE('',#12168,#12170);
#12172=EDGE_CURVE('',#12160,#12141,#12171,.T.);
#12173=ORIENTED_EDGE('',*,*,#12172,.T.);
#12174=EDGE_LOOP('',(#12150,#12158,#12167,#12173));
#12175=FACE_OUTER_BOUND('',#12174,.T.);
#12176=ADVANCED_FACE('',(#12175),#12139,.F.);
#12177=CARTESIAN_POINT('',(46.,-5.,3.));
#12178=DIRECTION('',(0.99999999999999,-1.4750172852019E-07,0.));
#12179=DIRECTION('',(0.,-2.9605947323338E-16,-1.));
#12180=AXIS2_PLACEMENT_3D('',#12177,#12179,#12178);
#12181=CYLINDRICAL_SURFACE('',#12180,4.9999999999999);
#12182=CARTESIAN_POINT('',(49.535533905933,-1.4644660940672,3.));
#12183=VERTEX_POINT('',#12182);
#12184=CARTESIAN_POINT('',(51.,-5.,3.));
#12185=VERTEX_POINT('',#12184);
#12186=CARTESIAN_POINT('',(46.,-5.,3.));
#12187=DIRECTION('',(0.70710678118657,0.70710678118653,-1.7763568394002E-16));
#12188=DIRECTION('',(-2.6949711761191E-16,-1.1162936113531E-16,-1.));
#12189=AXIS2_PLACEMENT_3D('',#12186,#12188,#12187);
#12190=CIRCLE('',#12189,5.0000000000002);
#12191=EDGE_CURVE('',#12183,#12185,#12190,.T.);
#12192=ORIENTED_EDGE('',*,*,#12191,.T.);
#12193=CARTESIAN_POINT('',(51.,-5.,-3.));
#12194=VERTEX_POINT('',#12193);
#12195=CARTESIAN_POINT('',(51.,-5.,3.));
#12196=DIRECTION('',(0.,0.,-1.));
#12197=VECTOR('',#12196,6.);
#12198=LINE('',#12195,#12197);
#12199=EDGE_CURVE('',#12185,#12194,#12198,.T.);
#12200=ORIENTED_EDGE('',*,*,#12199,.T.);
#12201=CARTESIAN_POINT('',(49.535533905933,-1.4644660940672,-3.));
#12202=VERTEX_POINT('',#12201);
#12203=CARTESIAN_POINT('',(46.,-5.,-3.));
#12204=DIRECTION('',(1.,2.1316282072803E-15,0.));
#12205=DIRECTION('',(0.,0.,1.));
#12206=AXIS2_PLACEMENT_3D('',#12203,#12205,#12204);
#12207=CIRCLE('',#12206,5.);
#12208=EDGE_CURVE('',#12194,#12202,#12207,.T.);
#12209=ORIENTED_EDGE('',*,*,#12208,.T.);
#12210=CARTESIAN_POINT('',(49.535533905933,-1.4644660940672,-3.));
#12211=DIRECTION('',(0.,0.,1.));
#12212=VECTOR('',#12211,6.);
#12213=LINE('',#12210,#12212);
#12214=EDGE_CURVE('',#12202,#12183,#12213,.T.);
#12215=ORIENTED_EDGE('',*,*,#12214,.T.);
#12216=EDGE_LOOP('',(#12192,#12200,#12209,#12215));
#12217=FACE_OUTER_BOUND('',#12216,.T.);
#12218=ADVANCED_FACE('',(#12217),#12181,.T.);
#12219=CARTESIAN_POINT('',(46.,-5.,3.));
#12220=DIRECTION('',(-1.,3.3750779948605E-15,-3.5527136788005E-16));
#12221=DIRECTION('',(0.,5.9211894646675E-16,-1.));
#12222=AXIS2_PLACEMENT_3D('',#12219,#12221,#12220);
#12223=CYLINDRICAL_SURFACE('',#12222,5.);
#12224=ORIENTED_EDGE('',*,*,#12199,.F.);
#12225=CARTESIAN_POINT('',(41.,-5.,3.));
#12226=VERTEX_POINT('',#12225);
#12227=CARTESIAN_POINT('',(46.,-5.,3.));
#12228=DIRECTION('',(1.,0.,0.));
#12229=DIRECTION('',(5.3606309666179E-17,-5.3606309666179E-17,-1.));
#12230=AXIS2_PLACEMENT_3D('',#12227,#12229,#12228);
#12231=CIRCLE('',#12230,5.);
#12232=EDGE_CURVE('',#12185,#12226,#12231,.T.);
#12233=ORIENTED_EDGE('',*,*,#12232,.T.);
#12234=CARTESIAN_POINT('',(41.,-5.,-3.));
#12235=VERTEX_POINT('',#12234);
#12236=CARTESIAN_POINT('',(41.,-5.,3.));
#12237=DIRECTION('',(0.,0.,-1.));
#12238=VECTOR('',#12237,6.);
#12239=LINE('',#12236,#12238);
#12240=EDGE_CURVE('',#12226,#12235,#12239,.T.);
#12241=ORIENTED_EDGE('',*,*,#12240,.T.);
#12242=CARTESIAN_POINT('',(46.,-5.,-3.));
#12243=DIRECTION('',(-1.,0.,0.));
#12244=DIRECTION('',(-5.3606309666179E-17,-5.3606309666179E-17,1.));
#12245=AXIS2_PLACEMENT_3D('',#12242,#12244,#12243);
#12246=CIRCLE('',#12245,5.);
#12247=EDGE_CURVE('',#12235,#12194,#12246,.T.);
#12248=ORIENTED_EDGE('',*,*,#12247,.T.);
#12249=EDGE_LOOP('',(#12224,#12233,#12241,#12248));
#12250=FACE_OUTER_BOUND('',#12249,.T.);
#12251=ADVANCED_FACE('',(#12250),#12223,.T.);
#12252=CARTESIAN_POINT('',(-1.7763568394003E-15,9.,4.4408920985006E-16));
#12253=DIRECTION('',(-7.4966388580532E-09,-8.8817841970013E-16,1.));
#12254=DIRECTION('',(0.,-1.,-4.9343245538896E-17));
#12255=AXIS2_PLACEMENT_3D('',#12252,#12254,#12253);
#12256=CYLINDRICAL_SURFACE('',#12255,4.);
#12257=CARTESIAN_POINT('',(0.,9.,-4.));
#12258=VERTEX_POINT('',#12257);
#12259=CARTESIAN_POINT('',(4.8985871965894E-16,9.,4.));
#12260=VERTEX_POINT('',#12259);
#12261=CARTESIAN_POINT('',(-8.8817841970013E-16,9.,0.));
#12262=DIRECTION('',(2.2204460492503E-16,4.4408920985006E-16,-1.));
#12263=DIRECTION('',(2.6803154833089E-16,1.,2.6803154833089E-16));
#12264=AXIS2_PLACEMENT_3D('',#12261,#12263,#12262);
#12265=CIRCLE('',#12264,4.);
#12266=EDGE_CURVE('',#12258,#12260,#12265,.T.);
#12267=ORIENTED_EDGE('',*,*,#12266,.T.);
#12268=CARTESIAN_POINT('',(4.8985871965894E-16,0.,4.));
#12269=VERTEX_POINT('',#12268);
#12270=CARTESIAN_POINT('',(4.8985871965894E-16,9.,4.));
#12271=DIRECTION('',(0.,-1.,0.));
#12272=VECTOR('',#12271,9.);
#12273=LINE('',#12270,#12272);
#12274=EDGE_CURVE('',#12260,#12269,#12273,.T.);
#12275=ORIENTED_EDGE('',*,*,#12274,.T.);
#12276=CARTESIAN_POINT('',(0.,0.,-4.));
#12277=VERTEX_POINT('',#12276);
#12278=CARTESIAN_POINT('',(4.4408920985006E-16,0.,-4.4408920985006E-16));
#12279=DIRECTION('',(1.1442377452219E-17,0.,1.));
#12280=DIRECTION('',(0.,-1.,-0.));
#12281=AXIS2_PLACEMENT_3D('',#12278,#12280,#12279);
#12282=CIRCLE('',#12281,4.);
#12283=EDGE_CURVE('',#12269,#12277,#12282,.T.);
#12284=ORIENTED_EDGE('',*,*,#12283,.T.);
#12285=CARTESIAN_POINT('',(0.,0.,-4.));
#12286=DIRECTION('',(0.,1.,0.));
#12287=VECTOR('',#12286,9.);
#12288=LINE('',#12285,#12287);
#12289=EDGE_CURVE('',#12277,#12258,#12288,.T.);
#12290=ORIENTED_EDGE('',*,*,#12289,.T.);
#12291=EDGE_LOOP('',(#12267,#12275,#12284,#12290));
#12292=FACE_OUTER_BOUND('',#12291,.T.);
#12293=ADVANCED_FACE('',(#12292),#12256,.F.);
#12294=CARTESIAN_POINT('',(-1.5543122344752E-15,9.,-2.9309887850104E-14));
#12295=DIRECTION('',(6.0711362973381E-09,-7.6129578831439E-16,-1.));
#12296=DIRECTION('',(2.8551661148704E-16,-1.,3.9474596431117E-16));
#12297=AXIS2_PLACEMENT_3D('',#12294,#12296,#12295);
#12298=CYLINDRICAL_SURFACE('',#12297,7.);
#12299=CARTESIAN_POINT('',(-6.3245553203368,9.,-3.));
#12300=VERTEX_POINT('',#12299);
#12301=CARTESIAN_POINT('',(0.,9.,-7.));
#12302=VERTEX_POINT('',#12301);
#12303=CARTESIAN_POINT('',(8.8817841970013E-16,9.,0.));
#12304=DIRECTION('',(-0.90350790290525,0.,-0.42857142857143));
#12305=DIRECTION('',(-5.4749340354513E-17,-1.,-8.6566307956016E-17));
#12306=AXIS2_PLACEMENT_3D('',#12303,#12305,#12304);
#12307=CIRCLE('',#12306,7.);
#12308=EDGE_CURVE('',#12300,#12302,#12307,.T.);
#12309=ORIENTED_EDGE('',*,*,#12308,.T.);
#12310=CARTESIAN_POINT('',(0.,0.,-7.));
#12311=VERTEX_POINT('',#12310);
#12312=CARTESIAN_POINT('',(0.,9.,-7.));
#12313=DIRECTION('',(0.,-1.,0.));
#12314=VECTOR('',#12313,9.);
#12315=LINE('',#12312,#12314);
#12316=EDGE_CURVE('',#12302,#12311,#12315,.T.);
#12317=ORIENTED_EDGE('',*,*,#12316,.T.);
#12318=CARTESIAN_POINT('',(-6.3245553203368,0.,-3.));
#12319=VERTEX_POINT('',#12318);
#12320=CARTESIAN_POINT('',(4.4408920985006E-15,0.,3.5527136788005E-15));
#12321=DIRECTION('',(-6.3441315692866E-16,0.,-1.));
#12322=DIRECTION('',(0.,1.,-0.));
#12323=AXIS2_PLACEMENT_3D('',#12320,#12322,#12321);
#12324=CIRCLE('',#12323,7.);
#12325=EDGE_CURVE('',#12311,#12319,#12324,.T.);
#12326=ORIENTED_EDGE('',*,*,#12325,.T.);
#12327=CARTESIAN_POINT('',(-6.3245553203368,0.,-3.));
#12328=DIRECTION('',(0.,1.,0.));
#12329=VECTOR('',#12328,9.);
#12330=LINE('',#12327,#12329);
#12331=EDGE_CURVE('',#12319,#12300,#12330,.T.);
#12332=ORIENTED_EDGE('',*,*,#12331,.T.);
#12333=EDGE_LOOP('',(#12309,#12317,#12326,#12332));
#12334=FACE_OUTER_BOUND('',#12333,.T.);
#12335=ADVANCED_FACE('',(#12334),#12298,.T.);
#12336=CARTESIAN_POINT('',(-26.5,9.,3.));
#12337=DIRECTION('',(0.,0.,-1.));
#12338=DIRECTION('',(-1.,-0.,-0.));
#12339=AXIS2_PLACEMENT_3D('',#12336,#12338,#12337);
#12340=PLANE('',#12339);
#12341=CARTESIAN_POINT('',(-26.5,1.,3.));
#12342=VERTEX_POINT('',#12341);
#12343=CARTESIAN_POINT('',(-26.5,3.,3.));
#12344=VERTEX_POINT('',#12343);
#12345=CARTESIAN_POINT('',(-26.5,1.,3.));
#12346=DIRECTION('',(0.,1.,0.));
#12347=VECTOR('',#12346,2.);
#12348=LINE('',#12345,#12347);
#12349=EDGE_CURVE('',#12342,#12344,#12348,.T.);
#12350=ORIENTED_EDGE('',*,*,#12349,.T.);
#12351=CARTESIAN_POINT('',(-26.5,3.,-3.));
#12352=VERTEX_POINT('',#12351);
#12353=CARTESIAN_POINT('',(-26.5,3.,3.));
#12354=DIRECTION('',(0.,0.,-1.));
#12355=VECTOR('',#12354,6.);
#12356=LINE('',#12353,#12355);
#12357=EDGE_CURVE('',#12344,#12352,#12356,.T.);
#12358=ORIENTED_EDGE('',*,*,#12357,.T.);
#12359=CARTESIAN_POINT('',(-26.5,1.,-3.));
#12360=VERTEX_POINT('',#12359);
#12361=CARTESIAN_POINT('',(-26.5,3.,-3.));
#12362=DIRECTION('',(0.,-1.,0.));
#12363=VECTOR('',#12362,2.);
#12364=LINE('',#12361,#12363);
#12365=EDGE_CURVE('',#12352,#12360,#12364,.T.);
#12366=ORIENTED_EDGE('',*,*,#12365,.T.);
#12367=CARTESIAN_POINT('',(-26.5,1.,-3.));
#12368=DIRECTION('',(0.,0.,1.));
#12369=VECTOR('',#12368,6.);
#12370=LINE('',#12367,#12369);
#12371=EDGE_CURVE('',#12360,#12342,#12370,.T.);
#12372=ORIENTED_EDGE('',*,*,#12371,.T.);
#12373=EDGE_LOOP('',(#12350,#12358,#12366,#12372));
#12374=FACE_OUTER_BOUND('',#12373,.T.);
#12375=ADVANCED_FACE('',(#12374),#12340,.T.);
#12376=CARTESIAN_POINT('',(26.5,9.,3.));
#12377=DIRECTION('',(0.,0.,1.));
#12378=DIRECTION('',(1.,0.,-0.));
#12379=AXIS2_PLACEMENT_3D('',#12376,#12378,#12377);
#12380=PLANE('',#12379);
#12381=CARTESIAN_POINT('',(26.5,1.,-3.));
#12382=VERTEX_POINT('',#12381);
#12383=CARTESIAN_POINT('',(26.5,3.,-3.));
#12384=VERTEX_POINT('',#12383);
#12385=CARTESIAN_POINT('',(26.5,1.,-3.));
#12386=DIRECTION('',(0.,1.,0.));
#12387=VECTOR('',#12386,2.);
#12388=LINE('',#12385,#12387);
#12389=EDGE_CURVE('',#12382,#12384,#12388,.T.);
#12390=ORIENTED_EDGE('',*,*,#12389,.T.);
#12391=CARTESIAN_POINT('',(26.5,3.,3.));
#12392=VERTEX_POINT('',#12391);
#12393=CARTESIAN_POINT('',(26.5,3.,-3.));
#12394=DIRECTION('',(0.,0.,1.));
#12395=VECTOR('',#12394,6.);
#12396=LINE('',#12393,#12395);
#12397=EDGE_CURVE('',#12384,#12392,#12396,.T.);
#12398=ORIENTED_EDGE('',*,*,#12397,.T.);
#12399=CARTESIAN_POINT('',(26.5,1.,3.));
#12400=VERTEX_POINT('',#12399);
#12401=CARTESIAN_POINT('',(26.5,3.,3.));
#12402=DIRECTION('',(0.,-1.,0.));
#12403=VECTOR('',#12402,2.);
#12404=LINE('',#12401,#12403);
#12405=EDGE_CURVE('',#12392,#12400,#12404,.T.);
#12406=ORIENTED_EDGE('',*,*,#12405,.T.);
#12407=CARTESIAN_POINT('',(26.5,1.,3.));
#12408=DIRECTION('',(0.,0.,-1.));
#12409=VECTOR('',#12408,6.);
#12410=LINE('',#12407,#12409);
#12411=EDGE_CURVE('',#12400,#12382,#12410,.T.);
#12412=ORIENTED_EDGE('',*,*,#12411,.T.);
#12413=EDGE_LOOP('',(#12390,#12398,#12406,#12412));
#12414=FACE_OUTER_BOUND('',#12413,.T.);
#12415=ADVANCED_FACE('',(#12414),#12380,.T.);
#12416=CARTESIAN_POINT('',(0.,9.,0.));
#12417=DIRECTION('',(0.,0.,1.));
#12418=DIRECTION('',(0.,1.,0.));
#12419=AXIS2_PLACEMENT_3D('',#12416,#12418,#12417);
#12420=PLANE('',#12419);
#12421=CARTESIAN_POINT('',(-21.5,9.,-3.));
#12422=VERTEX_POINT('',#12421);
#12423=CARTESIAN_POINT('',(-6.3245553203368,9.,-3.));
#12424=DIRECTION('',(-1.,0.,0.));
#12425=VECTOR('',#12424,15.175444679663);
#12426=LINE('',#12423,#12425);
#12427=EDGE_CURVE('',#12300,#12422,#12426,.T.);
#12428=ORIENTED_EDGE('',*,*,#12427,.T.);
#12429=CARTESIAN_POINT('',(-21.5,9.,3.));
#12430=VERTEX_POINT('',#12429);
#12431=CARTESIAN_POINT('',(-21.5,9.,-3.));
#12432=DIRECTION('',(0.,0.,1.));
#12433=VECTOR('',#12432,6.);
#12434=LINE('',#12431,#12433);
#12435=EDGE_CURVE('',#12422,#12430,#12434,.T.);
#12436=ORIENTED_EDGE('',*,*,#12435,.T.);
#12437=CARTESIAN_POINT('',(-6.3245553203368,9.,3.));
#12438=VERTEX_POINT('',#12437);
#12439=CARTESIAN_POINT('',(-21.5,9.,3.));
#12440=DIRECTION('',(1.,0.,0.));
#12441=VECTOR('',#12440,15.175444679663);
#12442=LINE('',#12439,#12441);
#12443=EDGE_CURVE('',#12430,#12438,#12442,.T.);
#12444=ORIENTED_EDGE('',*,*,#12443,.T.);
#12445=CARTESIAN_POINT('',(6.3245553203368,9.,3.));
#12446=VERTEX_POINT('',#12445);
#12447=CARTESIAN_POINT('',(-1.3322676295502E-15,9.,3.5527136788005E-15));
#12448=DIRECTION('',(-0.90350790290525,-2.5376526277146E-16,0.42857142857143));
#12449=DIRECTION('',(-1.0949868070903E-16,1.,1.7313261591203E-16));
#12450=AXIS2_PLACEMENT_3D('',#12447,#12449,#12448);
#12451=CIRCLE('',#12450,7.);
#12452=EDGE_CURVE('',#12438,#12446,#12451,.T.);
#12453=ORIENTED_EDGE('',*,*,#12452,.T.);
#12454=CARTESIAN_POINT('',(21.5,9.,3.));
#12455=VERTEX_POINT('',#12454);
#12456=CARTESIAN_POINT('',(6.3245553203368,9.,3.));
#12457=DIRECTION('',(1.,0.,0.));
#12458=VECTOR('',#12457,15.175444679663);
#12459=LINE('',#12456,#12458);
#12460=EDGE_CURVE('',#12446,#12455,#12459,.T.);
#12461=ORIENTED_EDGE('',*,*,#12460,.T.);
#12462=CARTESIAN_POINT('',(21.5,9.,-3.));
#12463=VERTEX_POINT('',#12462);
#12464=CARTESIAN_POINT('',(21.5,9.,3.));
#12465=DIRECTION('',(0.,0.,-1.));
#12466=VECTOR('',#12465,6.);
#12467=LINE('',#12464,#12466);
#12468=EDGE_CURVE('',#12455,#12463,#12467,.T.);
#12469=ORIENTED_EDGE('',*,*,#12468,.T.);
#12470=CARTESIAN_POINT('',(6.3245553203368,9.,-3.));
#12471=VERTEX_POINT('',#12470);
#12472=CARTESIAN_POINT('',(21.5,9.,-3.));
#12473=DIRECTION('',(-1.,0.,0.));
#12474=VECTOR('',#12473,15.175444679663);
#12475=LINE('',#12472,#12474);
#12476=EDGE_CURVE('',#12463,#12471,#12475,.T.);
#12477=ORIENTED_EDGE('',*,*,#12476,.T.);
#12478=CARTESIAN_POINT('',(1.3322676295502E-15,9.,-2.6645352591004E-15));
#12479=DIRECTION('',(0.90350790290525,0.,-0.42857142857143));
#12480=DIRECTION('',(0.,1.,0.));
#12481=AXIS2_PLACEMENT_3D('',#12478,#12480,#12479);
#12482=CIRCLE('',#12481,7.);
#12483=EDGE_CURVE('',#12471,#12302,#12482,.T.);
#12484=ORIENTED_EDGE('',*,*,#12483,.T.);
#12485=ORIENTED_EDGE('',*,*,#12308,.F.);
#12486=EDGE_LOOP('',(#12428,#12436,#12444,#12453,#12461,#12469,#12477,#12484,#12485));
#12487=FACE_OUTER_BOUND('',#12486,.T.);
#12488=ORIENTED_EDGE('',*,*,#12266,.F.);
#12489=CARTESIAN_POINT('',(8.8817841970013E-16,9.,0.));
#12490=DIRECTION('',(-2.2204460492503E-16,4.4408920985006E-16,-1.));
#12491=DIRECTION('',(2.6803154833089E-16,-1.,-2.6803154833089E-16));
#12492=AXIS2_PLACEMENT_3D('',#12489,#12491,#12490);
#12493=CIRCLE('',#12492,4.);
#12494=EDGE_CURVE('',#12258,#12260,#12493,.T.);
#12495=ORIENTED_EDGE('',*,*,#12494,.T.);
#12496=EDGE_LOOP('',(#12488,#12495));
#12497=FACE_BOUND('',#12496,.T.);
#12498=ADVANCED_FACE('',(#12487,#12497),#12420,.T.);
#12499=CARTESIAN_POINT('',(7.105427357601E-15,0.,0.));
#12500=DIRECTION('',(0.,0.,1.));
#12501=DIRECTION('',(0.,-1.,0.));
#12502=AXIS2_PLACEMENT_3D('',#12499,#12501,#12500);
#12503=PLANE('',#12502);
#12504=CARTESIAN_POINT('',(6.3245553203368,0.,-3.));
#12505=VERTEX_POINT('',#12504);
#12506=CARTESIAN_POINT('',(25.5,0.,-3.));
#12507=VERTEX_POINT('',#12506);
#12508=CARTESIAN_POINT('',(6.3245553203368,0.,-3.));
#12509=DIRECTION('',(1.,0.,0.));
#12510=VECTOR('',#12509,19.175444679663);
#12511=LINE('',#12508,#12510);
#12512=EDGE_CURVE('',#12505,#12507,#12511,.T.);
#12513=ORIENTED_EDGE('',*,*,#12512,.T.);
#12514=CARTESIAN_POINT('',(25.5,0.,3.));
#12515=VERTEX_POINT('',#12514);
#12516=CARTESIAN_POINT('',(25.5,0.,-3.));
#12517=DIRECTION('',(0.,0.,1.));
#12518=VECTOR('',#12517,6.);
#12519=LINE('',#12516,#12518);
#12520=EDGE_CURVE('',#12507,#12515,#12519,.T.);
#12521=ORIENTED_EDGE('',*,*,#12520,.T.);
#12522=CARTESIAN_POINT('',(6.3245553203368,0.,3.));
#12523=VERTEX_POINT('',#12522);
#12524=CARTESIAN_POINT('',(25.5,0.,3.));
#12525=DIRECTION('',(-1.,0.,0.));
#12526=VECTOR('',#12525,19.175444679663);
#12527=LINE('',#12524,#12526);
#12528=EDGE_CURVE('',#12515,#12523,#12527,.T.);
#12529=ORIENTED_EDGE('',*,*,#12528,.T.);
#12530=CARTESIAN_POINT('',(-6.3245553203368,0.,3.));
#12531=VERTEX_POINT('',#12530);
#12532=CARTESIAN_POINT('',(1.3322676295502E-15,0.,4.4408920985006E-15));
#12533=DIRECTION('',(0.90350790290525,0.,0.42857142857143));
#12534=DIRECTION('',(-0.,-1.,0.));
#12535=AXIS2_PLACEMENT_3D('',#12532,#12534,#12533);
#12536=CIRCLE('',#12535,7.);
#12537=EDGE_CURVE('',#12523,#12531,#12536,.T.);
#12538=ORIENTED_EDGE('',*,*,#12537,.T.);
#12539=CARTESIAN_POINT('',(-25.5,0.,3.));
#12540=VERTEX_POINT('',#12539);
#12541=CARTESIAN_POINT('',(-6.3245553203368,0.,3.));
#12542=DIRECTION('',(-1.,0.,0.));
#12543=VECTOR('',#12542,19.175444679663);
#12544=LINE('',#12541,#12543);
#12545=EDGE_CURVE('',#12531,#12540,#12544,.T.);
#12546=ORIENTED_EDGE('',*,*,#12545,.T.);
#12547=CARTESIAN_POINT('',(-25.5,0.,-3.));
#12548=VERTEX_POINT('',#12547);
#12549=CARTESIAN_POINT('',(-25.5,0.,3.));
#12550=DIRECTION('',(0.,0.,-1.));
#12551=VECTOR('',#12550,6.);
#12552=LINE('',#12549,#12551);
#12553=EDGE_CURVE('',#12540,#12548,#12552,.T.);
#12554=ORIENTED_EDGE('',*,*,#12553,.T.);
#12555=CARTESIAN_POINT('',(-25.5,0.,-3.));
#12556=DIRECTION('',(1.,0.,0.));
#12557=VECTOR('',#12556,19.175444679663);
#12558=LINE('',#12555,#12557);
#12559=EDGE_CURVE('',#12548,#12319,#12558,.T.);
#12560=ORIENTED_EDGE('',*,*,#12559,.T.);
#12561=ORIENTED_EDGE('',*,*,#12325,.F.);
#12562=CARTESIAN_POINT('',(1.7763568394003E-15,0.,-3.5527136788005E-15));
#12563=DIRECTION('',(-2.5376526277146E-16,0.,-1.));
#12564=DIRECTION('',(0.,-1.,0.));
#12565=AXIS2_PLACEMENT_3D('',#12562,#12564,#12563);
#12566=CIRCLE('',#12565,7.);
#12567=EDGE_CURVE('',#12311,#12505,#12566,.T.);
#12568=ORIENTED_EDGE('',*,*,#12567,.T.);
#12569=EDGE_LOOP('',(#12513,#12521,#12529,#12538,#12546,#12554,#12560,#12561,#12568));
#12570=FACE_OUTER_BOUND('',#12569,.T.);
#12571=ORIENTED_EDGE('',*,*,#12283,.F.);
#12572=CARTESIAN_POINT('',(-2.6645352591004E-15,0.,-1.3322676295502E-15));
#12573=DIRECTION('',(7.8859849468983E-16,0.,1.));
#12574=DIRECTION('',(0.,1.,0.));
#12575=AXIS2_PLACEMENT_3D('',#12572,#12574,#12573);
#12576=CIRCLE('',#12575,4.);
#12577=EDGE_CURVE('',#12269,#12277,#12576,.T.);
#12578=ORIENTED_EDGE('',*,*,#12577,.T.);
#12579=EDGE_LOOP('',(#12571,#12578));
#12580=FACE_BOUND('',#12579,.T.);
#12581=ADVANCED_FACE('',(#12570,#12580),#12503,.T.);
#12582=CARTESIAN_POINT('',(26.5,9.,3.));
#12583=DIRECTION('',(0.,0.,1.));
#12584=DIRECTION('',(1.,0.,-0.));
#12585=AXIS2_PLACEMENT_3D('',#12582,#12584,#12583);
#12586=PLANE('',#12585);
#12587=CARTESIAN_POINT('',(26.5,12.,3.));
#12588=VERTEX_POINT('',#12587);
#12589=CARTESIAN_POINT('',(26.5,9.,3.));
#12590=VERTEX_POINT('',#12589);
#12591=CARTESIAN_POINT('',(26.5,12.,3.));
#12592=DIRECTION('',(0.,-1.,0.));
#12593=VECTOR('',#12592,3.);
#12594=LINE('',#12591,#12593);
#12595=EDGE_CURVE('',#12588,#12590,#12594,.T.);
#12596=ORIENTED_EDGE('',*,*,#12595,.T.);
#12597=CARTESIAN_POINT('',(26.5,9.,-3.));
#12598=VERTEX_POINT('',#12597);
#12599=CARTESIAN_POINT('',(26.5,9.,3.));
#12600=DIRECTION('',(0.,0.,-1.));
#12601=VECTOR('',#12600,6.);
#12602=LINE('',#12599,#12601);
#12603=EDGE_CURVE('',#12590,#12598,#12602,.T.);
#12604=ORIENTED_EDGE('',*,*,#12603,.T.);
#12605=CARTESIAN_POINT('',(26.5,12.,-3.));
#12606=VERTEX_POINT('',#12605);
#12607=CARTESIAN_POINT('',(26.5,9.,-3.));
#12608=DIRECTION('',(0.,1.,0.));
#12609=VECTOR('',#12608,3.);
#12610=LINE('',#12607,#12609);
#12611=EDGE_CURVE('',#12598,#12606,#12610,.T.);
#12612=ORIENTED_EDGE('',*,*,#12611,.T.);
#12613=CARTESIAN_POINT('',(26.5,12.,-3.));
#12614=DIRECTION('',(0.,0.,1.));
#12615=VECTOR('',#12614,6.);
#12616=LINE('',#12613,#12615);
#12617=EDGE_CURVE('',#12606,#12588,#12616,.T.);
#12618=ORIENTED_EDGE('',*,*,#12617,.T.);
#12619=EDGE_LOOP('',(#12596,#12604,#12612,#12618));
#12620=FACE_OUTER_BOUND('',#12619,.T.);
#12621=ADVANCED_FACE('',(#12620),#12586,.T.);
#12622=CARTESIAN_POINT('',(6.3245553203368,9.,-3.));
#12623=DIRECTION('',(1.,0.,0.));
#12624=DIRECTION('',(0.,0.,-1.));
#12625=AXIS2_PLACEMENT_3D('',#12622,#12624,#12623);
#12626=PLANE('',#12625);
#12627=ORIENTED_EDGE('',*,*,#12611,.F.);
#12628=CARTESIAN_POINT('',(35.757359312881,9.,-3.));
#12629=VERTEX_POINT('',#12628);
#12630=CARTESIAN_POINT('',(26.5,9.,-3.));
#12631=DIRECTION('',(1.,0.,0.));
#12632=VECTOR('',#12631,9.257359312881);
#12633=LINE('',#12630,#12632);
#12634=EDGE_CURVE('',#12598,#12629,#12633,.T.);
#12635=ORIENTED_EDGE('',*,*,#12634,.T.);
#12636=CARTESIAN_POINT('',(41.414213562373,6.6568542494924,-3.));
#12637=VERTEX_POINT('',#12636);
#12638=CARTESIAN_POINT('',(35.757359312881,0.99999999999998,-3.));
#12639=DIRECTION('',(8.8817841970012E-16,1.,-5.5511151231258E-17));
#12640=DIRECTION('',(-3.4884175354786E-17,-8.4217849253729E-17,-1.));
#12641=AXIS2_PLACEMENT_3D('',#12638,#12640,#12639);
#12642=CIRCLE('',#12641,8.);
#12643=EDGE_CURVE('',#12629,#12637,#12642,.T.);
#12644=ORIENTED_EDGE('',*,*,#12643,.T.);
#12645=CARTESIAN_POINT('',(41.414213562373,6.6568542494924,-3.));
#12646=DIRECTION('',(0.70710678118657,-0.70710678118653,0.));
#12647=VECTOR('',#12646,11.485281374239);
#12648=LINE('',#12645,#12647);
#12649=EDGE_CURVE('',#12637,#12202,#12648,.T.);
#12650=ORIENTED_EDGE('',*,*,#12649,.T.);
#12651=ORIENTED_EDGE('',*,*,#12208,.F.);
#12652=ORIENTED_EDGE('',*,*,#12247,.F.);
#12653=CARTESIAN_POINT('',(41.096090817743,-4.0244618243353,-3.));
#12654=VERTEX_POINT('',#12653);
#12655=CARTESIAN_POINT('',(45.999999999999,-4.9999999999999,-3.));
#12656=DIRECTION('',(-1.,-1.1901590823983E-14,-1.1546319456103E-15));
#12657=DIRECTION('',(1.2187469208508E-15,-1.2004695579132E-16,-1.));
#12658=AXIS2_PLACEMENT_3D('',#12655,#12657,#12656);
#12659=CIRCLE('',#12658,4.9999999999993);
#12660=EDGE_CURVE('',#12235,#12654,#12659,.T.);
#12661=ORIENTED_EDGE('',*,*,#12660,.T.);
#12662=CARTESIAN_POINT('',(40.001390596684,-0.41560415905739,-3.));
#12663=VERTEX_POINT('',#12662);
#12664=CARTESIAN_POINT('',(37.172963471938,-3.2440312838036,-3.));
#12665=DIRECTION('',(0.98078183645132,-0.19510763513294,2.2204460492505E-16));
#12666=DIRECTION('',(-1.6869823100463E-16,-5.117242293867E-17,1.));
#12667=AXIS2_PLACEMENT_3D('',#12664,#12666,#12665);
#12668=CIRCLE('',#12667,3.9999999999997);
#12669=EDGE_CURVE('',#12654,#12663,#12668,.T.);
#12670=ORIENTED_EDGE('',*,*,#12669,.T.);
#12671=CARTESIAN_POINT('',(37.757359312881,1.8284271247462,-3.));
#12672=VERTEX_POINT('',#12671);
#12673=CARTESIAN_POINT('',(40.001390596684,-0.41560415905739,-3.));
#12674=DIRECTION('',(-0.70710678118645,0.70710678118664,0.));
#12675=VECTOR('',#12674,3.1735394759441);
#12676=LINE('',#12673,#12675);
#12677=EDGE_CURVE('',#12663,#12672,#12676,.T.);
#12678=ORIENTED_EDGE('',*,*,#12677,.T.);
#12679=CARTESIAN_POINT('',(34.928932188134,3.,-3.));
#12680=VERTEX_POINT('',#12679);
#12681=CARTESIAN_POINT('',(34.928932188134,-0.99999999999999,-3.));
#12682=DIRECTION('',(0.70710678118665,0.70710678118645,1.110223024625E-16));
#12683=DIRECTION('',(-5.2326263032159E-17,-1.2632677388051E-16,1.));
#12684=AXIS2_PLACEMENT_3D('',#12681,#12683,#12682);
#12685=CIRCLE('',#12684,4.0000000000006);
#12686=EDGE_CURVE('',#12672,#12680,#12685,.T.);
#12687=ORIENTED_EDGE('',*,*,#12686,.T.);
#12688=CARTESIAN_POINT('',(34.928932188134,3.,-3.));
#12689=DIRECTION('',(-1.,0.,0.));
#12690=VECTOR('',#12689,8.428932188134);
#12691=LINE('',#12688,#12690);
#12692=EDGE_CURVE('',#12680,#12384,#12691,.T.);
#12693=ORIENTED_EDGE('',*,*,#12692,.T.);
#12694=ORIENTED_EDGE('',*,*,#12389,.F.);
#12695=CARTESIAN_POINT('',(26.5,1.,-3.));
#12696=DIRECTION('',(-0.70710678118655,-0.70710678118655,0.));
#12697=VECTOR('',#12696,1.4142135623731);
#12698=LINE('',#12695,#12697);
#12699=EDGE_CURVE('',#12382,#12507,#12698,.T.);
#12700=ORIENTED_EDGE('',*,*,#12699,.T.);
#12701=ORIENTED_EDGE('',*,*,#12512,.F.);
#12702=CARTESIAN_POINT('',(6.3245553203368,0.,-3.));
#12703=DIRECTION('',(0.,1.,0.));
#12704=VECTOR('',#12703,9.);
#12705=LINE('',#12702,#12704);
#12706=EDGE_CURVE('',#12505,#12471,#12705,.T.);
#12707=ORIENTED_EDGE('',*,*,#12706,.T.);
#12708=ORIENTED_EDGE('',*,*,#12476,.F.);
#12709=CARTESIAN_POINT('',(21.5,12.,-3.));
#12710=VERTEX_POINT('',#12709);
#12711=CARTESIAN_POINT('',(21.5,9.,-3.));
#12712=DIRECTION('',(0.,1.,0.));
#12713=VECTOR('',#12712,3.);
#12714=LINE('',#12711,#12713);
#12715=EDGE_CURVE('',#12463,#12710,#12714,.T.);
#12716=ORIENTED_EDGE('',*,*,#12715,.T.);
#12717=CARTESIAN_POINT('',(21.5,12.,-3.));
#12718=DIRECTION('',(1.,0.,0.));
#12719=VECTOR('',#12718,5.);
#12720=LINE('',#12717,#12719);
#12721=EDGE_CURVE('',#12710,#12606,#12720,.T.);
#12722=ORIENTED_EDGE('',*,*,#12721,.T.);
#12723=EDGE_LOOP('',(#12627,#12635,#12644,#12650,#12651,#12652,#12661,#12670,#12678,#12687,#12693,#12694,#12700,#12701,#12707,#12708,#12716,#12722));
#12724=FACE_OUTER_BOUND('',#12723,.T.);
#12725=CARTESIAN_POINT('',(46.,-5.,-3.));
#12726=DIRECTION('',(1.,5.9211894646675E-16,0.));
#12727=DIRECTION('',(0.,0.,1.));
#12728=AXIS2_PLACEMENT_3D('',#12725,#12727,#12726);
#12729=CIRCLE('',#12728,1.5);
#12730=EDGE_CURVE('',#12152,#12160,#12729,.T.);
#12731=ORIENTED_EDGE('',*,*,#12730,.T.);
#12732=ORIENTED_EDGE('',*,*,#12166,.F.);
#12733=EDGE_LOOP('',(#12731,#12732));
#12734=FACE_BOUND('',#12733,.T.);
#12735=ADVANCED_FACE('',(#12724,#12734),#12626,.T.);
#12736=CARTESIAN_POINT('',(-2.0428103653103E-14,9.,1.2434497875802E-14));
#12737=DIRECTION('',(0.90350790400362,-1.0150610510859E-15,-0.42857142625586));
#12738=DIRECTION('',(-2.9605947323338E-16,-1.,4.9343245538896E-16));
#12739=AXIS2_PLACEMENT_3D('',#12736,#12738,#12737);
#12740=CYLINDRICAL_SURFACE('',#12739,7.);
#12741=ORIENTED_EDGE('',*,*,#12316,.F.);
#12742=ORIENTED_EDGE('',*,*,#12483,.F.);
#12743=ORIENTED_EDGE('',*,*,#12706,.F.);
#12744=ORIENTED_EDGE('',*,*,#12567,.F.);
#12745=EDGE_LOOP('',(#12741,#12742,#12743,#12744));
#12746=FACE_OUTER_BOUND('',#12745,.T.);
#12747=ADVANCED_FACE('',(#12746),#12740,.T.);
#12748=CARTESIAN_POINT('',(-26.5,9.,-3.));
#12749=DIRECTION('',(1.,0.,0.));
#12750=DIRECTION('',(0.,0.,-1.));
#12751=AXIS2_PLACEMENT_3D('',#12748,#12750,#12749);
#12752=PLANE('',#12751);
#12753=CARTESIAN_POINT('',(-21.5,12.,-3.));
#12754=VERTEX_POINT('',#12753);
#12755=CARTESIAN_POINT('',(-21.5,12.,-3.));
#12756=DIRECTION('',(0.,-1.,0.));
#12757=VECTOR('',#12756,3.);
#12758=LINE('',#12755,#12757);
#12759=EDGE_CURVE('',#12754,#12422,#12758,.T.);
#12760=ORIENTED_EDGE('',*,*,#12759,.T.);
#12761=ORIENTED_EDGE('',*,*,#12427,.F.);
#12762=ORIENTED_EDGE('',*,*,#12331,.F.);
#12763=ORIENTED_EDGE('',*,*,#12559,.F.);
#12764=CARTESIAN_POINT('',(-25.5,0.,-3.));
#12765=DIRECTION('',(-0.70710678118655,0.70710678118655,0.));
#12766=VECTOR('',#12765,1.4142135623731);
#12767=LINE('',#12764,#12766);
#12768=EDGE_CURVE('',#12548,#12360,#12767,.T.);
#12769=ORIENTED_EDGE('',*,*,#12768,.T.);
#12770=ORIENTED_EDGE('',*,*,#12365,.F.);
#12771=CARTESIAN_POINT('',(-34.928932188134,3.,-3.));
#12772=VERTEX_POINT('',#12771);
#12773=CARTESIAN_POINT('',(-26.5,3.,-3.));
#12774=DIRECTION('',(-1.,0.,0.));
#12775=VECTOR('',#12774,8.428932188134);
#12776=LINE('',#12773,#12775);
#12777=EDGE_CURVE('',#12352,#12772,#12776,.T.);
#12778=ORIENTED_EDGE('',*,*,#12777,.T.);
#12779=CARTESIAN_POINT('',(-37.757359312881,1.8284271247462,-3.));
#12780=VERTEX_POINT('',#12779);
#12781=CARTESIAN_POINT('',(-34.928932188134,-0.99999999999999,-3.));
#12782=DIRECTION('',(0.,1.,-2.2204460492503E-16));
#12783=DIRECTION('',(-5.2326263032166E-17,1.2632677388053E-16,1.));
#12784=AXIS2_PLACEMENT_3D('',#12781,#12783,#12782);
#12785=CIRCLE('',#12784,4.);
#12786=EDGE_CURVE('',#12772,#12780,#12785,.T.);
#12787=ORIENTED_EDGE('',*,*,#12786,.T.);
#12788=CARTESIAN_POINT('',(-37.757359312881,1.8284271247462,-3.));
#12789=DIRECTION('',(-0.70710678118645,-0.70710678118664,0.));
#12790=VECTOR('',#12789,3.1735394759441);
#12791=LINE('',#12788,#12790);
#12792=EDGE_CURVE('',#12780,#12043,#12791,.T.);
#12793=ORIENTED_EDGE('',*,*,#12792,.T.);
#12794=ORIENTED_EDGE('',*,*,#12049,.F.);
#12795=CARTESIAN_POINT('',(-37.172963471938,-3.2440312838036,-3.));
#12796=DIRECTION('',(-1.,4.7739590058883E-15,5.6621374255884E-15));
#12797=DIRECTION('',(5.7352796275327E-15,5.6492685078269E-16,1.));
#12798=AXIS2_PLACEMENT_3D('',#12795,#12797,#12796);
#12799=CIRCLE('',#12798,3.9999999999999);
#12800=EDGE_CURVE('',#12035,#12085,#12799,.T.);
#12801=ORIENTED_EDGE('',*,*,#12800,.T.);
#12802=ORIENTED_EDGE('',*,*,#12091,.F.);
#12803=ORIENTED_EDGE('',*,*,#12130,.F.);
#12804=CARTESIAN_POINT('',(-49.535533905933,-1.4644660940672,-3.));
#12805=VERTEX_POINT('',#12804);
#12806=CARTESIAN_POINT('',(-46.,-5.,-3.));
#12807=DIRECTION('',(-1.,-3.5527136788005E-16,2.6645352591004E-16));
#12808=DIRECTION('',(-3.0318425731342E-16,1.2558303127723E-16,-1.));
#12809=AXIS2_PLACEMENT_3D('',#12806,#12808,#12807);
#12810=CIRCLE('',#12809,5.);
#12811=EDGE_CURVE('',#12118,#12805,#12810,.T.);
#12812=ORIENTED_EDGE('',*,*,#12811,.T.);
#12813=CARTESIAN_POINT('',(-41.414213562373,6.6568542494924,-3.));
#12814=VERTEX_POINT('',#12813);
#12815=CARTESIAN_POINT('',(-49.535533905933,-1.4644660940672,-3.));
#12816=DIRECTION('',(0.70710678118657,0.70710678118653,0.));
#12817=VECTOR('',#12816,11.485281374239);
#12818=LINE('',#12815,#12817);
#12819=EDGE_CURVE('',#12805,#12814,#12818,.T.);
#12820=ORIENTED_EDGE('',*,*,#12819,.T.);
#12821=CARTESIAN_POINT('',(-35.757359312881,9.,-3.));
#12822=VERTEX_POINT('',#12821);
#12823=CARTESIAN_POINT('',(-35.757359312881,1.,-3.));
#12824=DIRECTION('',(-0.70710678118652,0.70710678118657,1.1102230246252E-16));
#12825=DIRECTION('',(-3.4884175354787E-17,8.4217849253732E-17,-1.));
#12826=AXIS2_PLACEMENT_3D('',#12823,#12825,#12824);
#12827=CIRCLE('',#12826,7.9999999999997);
#12828=EDGE_CURVE('',#12814,#12822,#12827,.T.);
#12829=ORIENTED_EDGE('',*,*,#12828,.T.);
#12830=CARTESIAN_POINT('',(-26.5,9.,-3.));
#12831=VERTEX_POINT('',#12830);
#12832=CARTESIAN_POINT('',(-35.757359312881,9.,-3.));
#12833=DIRECTION('',(1.,0.,0.));
#12834=VECTOR('',#12833,9.257359312881);
#12835=LINE('',#12832,#12834);
#12836=EDGE_CURVE('',#12822,#12831,#12835,.T.);
#12837=ORIENTED_EDGE('',*,*,#12836,.T.);
#12838=CARTESIAN_POINT('',(-26.5,12.,-3.));
#12839=VERTEX_POINT('',#12838);
#12840=CARTESIAN_POINT('',(-26.5,9.,-3.));
#12841=DIRECTION('',(0.,1.,0.));
#12842=VECTOR('',#12841,3.);
#12843=LINE('',#12840,#12842);
#12844=EDGE_CURVE('',#12831,#12839,#12843,.T.);
#12845=ORIENTED_EDGE('',*,*,#12844,.T.);
#12846=CARTESIAN_POINT('',(-26.5,12.,-3.));
#12847=DIRECTION('',(1.,0.,0.));
#12848=VECTOR('',#12847,5.);
#12849=LINE('',#12846,#12848);
#12850=EDGE_CURVE('',#12839,#12754,#12849,.T.);
#12851=ORIENTED_EDGE('',*,*,#12850,.T.);
#12852=EDGE_LOOP('',(#12760,#12761,#12762,#12763,#12769,#12770,#12778,#12787,#12793,#12794,#12801,#12802,#12803,#12812,#12820,#12829,#12837,#12845,#12851));
#12853=FACE_OUTER_BOUND('',#12852,.T.);
#12854=CARTESIAN_POINT('',(-46.,-5.,-3.));
#12855=DIRECTION('',(1.,-2.368475785867E-15,0.));
#12856=DIRECTION('',(0.,0.,1.));
#12857=AXIS2_PLACEMENT_3D('',#12854,#12856,#12855);
#12858=CIRCLE('',#12857,1.5);
#12859=EDGE_CURVE('',#11993,#12001,#12858,.T.);
#12860=ORIENTED_EDGE('',*,*,#12859,.T.);
#12861=ORIENTED_EDGE('',*,*,#12007,.F.);
#12862=EDGE_LOOP('',(#12860,#12861));
#12863=FACE_BOUND('',#12862,.T.);
#12864=ADVANCED_FACE('',(#12853,#12863),#12752,.T.);
#12865=CARTESIAN_POINT('',(-26.5,9.,3.));
#12866=DIRECTION('',(0.,0.,-1.));
#12867=DIRECTION('',(-1.,-0.,-0.));
#12868=AXIS2_PLACEMENT_3D('',#12865,#12867,#12866);
#12869=PLANE('',#12868);
#12870=ORIENTED_EDGE('',*,*,#12844,.F.);
#12871=CARTESIAN_POINT('',(-26.5,9.,3.));
#12872=VERTEX_POINT('',#12871);
#12873=CARTESIAN_POINT('',(-26.5,9.,-3.));
#12874=DIRECTION('',(0.,0.,1.));
#12875=VECTOR('',#12874,6.);
#12876=LINE('',#12873,#12875);
#12877=EDGE_CURVE('',#12831,#12872,#12876,.T.);
#12878=ORIENTED_EDGE('',*,*,#12877,.T.);
#12879=CARTESIAN_POINT('',(-26.5,12.,3.));
#12880=VERTEX_POINT('',#12879);
#12881=CARTESIAN_POINT('',(-26.5,9.,3.));
#12882=DIRECTION('',(0.,1.,0.));
#12883=VECTOR('',#12882,3.);
#12884=LINE('',#12881,#12883);
#12885=EDGE_CURVE('',#12872,#12880,#12884,.T.);
#12886=ORIENTED_EDGE('',*,*,#12885,.T.);
#12887=CARTESIAN_POINT('',(-26.5,12.,3.));
#12888=DIRECTION('',(0.,0.,-1.));
#12889=VECTOR('',#12888,6.);
#12890=LINE('',#12887,#12889);
#12891=EDGE_CURVE('',#12880,#12839,#12890,.T.);
#12892=ORIENTED_EDGE('',*,*,#12891,.T.);
#12893=EDGE_LOOP('',(#12870,#12878,#12886,#12892));
#12894=FACE_OUTER_BOUND('',#12893,.T.);
#12895=ADVANCED_FACE('',(#12894),#12869,.T.);
#12896=CARTESIAN_POINT('',(-26.5,9.,3.));
#12897=DIRECTION('',(-1.,0.,0.));
#12898=DIRECTION('',(0.,0.,1.));
#12899=AXIS2_PLACEMENT_3D('',#12896,#12898,#12897);
#12900=PLANE('',#12899);
#12901=ORIENTED_EDGE('',*,*,#12885,.F.);
#12902=CARTESIAN_POINT('',(-35.757359312881,9.,3.));
#12903=VERTEX_POINT('',#12902);
#12904=CARTESIAN_POINT('',(-26.5,9.,3.));
#12905=DIRECTION('',(-1.,0.,0.));
#12906=VECTOR('',#12905,9.257359312881);
#12907=LINE('',#12904,#12906);
#12908=EDGE_CURVE('',#12872,#12903,#12907,.T.);
#12909=ORIENTED_EDGE('',*,*,#12908,.T.);
#12910=CARTESIAN_POINT('',(-41.414213562373,6.6568542494924,3.));
#12911=VERTEX_POINT('',#12910);
#12912=CARTESIAN_POINT('',(-35.757359312881,1.,3.));
#12913=DIRECTION('',(8.8817841970013E-16,1.,0.));
#12914=DIRECTION('',(-2.6163131516089E-17,6.3163386940297E-17,1.));
#12915=AXIS2_PLACEMENT_3D('',#12912,#12914,#12913);
#12916=CIRCLE('',#12915,8.);
#12917=EDGE_CURVE('',#12903,#12911,#12916,.T.);
#12918=ORIENTED_EDGE('',*,*,#12917,.T.);
#12919=CARTESIAN_POINT('',(-49.535533905933,-1.4644660940672,3.));
#12920=VERTEX_POINT('',#12919);
#12921=CARTESIAN_POINT('',(-41.414213562373,6.6568542494924,3.));
#12922=DIRECTION('',(-0.70710678118657,-0.70710678118653,0.));
#12923=VECTOR('',#12922,11.485281374239);
#12924=LINE('',#12921,#12923);
#12925=EDGE_CURVE('',#12911,#12920,#12924,.T.);
#12926=ORIENTED_EDGE('',*,*,#12925,.T.);
#12927=CARTESIAN_POINT('',(-46.,-5.,3.));
#12928=DIRECTION('',(-0.70710678118657,0.70710678118653,-1.7763568394002E-16));
#12929=DIRECTION('',(-1.3474855880596E-16,5.5814680567654E-17,1.));
#12930=AXIS2_PLACEMENT_3D('',#12927,#12929,#12928);
#12931=CIRCLE('',#12930,5.0000000000002);
#12932=EDGE_CURVE('',#12920,#12109,#12931,.T.);
#12933=ORIENTED_EDGE('',*,*,#12932,.T.);
#12934=ORIENTED_EDGE('',*,*,#12115,.F.);
#12935=ORIENTED_EDGE('',*,*,#12074,.F.);
#12936=CARTESIAN_POINT('',(-37.172963471938,-3.2440312838036,3.));
#12937=DIRECTION('',(-0.98078183645132,-0.19510763513294,2.7755575615629E-15));
#12938=DIRECTION('',(-2.8676398137668E-15,-2.8246342539141E-16,-1.));
#12939=AXIS2_PLACEMENT_3D('',#12936,#12938,#12937);
#12940=CIRCLE('',#12939,3.9999999999999);
#12941=EDGE_CURVE('',#12066,#12026,#12940,.T.);
#12942=ORIENTED_EDGE('',*,*,#12941,.T.);
#12943=ORIENTED_EDGE('',*,*,#12032,.F.);
#12944=CARTESIAN_POINT('',(-37.757359312881,1.8284271247462,3.));
#12945=VERTEX_POINT('',#12944);
#12946=CARTESIAN_POINT('',(-40.001390596684,-0.4156041590574,3.));
#12947=DIRECTION('',(0.70710678118645,0.70710678118664,0.));
#12948=VECTOR('',#12947,3.1735394759441);
#12949=LINE('',#12946,#12948);
#12950=EDGE_CURVE('',#12024,#12945,#12949,.T.);
#12951=ORIENTED_EDGE('',*,*,#12950,.T.);
#12952=CARTESIAN_POINT('',(-34.928932188134,3.,3.));
#12953=VERTEX_POINT('',#12952);
#12954=CARTESIAN_POINT('',(-34.928932188134,-0.99999999999999,3.));
#12955=DIRECTION('',(-0.70710678118665,0.70710678118645,0.));
#12956=DIRECTION('',(5.2326263032159E-17,-1.2632677388051E-16,-1.));
#12957=AXIS2_PLACEMENT_3D('',#12954,#12956,#12955);
#12958=CIRCLE('',#12957,4.0000000000006);
#12959=EDGE_CURVE('',#12945,#12953,#12958,.T.);
#12960=ORIENTED_EDGE('',*,*,#12959,.T.);
#12961=CARTESIAN_POINT('',(-34.928932188134,3.,3.));
#12962=DIRECTION('',(1.,0.,0.));
#12963=VECTOR('',#12962,8.428932188134);
#12964=LINE('',#12961,#12963);
#12965=EDGE_CURVE('',#12953,#12344,#12964,.T.);
#12966=ORIENTED_EDGE('',*,*,#12965,.T.);
#12967=ORIENTED_EDGE('',*,*,#12349,.F.);
#12968=CARTESIAN_POINT('',(-26.5,1.,3.));
#12969=DIRECTION('',(0.70710678118655,-0.70710678118655,0.));
#12970=VECTOR('',#12969,1.4142135623731);
#12971=LINE('',#12968,#12970);
#12972=EDGE_CURVE('',#12342,#12540,#12971,.T.);
#12973=ORIENTED_EDGE('',*,*,#12972,.T.);
#12974=ORIENTED_EDGE('',*,*,#12545,.F.);
#12975=CARTESIAN_POINT('',(-6.3245553203368,0.,3.));
#12976=DIRECTION('',(0.,1.,0.));
#12977=VECTOR('',#12976,9.);
#12978=LINE('',#12975,#12977);
#12979=EDGE_CURVE('',#12531,#12438,#12978,.T.);
#12980=ORIENTED_EDGE('',*,*,#12979,.T.);
#12981=ORIENTED_EDGE('',*,*,#12443,.F.);
#12982=CARTESIAN_POINT('',(-21.5,12.,3.));
#12983=VERTEX_POINT('',#12982);
#12984=CARTESIAN_POINT('',(-21.5,9.,3.));
#12985=DIRECTION('',(0.,1.,0.));
#12986=VECTOR('',#12985,3.);
#12987=LINE('',#12984,#12986);
#12988=EDGE_CURVE('',#12430,#12983,#12987,.T.);
#12989=ORIENTED_EDGE('',*,*,#12988,.T.);
#12990=CARTESIAN_POINT('',(-21.5,12.,3.));
#12991=DIRECTION('',(-1.,0.,0.));
#12992=VECTOR('',#12991,5.);
#12993=LINE('',#12990,#12992);
#12994=EDGE_CURVE('',#12983,#12880,#12993,.T.);
#12995=ORIENTED_EDGE('',*,*,#12994,.T.);
#12996=EDGE_LOOP('',(#12901,#12909,#12918,#12926,#12933,#12934,#12935,#12942,#12943,#12951,#12960,#12966,#12967,#12973,#12974,#12980,#12981,#12989,#12995));
#12997=FACE_OUTER_BOUND('',#12996,.T.);
#12998=CARTESIAN_POINT('',(-46.,-5.,3.));
#12999=DIRECTION('',(-1.,5.9211894646675E-16,0.));
#13000=DIRECTION('',(-2.6803154833089E-16,2.6803154833089E-16,-1.));
#13001=AXIS2_PLACEMENT_3D('',#12998,#13000,#12999);
#13002=CIRCLE('',#13001,1.5);
#13003=EDGE_CURVE('',#11982,#11984,#13002,.T.);
#13004=ORIENTED_EDGE('',*,*,#13003,.T.);
#13005=ORIENTED_EDGE('',*,*,#11990,.F.);
#13006=EDGE_LOOP('',(#13004,#13005));
#13007=FACE_BOUND('',#13006,.T.);
#13008=ADVANCED_FACE('',(#12997,#13007),#12900,.T.);
#13009=CARTESIAN_POINT('',(3.5527136788005E-15,9.,-1.3322676295502E-14));
#13010=DIRECTION('',(-0.90350790289801,-7.6129578831439E-16,0.4285714285867));
#13011=DIRECTION('',(0.,-1.,-8.3883517416123E-16));
#13012=AXIS2_PLACEMENT_3D('',#13009,#13011,#13010);
#13013=CYLINDRICAL_SURFACE('',#13012,7.);
#13014=ORIENTED_EDGE('',*,*,#12537,.F.);
#13015=CARTESIAN_POINT('',(6.3245553203368,0.,3.));
#13016=DIRECTION('',(0.,1.,0.));
#13017=VECTOR('',#13016,9.);
#13018=LINE('',#13015,#13017);
#13019=EDGE_CURVE('',#12523,#12446,#13018,.T.);
#13020=ORIENTED_EDGE('',*,*,#13019,.T.);
#13021=ORIENTED_EDGE('',*,*,#12452,.F.);
#13022=ORIENTED_EDGE('',*,*,#12979,.F.);
#13023=EDGE_LOOP('',(#13014,#13020,#13021,#13022));
#13024=FACE_OUTER_BOUND('',#13023,.T.);
#13025=ADVANCED_FACE('',(#13024),#13013,.T.);
#13026=CARTESIAN_POINT('',(6.3245553203368,9.,3.));
#13027=DIRECTION('',(-1.,0.,0.));
#13028=DIRECTION('',(0.,0.,1.));
#13029=AXIS2_PLACEMENT_3D('',#13026,#13028,#13027);
#13030=PLANE('',#13029);
#13031=CARTESIAN_POINT('',(21.5,12.,3.));
#13032=VERTEX_POINT('',#13031);
#13033=CARTESIAN_POINT('',(21.5,12.,3.));
#13034=DIRECTION('',(0.,-1.,0.));
#13035=VECTOR('',#13034,3.);
#13036=LINE('',#13033,#13035);
#13037=EDGE_CURVE('',#13032,#12455,#13036,.T.);
#13038=ORIENTED_EDGE('',*,*,#13037,.T.);
#13039=ORIENTED_EDGE('',*,*,#12460,.F.);
#13040=ORIENTED_EDGE('',*,*,#13019,.F.);
#13041=ORIENTED_EDGE('',*,*,#12528,.F.);
#13042=CARTESIAN_POINT('',(25.5,0.,3.));
#13043=DIRECTION('',(0.70710678118655,0.70710678118655,0.));
#13044=VECTOR('',#13043,1.4142135623731);
#13045=LINE('',#13042,#13044);
#13046=EDGE_CURVE('',#12515,#12400,#13045,.T.);
#13047=ORIENTED_EDGE('',*,*,#13046,.T.);
#13048=ORIENTED_EDGE('',*,*,#12405,.F.);
#13049=CARTESIAN_POINT('',(34.928932188134,3.,3.));
#13050=VERTEX_POINT('',#13049);
#13051=CARTESIAN_POINT('',(26.5,3.,3.));
#13052=DIRECTION('',(1.,0.,0.));
#13053=VECTOR('',#13052,8.428932188134);
#13054=LINE('',#13051,#13053);
#13055=EDGE_CURVE('',#12392,#13050,#13054,.T.);
#13056=ORIENTED_EDGE('',*,*,#13055,.T.);
#13057=CARTESIAN_POINT('',(37.757359312881,1.8284271247462,3.));
#13058=VERTEX_POINT('',#13057);
#13059=CARTESIAN_POINT('',(34.928932188134,-0.99999999999999,3.));
#13060=DIRECTION('',(0.,1.,3.3306690738755E-16));
#13061=DIRECTION('',(1.2209461374172E-16,2.9476247238791E-16,-1.));
#13062=AXIS2_PLACEMENT_3D('',#13059,#13061,#13060);
#13063=CIRCLE('',#13062,4.);
#13064=EDGE_CURVE('',#13050,#13058,#13063,.T.);
#13065=ORIENTED_EDGE('',*,*,#13064,.T.);
#13066=CARTESIAN_POINT('',(40.001390596684,-0.41560415905739,3.));
#13067=VERTEX_POINT('',#13066);
#13068=CARTESIAN_POINT('',(37.757359312881,1.8284271247462,3.));
#13069=DIRECTION('',(0.70710678118645,-0.70710678118664,0.));
#13070=VECTOR('',#13069,3.1735394759441);
#13071=LINE('',#13068,#13070);
#13072=EDGE_CURVE('',#13058,#13067,#13071,.T.);
#13073=ORIENTED_EDGE('',*,*,#13072,.T.);
#13074=CARTESIAN_POINT('',(41.096090817743,-4.0244618243353,3.));
#13075=VERTEX_POINT('',#13074);
#13076=CARTESIAN_POINT('',(37.172963471938,-3.2440312838036,3.));
#13077=DIRECTION('',(0.70710678118652,0.70710678118657,3.3306690738756E-16));
#13078=DIRECTION('',(2.8116371834104E-16,8.5287371564446E-17,-1.));
#13079=AXIS2_PLACEMENT_3D('',#13076,#13078,#13077);
#13080=CIRCLE('',#13079,3.9999999999999);
#13081=EDGE_CURVE('',#13067,#13075,#13080,.T.);
#13082=ORIENTED_EDGE('',*,*,#13081,.T.);
#13083=CARTESIAN_POINT('',(46.,-5.,3.));
#13084=DIRECTION('',(-0.98078183645133,0.19510763513292,-3.4638958368299E-15));
#13085=DIRECTION('',(-3.5487042695365E-15,3.4954848892184E-16,1.));
#13086=AXIS2_PLACEMENT_3D('',#13083,#13085,#13084);
#13087=CIRCLE('',#13086,5.0000000000008);
#13088=EDGE_CURVE('',#13075,#12226,#13087,.T.);
#13089=ORIENTED_EDGE('',*,*,#13088,.T.);
#13090=ORIENTED_EDGE('',*,*,#12232,.F.);
#13091=ORIENTED_EDGE('',*,*,#12191,.F.);
#13092=CARTESIAN_POINT('',(41.414213562373,6.6568542494924,3.));
#13093=VERTEX_POINT('',#13092);
#13094=CARTESIAN_POINT('',(49.535533905933,-1.4644660940672,3.));
#13095=DIRECTION('',(-0.70710678118657,0.70710678118653,0.));
#13096=VECTOR('',#13095,11.485281374239);
#13097=LINE('',#13094,#13096);
#13098=EDGE_CURVE('',#12183,#13093,#13097,.T.);
#13099=ORIENTED_EDGE('',*,*,#13098,.T.);
#13100=CARTESIAN_POINT('',(35.757359312881,9.,3.));
#13101=VERTEX_POINT('',#13100);
#13102=CARTESIAN_POINT('',(35.757359312881,1.,3.));
#13103=DIRECTION('',(0.70710678118652,0.70710678118657,-5.551115123126E-17));
#13104=DIRECTION('',(8.7210438386967E-18,2.1054462313433E-17,1.));
#13105=AXIS2_PLACEMENT_3D('',#13102,#13104,#13103);
#13106=CIRCLE('',#13105,7.9999999999997);
#13107=EDGE_CURVE('',#13093,#13101,#13106,.T.);
#13108=ORIENTED_EDGE('',*,*,#13107,.T.);
#13109=CARTESIAN_POINT('',(35.757359312881,9.,3.));
#13110=DIRECTION('',(-1.,0.,0.));
#13111=VECTOR('',#13110,9.257359312881);
#13112=LINE('',#13109,#13111);
#13113=EDGE_CURVE('',#13101,#12590,#13112,.T.);
#13114=ORIENTED_EDGE('',*,*,#13113,.T.);
#13115=ORIENTED_EDGE('',*,*,#12595,.F.);
#13116=CARTESIAN_POINT('',(26.5,12.,3.));
#13117=DIRECTION('',(-1.,0.,0.));
#13118=VECTOR('',#13117,5.);
#13119=LINE('',#13116,#13118);
#13120=EDGE_CURVE('',#12588,#13032,#13119,.T.);
#13121=ORIENTED_EDGE('',*,*,#13120,.T.);
#13122=EDGE_LOOP('',(#13038,#13039,#13040,#13041,#13047,#13048,#13056,#13065,#13073,#13082,#13089,#13090,#13091,#13099,#13108,#13114,#13115,#13121));
#13123=FACE_OUTER_BOUND('',#13122,.T.);
#13124=CARTESIAN_POINT('',(46.,-5.,3.));
#13125=DIRECTION('',(-1.,-2.368475785867E-15,0.));
#13126=DIRECTION('',(-2.6803154833089E-16,2.6803154833089E-16,-1.));
#13127=AXIS2_PLACEMENT_3D('',#13124,#13126,#13125);
#13128=CIRCLE('',#13127,1.5);
#13129=EDGE_CURVE('',#12141,#12143,#13128,.T.);
#13130=ORIENTED_EDGE('',*,*,#13129,.T.);
#13131=ORIENTED_EDGE('',*,*,#12149,.F.);
#13132=EDGE_LOOP('',(#13130,#13131));
#13133=FACE_BOUND('',#13132,.T.);
#13134=ADVANCED_FACE('',(#13123,#13133),#13030,.T.);
#13135=CARTESIAN_POINT('',(2.6645352591004E-15,9.,-4.4408920985006E-16));
#13136=DIRECTION('',(-5.5322554514171E-16,0.,-1.));
#13137=DIRECTION('',(4.9343245538896E-17,-1.,4.9343245538896E-17));
#13138=AXIS2_PLACEMENT_3D('',#13135,#13137,#13136);
#13139=CYLINDRICAL_SURFACE('',#13138,4.);
#13140=ORIENTED_EDGE('',*,*,#12274,.F.);
#13141=ORIENTED_EDGE('',*,*,#12494,.F.);
#13142=ORIENTED_EDGE('',*,*,#12289,.F.);
#13143=ORIENTED_EDGE('',*,*,#12577,.F.);
#13144=EDGE_LOOP('',(#13140,#13141,#13142,#13143));
#13145=FACE_OUTER_BOUND('',#13144,.T.);
#13146=ADVANCED_FACE('',(#13145),#13139,.F.);
#13147=CARTESIAN_POINT('',(26.5,1.,3.));
#13148=DIRECTION('',(0.,0.,-1.));
#13149=DIRECTION('',(0.70710678118655,-0.70710678118655,0.));
#13150=AXIS2_PLACEMENT_3D('',#13147,#13149,#13148);
#13151=PLANE('',#13150);
#13152=ORIENTED_EDGE('',*,*,#13046,.F.);
#13153=ORIENTED_EDGE('',*,*,#12520,.F.);
#13154=ORIENTED_EDGE('',*,*,#12699,.F.);
#13155=ORIENTED_EDGE('',*,*,#12411,.F.);
#13156=EDGE_LOOP('',(#13152,#13153,#13154,#13155));
#13157=FACE_OUTER_BOUND('',#13156,.T.);
#13158=ADVANCED_FACE('',(#13157),#13151,.T.);
#13159=CARTESIAN_POINT('',(-26.5,1.,3.));
#13160=DIRECTION('',(0.,0.,1.));
#13161=DIRECTION('',(-0.70710678118655,-0.70710678118655,0.));
#13162=AXIS2_PLACEMENT_3D('',#13159,#13161,#13160);
#13163=PLANE('',#13162);
#13164=ORIENTED_EDGE('',*,*,#12768,.F.);
#13165=ORIENTED_EDGE('',*,*,#12553,.F.);
#13166=ORIENTED_EDGE('',*,*,#12972,.F.);
#13167=ORIENTED_EDGE('',*,*,#12371,.F.);
#13168=EDGE_LOOP('',(#13164,#13165,#13166,#13167));
#13169=FACE_OUTER_BOUND('',#13168,.T.);
#13170=ADVANCED_FACE('',(#13169),#13163,.T.);
#13171=CARTESIAN_POINT('',(21.5,12.,3.));
#13172=DIRECTION('',(0.,0.,-1.));
#13173=DIRECTION('',(-1.,-0.,-0.));
#13174=AXIS2_PLACEMENT_3D('',#13171,#13173,#13172);
#13175=PLANE('',#13174);
#13176=ORIENTED_EDGE('',*,*,#12468,.F.);
#13177=ORIENTED_EDGE('',*,*,#13037,.F.);
#13178=CARTESIAN_POINT('',(21.5,12.,3.));
#13179=DIRECTION('',(0.,0.,-1.));
#13180=VECTOR('',#13179,6.);
#13181=LINE('',#13178,#13180);
#13182=EDGE_CURVE('',#13032,#12710,#13181,.T.);
#13183=ORIENTED_EDGE('',*,*,#13182,.T.);
#13184=ORIENTED_EDGE('',*,*,#12715,.F.);
#13185=EDGE_LOOP('',(#13176,#13177,#13183,#13184));
#13186=FACE_OUTER_BOUND('',#13185,.T.);
#13187=ADVANCED_FACE('',(#13186),#13175,.T.);
#13188=CARTESIAN_POINT('',(0.,12.,0.));
#13189=DIRECTION('',(0.,0.,1.));
#13190=DIRECTION('',(0.,1.,0.));
#13191=AXIS2_PLACEMENT_3D('',#13188,#13190,#13189);
#13192=PLANE('',#13191);
#13193=ORIENTED_EDGE('',*,*,#12617,.F.);
#13194=ORIENTED_EDGE('',*,*,#12721,.F.);
#13195=ORIENTED_EDGE('',*,*,#13182,.F.);
#13196=ORIENTED_EDGE('',*,*,#13120,.F.);
#13197=EDGE_LOOP('',(#13193,#13194,#13195,#13196));
#13198=FACE_OUTER_BOUND('',#13197,.T.);
#13199=ADVANCED_FACE('',(#13198),#13192,.T.);
#13200=CARTESIAN_POINT('',(-21.5,12.,3.));
#13201=DIRECTION('',(0.,0.,1.));
#13202=DIRECTION('',(1.,0.,-0.));
#13203=AXIS2_PLACEMENT_3D('',#13200,#13202,#13201);
#13204=PLANE('',#13203);
#13205=ORIENTED_EDGE('',*,*,#12435,.F.);
#13206=ORIENTED_EDGE('',*,*,#12759,.F.);
#13207=CARTESIAN_POINT('',(-21.5,12.,-3.));
#13208=DIRECTION('',(0.,0.,1.));
#13209=VECTOR('',#13208,6.);
#13210=LINE('',#13207,#13209);
#13211=EDGE_CURVE('',#12754,#12983,#13210,.T.);
#13212=ORIENTED_EDGE('',*,*,#13211,.T.);
#13213=ORIENTED_EDGE('',*,*,#12988,.F.);
#13214=EDGE_LOOP('',(#13205,#13206,#13212,#13213));
#13215=FACE_OUTER_BOUND('',#13214,.T.);
#13216=ADVANCED_FACE('',(#13215),#13204,.T.);
#13217=CARTESIAN_POINT('',(7.105427357601E-15,12.,0.));
#13218=DIRECTION('',(0.,0.,-1.));
#13219=DIRECTION('',(0.,1.,0.));
#13220=AXIS2_PLACEMENT_3D('',#13217,#13219,#13218);
#13221=PLANE('',#13220);
#13222=ORIENTED_EDGE('',*,*,#12891,.F.);
#13223=ORIENTED_EDGE('',*,*,#12994,.F.);
#13224=ORIENTED_EDGE('',*,*,#13211,.F.);
#13225=ORIENTED_EDGE('',*,*,#12850,.F.);
#13226=EDGE_LOOP('',(#13222,#13223,#13224,#13225));
#13227=FACE_OUTER_BOUND('',#13226,.T.);
#13228=ADVANCED_FACE('',(#13227),#13221,.T.);
#13229=CARTESIAN_POINT('',(21.5,9.,3.));
#13230=DIRECTION('',(-1.,2.4918455099822E-16,0.));
#13231=DIRECTION('',(2.4918455099822E-16,1.,-0.));
#13232=AXIS2_PLACEMENT_3D('',#13229,#13231,#13230);
#13233=PLANE('',#13232);
#13234=ORIENTED_EDGE('',*,*,#12603,.F.);
#13235=ORIENTED_EDGE('',*,*,#13113,.F.);
#13236=CARTESIAN_POINT('',(35.757359312881,9.,3.));
#13237=DIRECTION('',(0.,0.,-1.));
#13238=VECTOR('',#13237,6.);
#13239=LINE('',#13236,#13238);
#13240=EDGE_CURVE('',#13101,#12629,#13239,.T.);
#13241=ORIENTED_EDGE('',*,*,#13240,.T.);
#13242=ORIENTED_EDGE('',*,*,#12634,.F.);
#13243=EDGE_LOOP('',(#13234,#13235,#13241,#13242));
#13244=FACE_OUTER_BOUND('',#13243,.T.);
#13245=ADVANCED_FACE('',(#13244),#13233,.T.);
#13246=CARTESIAN_POINT('',(26.5,3.,3.));
#13247=DIRECTION('',(1.,-1.0537259048667E-16,0.));
#13248=DIRECTION('',(-1.0537259048667E-16,-1.,0.));
#13249=AXIS2_PLACEMENT_3D('',#13246,#13248,#13247);
#13250=PLANE('',#13249);
#13251=ORIENTED_EDGE('',*,*,#12692,.F.);
#13252=CARTESIAN_POINT('',(34.928932188134,3.,-3.));
#13253=DIRECTION('',(0.,0.,1.));
#13254=VECTOR('',#13253,6.);
#13255=LINE('',#13252,#13254);
#13256=EDGE_CURVE('',#12680,#13050,#13255,.T.);
#13257=ORIENTED_EDGE('',*,*,#13256,.T.);
#13258=ORIENTED_EDGE('',*,*,#13055,.F.);
#13259=ORIENTED_EDGE('',*,*,#12397,.F.);
#13260=EDGE_LOOP('',(#13251,#13257,#13258,#13259));
#13261=FACE_OUTER_BOUND('',#13260,.T.);
#13262=ADVANCED_FACE('',(#13261),#13250,.T.);
#13263=CARTESIAN_POINT('',(34.928932188134,-0.99999999999998,3.));
#13264=DIRECTION('',(-1.7960271492257E-08,1.,-8.8817841970013E-16));
#13265=DIRECTION('',(0.,-8.8817841970013E-16,-1.));
#13266=AXIS2_PLACEMENT_3D('',#13263,#13265,#13264);
#13267=CYLINDRICAL_SURFACE('',#13266,4.);
#13268=ORIENTED_EDGE('',*,*,#12686,.F.);
#13269=CARTESIAN_POINT('',(37.757359312881,1.8284271247462,-3.));
#13270=DIRECTION('',(0.,0.,1.));
#13271=VECTOR('',#13270,6.);
#13272=LINE('',#13269,#13271);
#13273=EDGE_CURVE('',#12672,#13058,#13272,.T.);
#13274=ORIENTED_EDGE('',*,*,#13273,.T.);
#13275=ORIENTED_EDGE('',*,*,#13064,.F.);
#13276=ORIENTED_EDGE('',*,*,#13256,.F.);
#13277=EDGE_LOOP('',(#13268,#13274,#13275,#13276));
#13278=FACE_OUTER_BOUND('',#13277,.T.);
#13279=ADVANCED_FACE('',(#13278),#13267,.F.);
#13280=CARTESIAN_POINT('',(40.001390596684,-0.4156041590574,3.));
#13281=DIRECTION('',(0.70710678118655,-0.70710678118654,0.));
#13282=DIRECTION('',(-0.70710678118654,-0.70710678118655,0.));
#13283=AXIS2_PLACEMENT_3D('',#13280,#13282,#13281);
#13284=PLANE('',#13283);
#13285=ORIENTED_EDGE('',*,*,#12677,.F.);
#13286=CARTESIAN_POINT('',(40.001390596684,-0.41560415905739,-3.));
#13287=DIRECTION('',(0.,0.,1.));
#13288=VECTOR('',#13287,6.);
#13289=LINE('',#13286,#13288);
#13290=EDGE_CURVE('',#12663,#13067,#13289,.T.);
#13291=ORIENTED_EDGE('',*,*,#13290,.T.);
#13292=ORIENTED_EDGE('',*,*,#13072,.F.);
#13293=ORIENTED_EDGE('',*,*,#13273,.F.);
#13294=EDGE_LOOP('',(#13285,#13291,#13292,#13293));
#13295=FACE_OUTER_BOUND('',#13294,.T.);
#13296=ADVANCED_FACE('',(#13295),#13284,.T.);
#13297=CARTESIAN_POINT('',(37.172963471938,-3.2440312838035,3.));
#13298=DIRECTION('',(0.70710661769638,0.70710694467667,1.1102230246252E-16));
#13299=DIRECTION('',(0.,1.4802973661669E-16,-1.));
#13300=AXIS2_PLACEMENT_3D('',#13297,#13299,#13298);
#13301=CYLINDRICAL_SURFACE('',#13300,4.);
#13302=ORIENTED_EDGE('',*,*,#12669,.F.);
#13303=CARTESIAN_POINT('',(41.096090817743,-4.0244618243353,-3.));
#13304=DIRECTION('',(0.,0.,1.));
#13305=VECTOR('',#13304,6.);
#13306=LINE('',#13303,#13305);
#13307=EDGE_CURVE('',#12654,#13075,#13306,.T.);
#13308=ORIENTED_EDGE('',*,*,#13307,.T.);
#13309=ORIENTED_EDGE('',*,*,#13081,.F.);
#13310=ORIENTED_EDGE('',*,*,#13290,.F.);
#13311=EDGE_LOOP('',(#13302,#13308,#13309,#13310));
#13312=FACE_OUTER_BOUND('',#13311,.T.);
#13313=ADVANCED_FACE('',(#13312),#13301,.F.);
#13314=CARTESIAN_POINT('',(45.999999999999,-4.9999999999999,3.));
#13315=DIRECTION('',(-0.98077870537526,0.19512337400332,0.));
#13316=DIRECTION('',(0.,0.,-1.));
#13317=AXIS2_PLACEMENT_3D('',#13314,#13316,#13315);
#13318=CYLINDRICAL_SURFACE('',#13317,4.9999999999989);
#13319=ORIENTED_EDGE('',*,*,#12240,.F.);
#13320=ORIENTED_EDGE('',*,*,#13088,.F.);
#13321=ORIENTED_EDGE('',*,*,#13307,.F.);
#13322=ORIENTED_EDGE('',*,*,#12660,.F.);
#13323=EDGE_LOOP('',(#13319,#13320,#13321,#13322));
#13324=FACE_OUTER_BOUND('',#13323,.T.);
#13325=ADVANCED_FACE('',(#13324),#13318,.T.);
#13326=CARTESIAN_POINT('',(49.535533905933,-1.4644660940672,3.));
#13327=DIRECTION('',(-0.70710678118655,0.70710678118654,0.));
#13328=DIRECTION('',(0.70710678118654,0.70710678118655,-0.));
#13329=AXIS2_PLACEMENT_3D('',#13326,#13328,#13327);
#13330=PLANE('',#13329);
#13331=ORIENTED_EDGE('',*,*,#12649,.F.);
#13332=CARTESIAN_POINT('',(41.414213562373,6.6568542494924,-3.));
#13333=DIRECTION('',(0.,0.,1.));
#13334=VECTOR('',#13333,6.);
#13335=LINE('',#13332,#13334);
#13336=EDGE_CURVE('',#12637,#13093,#13335,.T.);
#13337=ORIENTED_EDGE('',*,*,#13336,.T.);
#13338=ORIENTED_EDGE('',*,*,#13098,.F.);
#13339=ORIENTED_EDGE('',*,*,#12214,.F.);
#13340=EDGE_LOOP('',(#13331,#13337,#13338,#13339));
#13341=FACE_OUTER_BOUND('',#13340,.T.);
#13342=ADVANCED_FACE('',(#13341),#13330,.T.);
#13343=CARTESIAN_POINT('',(35.757359312881,1.,3.));
#13344=DIRECTION('',(0.70710679388436,0.70710676848874,-5.5511151231259E-16));
#13345=DIRECTION('',(0.,-5.9211894646675E-16,-1.));
#13346=AXIS2_PLACEMENT_3D('',#13343,#13345,#13344);
#13347=CYLINDRICAL_SURFACE('',#13346,7.9999999999998);
#13348=ORIENTED_EDGE('',*,*,#12643,.F.);
#13349=ORIENTED_EDGE('',*,*,#13240,.F.);
#13350=ORIENTED_EDGE('',*,*,#13107,.F.);
#13351=ORIENTED_EDGE('',*,*,#13336,.F.);
#13352=EDGE_LOOP('',(#13348,#13349,#13350,#13351));
#13353=FACE_OUTER_BOUND('',#13352,.T.);
#13354=ADVANCED_FACE('',(#13353),#13347,.T.);
#13355=CARTESIAN_POINT('',(46.,-5.,3.));
#13356=DIRECTION('',(-0.99999999999977,6.8046036065065E-07,-2.9605947323338E-16));
#13357=DIRECTION('',(0.,0.,-1.));
#13358=AXIS2_PLACEMENT_3D('',#13355,#13357,#13356);
#13359=CYLINDRICAL_SURFACE('',#13358,1.5);
#13360=ORIENTED_EDGE('',*,*,#12157,.F.);
#13361=ORIENTED_EDGE('',*,*,#13129,.F.);
#13362=ORIENTED_EDGE('',*,*,#12172,.F.);
#13363=ORIENTED_EDGE('',*,*,#12730,.F.);
#13364=EDGE_LOOP('',(#13360,#13361,#13362,#13363));
#13365=FACE_OUTER_BOUND('',#13364,.T.);
#13366=ADVANCED_FACE('',(#13365),#13359,.F.);
#13367=CARTESIAN_POINT('',(-21.5,9.,3.));
#13368=DIRECTION('',(-1.,-2.4918455099822E-16,0.));
#13369=DIRECTION('',(-2.4918455099822E-16,1.,0.));
#13370=AXIS2_PLACEMENT_3D('',#13367,#13369,#13368);
#13371=PLANE('',#13370);
#13372=ORIENTED_EDGE('',*,*,#12877,.F.);
#13373=ORIENTED_EDGE('',*,*,#12836,.F.);
#13374=CARTESIAN_POINT('',(-35.757359312881,9.,-3.));
#13375=DIRECTION('',(0.,0.,1.));
#13376=VECTOR('',#13375,6.);
#13377=LINE('',#13374,#13376);
#13378=EDGE_CURVE('',#12822,#12903,#13377,.T.);
#13379=ORIENTED_EDGE('',*,*,#13378,.T.);
#13380=ORIENTED_EDGE('',*,*,#12908,.F.);
#13381=EDGE_LOOP('',(#13372,#13373,#13379,#13380));
#13382=FACE_OUTER_BOUND('',#13381,.T.);
#13383=ADVANCED_FACE('',(#13382),#13371,.T.);
#13384=CARTESIAN_POINT('',(-34.928932188134,-1.,3.));
#13385=DIRECTION('',(-0.70710679388647,0.70710676848663,-2.1094237467877E-15));
#13386=DIRECTION('',(1.1842378929335E-15,-8.8817841970012E-16,-1.));
#13387=AXIS2_PLACEMENT_3D('',#13384,#13386,#13385);
#13388=CYLINDRICAL_SURFACE('',#13387,4.0000000000001);
#13389=ORIENTED_EDGE('',*,*,#12786,.F.);
#13390=CARTESIAN_POINT('',(-34.928932188134,3.,-3.));
#13391=DIRECTION('',(0.,0.,1.));
#13392=VECTOR('',#13391,6.);
#13393=LINE('',#13390,#13392);
#13394=EDGE_CURVE('',#12772,#12953,#13393,.T.);
#13395=ORIENTED_EDGE('',*,*,#13394,.T.);
#13396=ORIENTED_EDGE('',*,*,#12959,.F.);
#13397=CARTESIAN_POINT('',(-37.757359312881,1.8284271247462,3.));
#13398=DIRECTION('',(0.,0.,-1.));
#13399=VECTOR('',#13398,6.);
#13400=LINE('',#13397,#13399);
#13401=EDGE_CURVE('',#12945,#12780,#13400,.T.);
#13402=ORIENTED_EDGE('',*,*,#13401,.T.);
#13403=EDGE_LOOP('',(#13389,#13395,#13396,#13402));
#13404=FACE_OUTER_BOUND('',#13403,.T.);
#13405=ADVANCED_FACE('',(#13404),#13388,.F.);
#13406=CARTESIAN_POINT('',(-26.5,3.,3.));
#13407=DIRECTION('',(1.,1.0537259048667E-16,0.));
#13408=DIRECTION('',(1.0537259048667E-16,-1.,0.));
#13409=AXIS2_PLACEMENT_3D('',#13406,#13408,#13407);
#13410=PLANE('',#13409);
#13411=ORIENTED_EDGE('',*,*,#12777,.F.);
#13412=ORIENTED_EDGE('',*,*,#12357,.F.);
#13413=ORIENTED_EDGE('',*,*,#12965,.F.);
#13414=ORIENTED_EDGE('',*,*,#13394,.F.);
#13415=EDGE_LOOP('',(#13411,#13412,#13413,#13414));
#13416=FACE_OUTER_BOUND('',#13415,.T.);
#13417=ADVANCED_FACE('',(#13416),#13410,.T.);
#13418=CARTESIAN_POINT('',(-35.757359312881,0.99999999999989,3.));
#13419=DIRECTION('',(1.7957446196703E-08,1.,-1.3322676295502E-15));
#13420=DIRECTION('',(0.,-5.9211894646675E-16,-1.));
#13421=AXIS2_PLACEMENT_3D('',#13418,#13420,#13419);
#13422=CYLINDRICAL_SURFACE('',#13421,8.0000000000001);
#13423=ORIENTED_EDGE('',*,*,#12828,.F.);
#13424=CARTESIAN_POINT('',(-41.414213562373,6.6568542494924,-3.));
#13425=DIRECTION('',(0.,0.,1.));
#13426=VECTOR('',#13425,6.);
#13427=LINE('',#13424,#13426);
#13428=EDGE_CURVE('',#12814,#12911,#13427,.T.);
#13429=ORIENTED_EDGE('',*,*,#13428,.T.);
#13430=ORIENTED_EDGE('',*,*,#12917,.F.);
#13431=ORIENTED_EDGE('',*,*,#13378,.F.);
#13432=EDGE_LOOP('',(#13423,#13429,#13430,#13431));
#13433=FACE_OUTER_BOUND('',#13432,.T.);
#13434=ADVANCED_FACE('',(#13433),#13422,.T.);
#13435=CARTESIAN_POINT('',(-49.535533905933,-1.4644660940672,3.));
#13436=DIRECTION('',(-0.70710678118655,-0.70710678118654,0.));
#13437=DIRECTION('',(-0.70710678118654,0.70710678118655,0.));
#13438=AXIS2_PLACEMENT_3D('',#13435,#13437,#13436);
#13439=PLANE('',#13438);
#13440=ORIENTED_EDGE('',*,*,#12819,.F.);
#13441=CARTESIAN_POINT('',(-49.535533905933,-1.4644660940672,-3.));
#13442=DIRECTION('',(0.,0.,1.));
#13443=VECTOR('',#13442,6.);
#13444=LINE('',#13441,#13443);
#13445=EDGE_CURVE('',#12805,#12920,#13444,.T.);
#13446=ORIENTED_EDGE('',*,*,#13445,.T.);
#13447=ORIENTED_EDGE('',*,*,#12925,.F.);
#13448=ORIENTED_EDGE('',*,*,#13428,.F.);
#13449=EDGE_LOOP('',(#13440,#13446,#13447,#13448));
#13450=FACE_OUTER_BOUND('',#13449,.T.);
#13451=ADVANCED_FACE('',(#13450),#13439,.T.);
#13452=CARTESIAN_POINT('',(-46.,-5.,3.));
#13453=DIRECTION('',(-0.70710677941671,0.70710678295638,-8.8817841970012E-17));
#13454=DIRECTION('',(0.,0.,-1.));
#13455=AXIS2_PLACEMENT_3D('',#13452,#13454,#13453);
#13456=CYLINDRICAL_SURFACE('',#13455,5.);
#13457=ORIENTED_EDGE('',*,*,#12123,.F.);
#13458=ORIENTED_EDGE('',*,*,#12932,.F.);
#13459=ORIENTED_EDGE('',*,*,#13445,.F.);
#13460=ORIENTED_EDGE('',*,*,#12811,.F.);
#13461=EDGE_LOOP('',(#13457,#13458,#13459,#13460));
#13462=FACE_OUTER_BOUND('',#13461,.T.);
#13463=ADVANCED_FACE('',(#13462),#13456,.T.);
#13464=CARTESIAN_POINT('',(-37.172963471936,-3.2440312838034,3.));
#13465=DIRECTION('',(-0.98077870537527,-0.19512337400326,1.1102230246246E-16));
#13466=DIRECTION('',(0.,2.9605947323338E-16,-1.));
#13467=AXIS2_PLACEMENT_3D('',#13464,#13466,#13465);
#13468=CYLINDRICAL_SURFACE('',#13467,4.0000000000022);
#13469=ORIENTED_EDGE('',*,*,#12040,.F.);
#13470=ORIENTED_EDGE('',*,*,#12941,.F.);
#13471=ORIENTED_EDGE('',*,*,#12097,.F.);
#13472=ORIENTED_EDGE('',*,*,#12800,.F.);
#13473=EDGE_LOOP('',(#13469,#13470,#13471,#13472));
#13474=FACE_OUTER_BOUND('',#13473,.T.);
#13475=ADVANCED_FACE('',(#13474),#13468,.F.);
#13476=CARTESIAN_POINT('',(-40.001390596684,-0.4156041590574,3.));
#13477=DIRECTION('',(0.70710678118655,0.70710678118655,0.));
#13478=DIRECTION('',(0.70710678118655,-0.70710678118655,0.));
#13479=AXIS2_PLACEMENT_3D('',#13476,#13478,#13477);
#13480=PLANE('',#13479);
#13481=ORIENTED_EDGE('',*,*,#12792,.F.);
#13482=ORIENTED_EDGE('',*,*,#13401,.F.);
#13483=ORIENTED_EDGE('',*,*,#12950,.F.);
#13484=ORIENTED_EDGE('',*,*,#12055,.F.);
#13485=EDGE_LOOP('',(#13481,#13482,#13483,#13484));
#13486=FACE_OUTER_BOUND('',#13485,.T.);
#13487=ADVANCED_FACE('',(#13486),#13480,.T.);
#13488=CARTESIAN_POINT('',(-46.,-5.,3.));
#13489=DIRECTION('',(-0.99999999999977,6.8046036597972E-07,-2.9605947323337E-16));
#13490=DIRECTION('',(0.,0.,-1.));
#13491=AXIS2_PLACEMENT_3D('',#13488,#13490,#13489);
#13492=CYLINDRICAL_SURFACE('',#13491,1.5);
#13493=ORIENTED_EDGE('',*,*,#11998,.F.);
#13494=ORIENTED_EDGE('',*,*,#13003,.F.);
#13495=ORIENTED_EDGE('',*,*,#12013,.F.);
#13496=ORIENTED_EDGE('',*,*,#12859,.F.);
#13497=EDGE_LOOP('',(#13493,#13494,#13495,#13496));
#13498=FACE_OUTER_BOUND('',#13497,.T.);
#13499=ADVANCED_FACE('',(#13498),#13492,.F.);
#13500=CLOSED_SHELL('',(#12017,#12059,#12101,#12134,#12176,#12218,#12251,#12293,#12335,#12375,#12415,#12498,#12581,#12621,#12735,#12747,#12864,#12895,#13008,#13025,#13134,#13146,#13158,#13170,#13187,#13199,#13216,#13228,#13245,#13262,#13279,#13296,#13313,#13325,#13342,#13354,#13366,#13383,#13405,#13417,#13434,#13451,#13463,#13475,#13487,#13499));
#13501=COLOUR_RGB('',0.752941,0.752941,0.752941);
#13502=FILL_AREA_STYLE_COLOUR('',#13501);
#13503=FILL_AREA_STYLE('',(#13502));
#13504=SURFACE_STYLE_FILL_AREA(#13503);
#13505=SURFACE_SIDE_STYLE('',(#13504));
#13506=SURFACE_STYLE_USAGE(.BOTH.,#13505);
#13507=PRESENTATION_STYLE_ASSIGNMENT((#13506));
#13508=OVER_RIDING_STYLED_ITEM('',(#13507),#12017,#13500);
#13509=OVER_RIDING_STYLED_ITEM('',(#13507),#12059,#13500);
#13510=OVER_RIDING_STYLED_ITEM('',(#13507),#12101,#13500);
#13511=OVER_RIDING_STYLED_ITEM('',(#13507),#12134,#13500);
#13512=OVER_RIDING_STYLED_ITEM('',(#13507),#12176,#13500);
#13513=OVER_RIDING_STYLED_ITEM('',(#13507),#12218,#13500);
#13514=OVER_RIDING_STYLED_ITEM('',(#13507),#12251,#13500);
#13515=OVER_RIDING_STYLED_ITEM('',(#13507),#12293,#13500);
#13516=OVER_RIDING_STYLED_ITEM('',(#13507),#12335,#13500);
#13517=OVER_RIDING_STYLED_ITEM('',(#13507),#12375,#13500);
#13518=OVER_RIDING_STYLED_ITEM('',(#13507),#12415,#13500);
#13519=OVER_RIDING_STYLED_ITEM('',(#13507),#12498,#13500);
#13520=OVER_RIDING_STYLED_ITEM('',(#13507),#12581,#13500);
#13521=OVER_RIDING_STYLED_ITEM('',(#13507),#12621,#13500);
#13522=OVER_RIDING_STYLED_ITEM('',(#13507),#12735,#13500);
#13523=OVER_RIDING_STYLED_ITEM('',(#13507),#12747,#13500);
#13524=OVER_RIDING_STYLED_ITEM('',(#13507),#12864,#13500);
#13525=OVER_RIDING_STYLED_ITEM('',(#13507),#12895,#13500);
#13526=OVER_RIDING_STYLED_ITEM('',(#13507),#13008,#13500);
#13527=OVER_RIDING_STYLED_ITEM('',(#13507),#13025,#13500);
#13528=OVER_RIDING_STYLED_ITEM('',(#13507),#13134,#13500);
#13529=OVER_RIDING_STYLED_ITEM('',(#13507),#13146,#13500);
#13530=OVER_RIDING_STYLED_ITEM('',(#13507),#13158,#13500);
#13531=OVER_RIDING_STYLED_ITEM('',(#13507),#13170,#13500);
#13532=OVER_RIDING_STYLED_ITEM('',(#13507),#13187,#13500);
#13533=OVER_RIDING_STYLED_ITEM('',(#13507),#13199,#13500);
#13534=OVER_RIDING_STYLED_ITEM('',(#13507),#13216,#13500);
#13535=OVER_RIDING_STYLED_ITEM('',(#13507),#13228,#13500);
#13536=OVER_RIDING_STYLED_ITEM('',(#13507),#13245,#13500);
#13537=OVER_RIDING_STYLED_ITEM('',(#13507),#13262,#13500);
#13538=OVER_RIDING_STYLED_ITEM('',(#13507),#13279,#13500);
#13539=OVER_RIDING_STYLED_ITEM('',(#13507),#13296,#13500);
#13540=OVER_RIDING_STYLED_ITEM('',(#13507),#13313,#13500);
#13541=OVER_RIDING_STYLED_ITEM('',(#13507),#13325,#13500);
#13542=OVER_RIDING_STYLED_ITEM('',(#13507),#13342,#13500);
#13543=OVER_RIDING_STYLED_ITEM('',(#13507),#13354,#13500);
#13544=OVER_RIDING_STYLED_ITEM('',(#13507),#13366,#13500);
#13545=OVER_RIDING_STYLED_ITEM('',(#13507),#13383,#13500);
#13546=OVER_RIDING_STYLED_ITEM('',(#13507),#13405,#13500);
#13547=OVER_RIDING_STYLED_ITEM('',(#13507),#13417,#13500);
#13548=OVER_RIDING_STYLED_ITEM('',(#13507),#13434,#13500);
#13549=OVER_RIDING_STYLED_ITEM('',(#13507),#13451,#13500);
#13550=OVER_RIDING_STYLED_ITEM('',(#13507),#13463,#13500);
#13551=OVER_RIDING_STYLED_ITEM('',(#13507),#13475,#13500);
#13552=OVER_RIDING_STYLED_ITEM('',(#13507),#13487,#13500);
#13553=OVER_RIDING_STYLED_ITEM('',(#13507),#13499,#13500);
#13554=MANIFOLD_SOLID_BREP('凸台-拉伸3',#13500);
#13555=ADVANCED_BREP_SHAPE_REPRESENTATION('',(#13554),#5);
#13556=SHAPE_REPRESENTATION_RELATIONSHIP('NONE', 'NONE', #11974, #13555);
#13557=PRESENTATION_LAYER_ASSIGNMENT('图层000','',(#13554));
#13558=CARTESIAN_POINT('',(0.,0.,0.));
#13559=DIRECTION('',(0.,0.,1.));
#13560=DIRECTION('',(1.,0.,0.));
#13561=AXIS2_PLACEMENT_3D('',#13558,#13559,#13560);
#13562=CARTESIAN_POINT('',(66.540970636842,68.676638841409,65.410596283348));
#13563=DIRECTION('',(0.,0.,1.));
#13564=DIRECTION('',(1.,0.,0.));
#13565=AXIS2_PLACEMENT_3D('',#13562,#13563,#13564);
#13566 = ITEM_DEFINED_TRANSFORMATION('', '', #13561, #13565);
#13567 = (REPRESENTATION_RELATIONSHIP('','',#11974,#28)REPRESENTATION_RELATIONSHIP_WITH_TRANSFORMATION(#13566)SHAPE_REPRESENTATION_RELATIONSHIP());
#13568 = NEXT_ASSEMBLY_USAGE_OCCURRENCE('', '', '', #26, #11972,$ );
#13569 = PRODUCT_DEFINITION_SHAPE('', '', #13568);
#13570 = CONTEXT_DEPENDENT_SHAPE_REPRESENTATION(#13567,#13569);
#13571=CARTESIAN_POINT('',(0.,0.,0.));
#13572=DIRECTION('',(0.,0.,1.));
#13573=DIRECTION('',(1.,0.,0.));
#13574=AXIS2_PLACEMENT_3D('',#13571,#13572,#13573);
#13575=CARTESIAN_POINT('',(20.540970636885,63.676638841395,57.410596283348));
#13576=DIRECTION('',(2.0814768571371E-17,4.0105100230524E-19,1.));
#13577=DIRECTION('',(0.99998986312854,0.0045026259178141,-2.0816363357375E-17));
#13578=AXIS2_PLACEMENT_3D('',#13575,#13576,#13577);
#13579 = ITEM_DEFINED_TRANSFORMATION('', '', #13574, #13578);
#13580 = (REPRESENTATION_RELATIONSHIP('','',#4690,#28)REPRESENTATION_RELATIONSHIP_WITH_TRANSFORMATION(#13579)SHAPE_REPRESENTATION_RELATIONSHIP());
#13581 = NEXT_ASSEMBLY_USAGE_OCCURRENCE('', '', '', #26, #4688,$ );
#13582 = PRODUCT_DEFINITION_SHAPE('', '', #13581);
#13583 = CONTEXT_DEPENDENT_SHAPE_REPRESENTATION(#13580,#13582);
#13584=MECHANICAL_DESIGN_GEOMETRIC_PRESENTATION_REPRESENTATION('',(#3385,#3386,#3387,#3388,#3389,#3390,#3391,#3392,#3393,#3394,#3395,#3396,#3397,#3398,#3399,#3400,#3401,#3402,#3403,#3404,#3405,#3406,#3407,#3408,#3409,#3410,#3411,#3412,#3413,#3414,#3415,#3416,#3417,#3418,#3419,#3420,#3421,#3422,#3423,#3424,#3425,#3426,#3427,#3428,#3429,#3430,#3431,#3432,#3433,#3434,#3435,#3436,#3437,#3438,#3439,#3440,#3441,#3442,#3443,#3444,#3445,#3446,#3447,#3448,#3449,#3450,#3451,#3452,#3453,#3454,#3455,#3456,#3457,#3458,#3459,#3460,#3461,#3462,#3463,#3464,#3465,#3466,#3467,#3468,#3469,#3470,#3471,#3472,#3473,#3474,#3475,#3476,#3477,#3478,#3479,#3480,#3481,#3482,#3483,#4625,#4626,#4627,#4628,#4629,#4630,#4631,#4632,#4633,#4634,#4635,#4636,#4637,#4638,#4639,#4640,#4641,#4642,#4643,#4644,#4645,#4646,#4647,#4648,#4649,#4650,#4651,#4652,#4653,#4654,#4655,#4656,#4657,#4658,#5999,#6000,#6001,#6002,#6003,#6004,#6005,#6006,#6007,#6008,#6009,#6010,#6011,#6012,#6013,#6014,#6015,#6016,#6017,#6018,#6019,#6020,#6021,#6022,#6023,#6024,#6025,#6026,#6027,#6028,#6029,#6030,#6031,#6032,#6033,#6034,#6035,#6036,#6037,#6038,#6039,#6040,#6041,#11762,#11763,#11764,#11765,#11766,#11767,#11768,#11769,#11770,#11771,#11772,#11773,#11774,#11775,#11776,#11777,#11778,#11779,#11780,#11781,#11782,#11783,#11784,#11785,#11786,#11787,#11788,#11789,#11790,#11791,#11792,#11793,#11794,#11795,#11796,#11797,#11798,#11799,#11800,#11801,#11802,#11803,#11804,#11805,#11806,#11807,#11808,#11809,#11810,#11811,#11812,#11813,#11814,#11815,#11816,#11817,#11818,#11819,#11820,#11821,#11822,#11823,#11824,#11825,#11826,#11827,#11828,#11829,#11830,#11831,#11832,#11833,#11834,#11835,#11836,#11837,#11838,#11839,#11840,#11841,#11842,#11843,#11844,#11845,#11846,#11847,#11848,#11849,#11850,#11851,#11852,#11853,#11854,#11855,#11856,#11857,#11858,#11859,#11860,#11861,#11862,#11863,#11864,#11865,#11866,#11867,#11868,#11869,#11870,#11871,#11872,#11873,#11874,#11875,#11876,#11877,#11878,#11879,#11880,#11881,#11882,#11883,#11884,#11885,#11886,#11887,#11888,#11889,#11890,#11891,#11892,#11893,#11894,#11895,#11896,#11897,#11898,#11899,#11900,#11901,#11902,#11903,#11904,#11905,#11906,#11907,#11908,#11909,#11910,#11911,#11912,#11913,#11914,#11915,#11916,#11917,#11918,#11919,#11920,#11921,#11922,#11923,#11924,#11925,#11926,#11927,#11928,#11929,#11930,#11931,#11932,#11933,#11934,#11935,#11936,#11937,#11938,#11939,#11940,#11941,#11942,#13508,#13509,#13510,#13511,#13512,#13513,#13514,#13515,#13516,#13517,#13518,#13519,#13520,#13521,#13522,#13523,#13524,#13525,#13526,#13527,#13528,#13529,#13530,#13531,#13532,#13533,#13534,#13535,#13536,#13537,#13538,#13539,#13540,#13541,#13542,#13543,#13544,#13545,#13546,#13547,#13548,#13549,#13550,#13551,#13552,#13553),#5);
ENDSEC;
END-ISO-10303-21;
